hpo_id,maxo_label
HP:0003784,medical action
HP:0002450,medical action
HP:0025181,medical action
HP:0001194,medical action
HP:0001197,medical action
HP:0025155,medical action
HP:0410169,medical action
HP:0410210,medical action
HP:0001293,medical action
HP:0001291,medical action
HP:0001273,medical action
HP:0025231,medical action
HP:0002585,medical action
HP:0002579,medical action
HP:0002577,medical action
HP:0002597,medical action
HP:0002589,medical action
HP:0025270,medical action
HP:0025354,medical action
HP:0002693,medical action
HP:0003942,medical action
HP:0025463,medical action
HP:0002733,medical action
HP:0003347,medical action
HP:0003358,medical action
HP:0003398,medical action
HP:0003575,medical action
HP:0100727,medical action
HP:0003287,medical action
HP:0030059,medical action
HP:0003288,medical action
HP:0008314,medical action
HP:0008316,medical action
HP:0008347,medical action
HP:0011922,medical action
HP:0011923,medical action
HP:0011924,medical action
HP:0011925,medical action
HP:0003232,medical action
HP:0002928,medical action
HP:0008972,medical action
HP:0008306,medical action
HP:0040015,medical action
HP:0008265,medical action
HP:0200125,medical action
HP:0003647,medical action
HP:0003514,medical action
HP:0020054,medical action
HP:0005546,medical action
HP:0004825,medical action
HP:0005502,medical action
HP:0025016,medical action
HP:0004915,medical action
HP:0011878,medical action
HP:0011879,medical action
HP:0001975,medical action
HP:0031125,medical action
HP:0031124,medical action
HP:0031156,medical action
HP:0011882,medical action
HP:0011881,medical action
HP:0001939,medical action
HP:0012689,medical action
HP:0009025,medical action
HP:0012639,medical action
HP:0011438,medical action
HP:0000927,medical action
HP:0000864,medical action
HP:0000834,medical action
HP:0000849,medical action
HP:0000812,medical action
HP:0010288,medical action
HP:0010287,medical action
HP:0010286,medical action
HP:0045073,medical action
HP:0033137,medical action
HP:0033012,medical action
HP:0012253,medical action
HP:0000271,medical action
HP:0012243,medical action
HP:0002817,medical action
HP:0002814,medical action
HP:0001574,medical action
HP:0000234,medical action
HP:0002847,medical action
HP:0002846,medical action
HP:0002843,medical action
HP:0011028,medical action
HP:0011025,medical action
HP:0011033,medical action
HP:0011032,medical action
HP:0011017,medical action
HP:0011018,medical action
HP:0012338,medical action
HP:0012339,medical action
HP:0012340,medical action
HP:0011004,medical action
HP:0012337,medical action
HP:0012331,medical action
HP:0012332,medical action
HP:0000315,medical action
HP:0001627,medical action
HP:0001732,medical action
HP:0000464,medical action
HP:0011116,medical action
HP:0012448,medical action
HP:0011115,medical action
HP:0012447,medical action
HP:0000471,medical action
HP:0012440,medical action
HP:0012443,medical action
HP:0001743,medical action
HP:0011297,medical action
HP:0012535,medical action
HP:0032245,medical action
HP:0010885,medical action
HP:0031983,medical action
HP:0008775,medical action
HP:0008742,medical action
HP:0031065,medical action
HP:0006009,medical action
HP:0033674,medical action
HP:0031155,medical action
HP:0031131,medical action
HP:0031132,medical action
HP:0031133,medical action
HP:0031272,medical action
HP:0500048,medical action
HP:0031285,medical action
HP:0500019,medical action
HP:0025443,medical action
HP:0005168,medical action
HP:0031299,medical action
HP:0500016,medical action
HP:0500015,medical action
HP:0006278,medical action
HP:0032536,medical action
HP:0032537,medical action
HP:0032576,medical action
HP:0032580,medical action
HP:0011805,medical action
HP:0034430,medical action
HP:0011718,medical action
HP:0034484,medical action
HP:0008178,medical action
HP:0010478,medical action
HP:0030733,medical action
HP:0010479,medical action
HP:0030754,medical action
HP:0010477,medical action
HP:0011915,medical action
HP:0034546,medical action
HP:0033241,medical action
HP:0011855,medical action
HP:0011843,medical action
HP:0011844,medical action
HP:0011842,medical action
HP:0008271,medical action
HP:0002732,ultrasonography procedure
HP:0025699,positron emission tomography procedure
HP:0032241,pap smear examination
HP:0030079,pap smear examination
HP:0032242,pap smear examination
HP:4000153,pap smear examination
HP:0012085,urine cytology examination
HP:0100586,urine cytology examination
HP:0020134,urine cytology examination
HP:0100577,urine cytology examination
HP:0020074,urine cytology examination
HP:0033068,urine cytology examination
HP:0033067,urine cytology examination
HP:0032964,urine cytology examination
HP:0003526,urine cytology examination
HP:0032961,urine cytology examination
HP:0034279,urine cytology examination
HP:0020146,urine cytology examination
HP:0020145,urine cytology examination
HP:0020144,urine cytology examination
HP:0020176,urine cytology examination
HP:0020075,urine cytology examination
HP:0031197,urine cytology examination
HP:0012616,urine cytology examination
HP:0012617,urine cytology examination
HP:0031198,urine cytology examination
HP:0012614,urine cytology examination
HP:0032214,urine cytology examination
HP:0032213,urine cytology examination
HP:0032212,urine cytology examination
HP:0032211,urine cytology examination
HP:0012615,urine cytology examination
HP:0032958,urine cytology examination
HP:0032957,urine cytology examination
HP:0002907,urine cytology examination
HP:0012587,urine cytology examination
HP:0032568,urine cytology examination
HP:0031199,urine cytology examination
HP:0031204,urine cytology examination
HP:0031203,urine cytology examination
HP:0031202,urine cytology examination
HP:0031201,urine cytology examination
HP:0031200,urine cytology examination
HP:0000790,urine cytology examination
HP:0032593,urine cytology examination
HP:0001195,histological examination
HP:0025461,histological examination
HP:0003653,histological examination
HP:0003610,histological examination
HP:0003657,histological examination
HP:0100685,histological examination
HP:0100686,histological examination
HP:0000934,histological examination
HP:0005017,histological examination
HP:0500032,histological examination
HP:0034005,histological examination
HP:0011416,histological examination
HP:0011415,histological examination
HP:0011409,histological examination
HP:0009775,histological examination
HP:0010491,histological examination
HP:0010483,histological examination
HP:0010495,histological examination
HP:0033552,histological examination
HP:0025712,histological examination
HP:0030763,histological examination
HP:0012757,histological examination
HP:0006802,histological examination
HP:0007354,histological examination
HP:4000150,histological examination
HP:0007373,histological examination
HP:0025713,histological examination
HP:0007277,histological examination
HP:0012862,histological examination
HP:0012863,histological examination
HP:0011020,histological examination
HP:0001580,biopsy of adrenal cortex
HP:0012180,biopsy of aorta
HP:0012156,biopsy of bone marrow
HP:0005561,biopsy of bone marrow
HP:0034499,biopsy of bone marrow
HP:0034483,biopsy of bone marrow
HP:0020048,biopsy of bone marrow
HP:0012143,biopsy of bone marrow
HP:0034541,biopsy of bone marrow
HP:0002446,biopsy of brain
HP:0002529,biopsy of brain
HP:0002528,biopsy of brain
HP:0100314,biopsy of brain
HP:0100316,biopsy of brain
HP:0100315,biopsy of brain
HP:0100320,biopsy of brain
HP:0012083,biopsy of brain
HP:0002185,biopsy of brain
HP:0100319,biopsy of brain
HP:0100318,biopsy of brain
HP:0100317,biopsy of brain
HP:0011813,biopsy of brain
HP:0002074,biopsy of brain
HP:0003463,biopsy of brain
HP:0002171,biopsy of brain
HP:0006990,biopsy of brain
HP:0025037,biopsy of brain
HP:0100707,biopsy of brain
HP:0100708,biopsy of brain
HP:0100705,biopsy of brain
HP:0100706,biopsy of brain
HP:0100709,biopsy of brain
HP:0012675,biopsy of brain
HP:0034381,biopsy of brain
HP:0012414,biopsy of duodenum
HP:0033116,biopsy of duodenum
HP:0033117,biopsy of duodenum
HP:0040298,biopsy of endometrium
HP:0410152,biopsy of esophagus
HP:0410151,biopsy of esophagus
HP:0011128,biopsy of esophagus
HP:0034520,biopsy of esophagus
HP:0003338,biopsy of heart
HP:0034364,biopsy of heart
HP:0001685,biopsy of heart
HP:0001706,biopsy of heart
HP:0001700,biopsy of heart
HP:0034532,biopsy of heart
HP:0004362,biopsy of intestine
HP:0025151,biopsy of intestine
HP:0025150,biopsy of intestine
HP:0011465,biopsy of intestine
HP:0011285,biopsy of intestine
HP:0011286,biopsy of intestine
HP:0011464,biopsy of intestine
HP:0011284,biopsy of intestine
HP:0005241,biopsy of intestine
HP:0002251,biopsy of intestine
HP:0025149,biopsy of intestine
HP:0025029,biopsy of intestine
HP:0025030,biopsy of intestine
HP:0030938,biopsy of intestine
HP:0030937,biopsy of intestine
HP:0030936,biopsy of intestine
HP:0025028,biopsy of intestine
HP:0025090,biopsy of large intestine
HP:0032216,biopsy of large intestine
HP:0032203,biopsy of large intestine
HP:0031137,biopsy of liver
HP:0001397,biopsy of liver
HP:0006555,biopsy of liver
HP:0006565,biopsy of liver
HP:0006573,biopsy of liver
HP:0006561,biopsy of liver
HP:0001414,biopsy of liver
HP:0001403,biopsy of liver
HP:0001395,biopsy of liver
HP:0001405,biopsy of liver
HP:0002612,biopsy of liver
HP:0012852,biopsy of liver
HP:0001394,biopsy of liver
HP:0001413,biopsy of liver
HP:0006577,biopsy of liver
HP:0011005,biopsy of liver
HP:0011040,biopsy of liver
HP:0001401,biopsy of liver
HP:0005248,biopsy of liver
HP:0025344,biopsy of liver
HP:0006571,biopsy of liver
HP:0034328,biopsy of liver
HP:0005209,biopsy of liver
HP:0033149,biopsy of liver
HP:0002605,biopsy of liver
HP:0001404,biopsy of liver
HP:0002614,biopsy of liver
HP:0002613,biopsy of liver
HP:0001408,biopsy of liver
HP:0030986,biopsy of liver
HP:0030989,biopsy of liver
HP:0030988,biopsy of liver
HP:0030151,biopsy of liver
HP:0030987,biopsy of liver
HP:0030991,biopsy of liver
HP:0030990,biopsy of liver
HP:0034294,biopsy of liver
HP:0012280,biopsy of liver
HP:0032220,biopsy of liver
HP:0030146,biopsy of liver
HP:0032021,biopsy of liver
HP:0032221,biopsy of liver
HP:0033197,biopsy of liver
HP:0033193,biopsy of liver
HP:0031941,biopsy of liver
HP:0005201,biopsy of liver
HP:0031015,biopsy of liver
HP:0031942,biopsy of liver
HP:0500030,biopsy of liver
HP:0006568,biopsy of liver
HP:0033196,biopsy of liver
HP:0034685,biopsy of liver
HP:0034686,biopsy of liver
HP:0033571,biopsy of lung
HP:0033208,biopsy of lung
HP:0033245,biopsy of lung
HP:0033328,biopsy of lung
HP:0033246,biopsy of lung
HP:0002729,biopsy of lymph node
HP:0002849,biopsy of lymph node
HP:0034582,biopsy of lymph node
HP:0034522,biopsy of lymph node
HP:0034583,biopsy of lymph node
HP:0025126,biopsy of mouth
HP:0025125,biopsy of mouth
HP:0410023,biopsy of mouth
HP:0004303,biopsy of muscle tissue
HP:0003554,biopsy of muscle tissue
HP:0003555,biopsy of muscle tissue
HP:0003687,biopsy of muscle tissue
HP:0100300,biopsy of muscle tissue
HP:0003557,biopsy of muscle tissue
HP:0100303,biopsy of muscle tissue
HP:0100304,biopsy of muscle tissue
HP:0100301,biopsy of muscle tissue
HP:0010602,biopsy of muscle tissue
HP:0100302,biopsy of muscle tissue
HP:0100305,biopsy of muscle tissue
HP:0100306,biopsy of muscle tissue
HP:0031542,biopsy of muscle tissue
HP:0030224,biopsy of muscle tissue
HP:0030225,biopsy of muscle tissue
HP:0030226,biopsy of muscle tissue
HP:0030227,biopsy of muscle tissue
HP:0100293,biopsy of muscle tissue
HP:0030229,biopsy of muscle tissue
HP:0100295,biopsy of muscle tissue
HP:0100296,biopsy of muscle tissue
HP:0100297,biopsy of muscle tissue
HP:0100298,biopsy of muscle tissue
HP:0100299,biopsy of muscle tissue
HP:0030228,biopsy of muscle tissue
HP:0003713,biopsy of muscle tissue
HP:0012084,biopsy of muscle tissue
HP:0034508,biopsy of muscle tissue
HP:0034509,biopsy of muscle tissue
HP:0011807,biopsy of muscle tissue
HP:0030230,biopsy of muscle tissue
HP:0030100,biopsy of muscle tissue
HP:0030101,biopsy of muscle tissue
HP:0030102,biopsy of muscle tissue
HP:0030103,biopsy of muscle tissue
HP:0030104,biopsy of muscle tissue
HP:0030105,biopsy of muscle tissue
HP:0030106,biopsy of muscle tissue
HP:0030107,biopsy of muscle tissue
HP:0030108,biopsy of muscle tissue
HP:0030109,biopsy of muscle tissue
HP:0025717,biopsy of muscle tissue
HP:0030089,biopsy of muscle tissue
HP:0030090,biopsy of muscle tissue
HP:0030091,biopsy of muscle tissue
HP:0030092,biopsy of muscle tissue
HP:0030093,biopsy of muscle tissue
HP:0030094,biopsy of muscle tissue
HP:0030095,biopsy of muscle tissue
HP:0030096,biopsy of muscle tissue
HP:0030097,biopsy of muscle tissue
HP:0030099,biopsy of muscle tissue
HP:0030111,biopsy of muscle tissue
HP:0020201,biopsy of muscle tissue
HP:0020202,biopsy of muscle tissue
HP:0020203,biopsy of muscle tissue
HP:0030115,biopsy of muscle tissue
HP:0030116,biopsy of muscle tissue
HP:0030117,biopsy of muscle tissue
HP:0030114,biopsy of muscle tissue
HP:0030113,biopsy of muscle tissue
HP:0030112,biopsy of muscle tissue
HP:0030110,biopsy of muscle tissue
HP:0030119,biopsy of muscle tissue
HP:0030118,biopsy of muscle tissue
HP:0003805,biopsy of muscle tissue
HP:0003803,biopsy of muscle tissue
HP:0030098,biopsy of muscle tissue
HP:0030046,biopsy of muscle tissue
HP:0003736,biopsy of muscle tissue
HP:0031237,biopsy of muscle tissue
HP:0031238,biopsy of muscle tissue
HP:0003791,biopsy of muscle tissue
HP:0034320,biopsy of muscle tissue
HP:0034045,biopsy of muscle tissue
HP:0030120,biopsy of muscle tissue
HP:0003798,biopsy of muscle tissue
HP:0030122,biopsy of muscle tissue
HP:0030123,biopsy of muscle tissue
HP:0030124,biopsy of muscle tissue
HP:0030121,biopsy of muscle tissue
HP:0033008,biopsy of muscle tissue
HP:0003200,biopsy of muscle tissue
HP:0025200,biopsy of muscle tissue
HP:0033684,biopsy of muscle tissue
HP:0033685,biopsy of muscle tissue
HP:0003755,biopsy of muscle tissue
HP:0003789,biopsy of muscle tissue
HP:0003787,biopsy of muscle tissue
HP:0030951,biopsy of muscle tissue
HP:0040291,biopsy of muscle tissue
HP:0100614,biopsy of muscle tissue
HP:0034635,biopsy of muscle tissue
HP:0034683,biopsy of muscle tissue
HP:0034519,biopsy of muscle tissue
HP:0034510,biopsy of muscle tissue
HP:0034511,biopsy of muscle tissue
HP:0032019,biopsy of muscle tissue
HP:0034571,biopsy of ovary
HP:0034346,biopsy of pancreas
HP:0033757,biopsy of pancreas
HP:0034584,biopsy of pancreas
HP:0025130,biopsy of small intestine
HP:0025129,biopsy of small intestine
HP:0004788,biopsy of small intestine
HP:0011472,biopsy of small intestine
HP:0033996,biopsy of small intestine
HP:0011473,biopsy of small intestine
HP:0033995,biopsy of small intestine
HP:0033143,biopsy of small intestine
HP:0034550,biopsy of small intestine
HP:0034588,biopsy of small intestine
HP:0002398,biopsy of spinal cord
HP:0410147,biopsy of stomach
HP:0011781,biopsy of thyroid gland
HP:0032020,biopsy of bladder
HP:0025092,biopsy of skin
HP:0025122,biopsy of skin
HP:0025117,biopsy of skin
HP:0025115,biopsy of skin
HP:0025114,biopsy of skin
HP:0025082,biopsy of skin
HP:0025164,biopsy of skin
HP:0025165,biopsy of skin
HP:0025166,biopsy of skin
HP:0025167,biopsy of skin
HP:0033801,biopsy of skin
HP:0033804,biopsy of skin
HP:0033803,biopsy of skin
HP:0033802,biopsy of skin
HP:0034194,biopsy of skin
HP:0034193,biopsy of skin
HP:0003341,biopsy of skin
HP:0011124,biopsy of skin
HP:0040189,biopsy of skin
HP:0040190,biopsy of skin
HP:0025524,biopsy of skin
HP:0100792,biopsy of skin
HP:0025525,biopsy of skin
HP:0025526,biopsy of skin
HP:0033807,biopsy of skin
HP:0033806,biopsy of skin
HP:0001036,biopsy of skin
HP:0040009,biopsy of skin
HP:0001029,biopsy of skin
HP:0000962,biopsy of skin
HP:0005595,biopsy of skin
HP:0007448,biopsy of skin
HP:0007468,biopsy of skin
HP:0007570,biopsy of skin
HP:0007390,biopsy of skin
HP:0031288,biopsy of skin
HP:0007502,biopsy of skin
HP:0007501,biopsy of skin
HP:0033707,biopsy of skin
HP:0007543,biopsy of skin
HP:0025080,biopsy of skin
HP:0007490,biopsy of skin
HP:0000222,biopsy of skin
HP:0025083,biopsy of skin
HP:0034067,biopsy of skin
HP:0031538,biopsy of skin
HP:0034256,biopsy of skin
HP:0031540,biopsy of skin
HP:0031541,biopsy of skin
HP:0020117,biopsy of skin
HP:0032449,biopsy of skin
HP:0031539,biopsy of skin
HP:4000107,biopsy of skin
HP:0012309,biopsy of skin
HP:0032348,biopsy of skin
HP:0032347,biopsy of skin
HP:0032346,biopsy of skin
HP:0011135,biopsy of skin
HP:0007387,biopsy of skin
HP:0007592,biopsy of skin
HP:0007397,biopsy of skin
HP:0040042,biopsy of skin
HP:0040043,biopsy of skin
HP:0011136,biopsy of skin
HP:0032226,biopsy of skin
HP:0410400,biopsy of skin
HP:0032227,biopsy of skin
HP:0000971,biopsy of skin
HP:0007500,biopsy of skin
HP:0034426,biopsy of skin
HP:0034573,biopsy of skin
HP:0034580,biopsy of skin
HP:0034579,biopsy of skin
HP:0034578,biopsy of skin
HP:0034577,biopsy of skin
HP:0034576,biopsy of skin
HP:0034575,biopsy of skin
HP:0034574,biopsy of skin
HP:0025521,medical magnetic resonance imaging procedure
HP:0000301,MRI of the head
HP:0030319,MRI of the head
HP:3000018,MRI of the head
HP:3000015,MRI of the head
HP:3000014,MRI of the head
HP:3000013,MRI of the head
HP:3000010,MRI of the head
HP:0430020,MRI of the head
HP:0000338,MRI of the head
HP:3000009,MRI of the head
HP:3000007,MRI of the head
HP:0430019,MRI of the head
HP:0430018,MRI of the head
HP:3000029,MRI of the head
HP:0004660,MRI of the head
HP:3000028,MRI of the head
HP:3000020,MRI of the head
HP:3000071,MRI of the head
HP:3000070,MRI of the head
HP:0011390,MRI of the head
HP:0040106,MRI of the head
HP:0008586,MRI of the head
HP:0011388,MRI of the head
HP:0004458,MRI of the head
HP:0008554,MRI of the head
HP:0011387,MRI of the head
HP:0011386,MRI of the head
HP:0011385,MRI of the head
HP:0011384,MRI of the head
HP:0011383,MRI of the head
HP:0011382,MRI of the head
HP:0011381,MRI of the head
HP:0011380,MRI of the head
HP:0005102,MRI of the head
HP:3000002,MRI of the head
HP:0031000,MRI of the head
HP:0011376,MRI of the head
HP:0000375,MRI of the head
HP:0000376,MRI of the head
HP:0011379,MRI of the head
HP:0011378,MRI of the head
HP:0011377,MRI of the head
HP:0040110,MRI of the head
HP:0011375,MRI of the head
HP:0011374,MRI of the head
HP:0011373,MRI of the head
HP:0011372,MRI of the head
HP:0030999,MRI of the head
HP:0040109,MRI of the head
HP:0011396,MRI of the head
HP:0008774,MRI of the head
HP:0011395,MRI of the head
HP:0011394,MRI of the head
HP:0011393,MRI of the head
HP:0011392,MRI of the head
HP:0011391,MRI of the head
HP:0040108,MRI of the head
HP:0040107,MRI of the head
HP:0100802,MRI of the abdomen
HP:0100800,MRI of the abdomen
HP:0100801,MRI of the abdomen
HP:0002594,MRI of the abdomen
HP:0100811,MRI of the abdomen
HP:0004388,MRI of the abdomen
HP:0500027,MRI of the abdomen
HP:0005210,MRI of the abdomen
HP:0100839,MRI of the abdomen
HP:0012022,MRI of the abdomen
HP:0012437,MRI of the abdomen
HP:0030170,MRI of the abdomen
HP:0005608,MRI of the abdomen
HP:0034504,MRI of the abdomen
HP:0030154,MRI of the abdomen
HP:0034507,MRI of the abdomen
HP:0034506,MRI of the abdomen
HP:0034505,MRI of the abdomen
HP:0032023,MRI of the abdomen
HP:0011980,MRI of the abdomen
HP:0011981,MRI of the abdomen
HP:0011982,MRI of the abdomen
HP:0011983,MRI of the abdomen
HP:0002492,MRI of the brain
HP:0007365,MRI of the brain
HP:0007016,MRI of the brain
HP:0002314,MRI of the brain
HP:0008361,MRI of the brain
HP:0007117,MRI of the brain
HP:0007372,MRI of the brain
HP:0002118,MRI of the brain
HP:0012703,MRI of the brain
HP:0025100,MRI of the brain
HP:0410170,MRI of the brain
HP:0025517,MRI of the brain
HP:0033646,MRI of the brain
HP:0033715,MRI of the brain
HP:0025101,MRI of the brain
HP:0033989,MRI of the brain
HP:0100961,MRI of the brain
HP:0034396,MRI of the brain
HP:0025102,MRI of the brain
HP:0002438,MRI of the brain
HP:0007099,MRI of the brain
HP:0002308,MRI of the brain
HP:0002350,MRI of the brain
HP:0025660,MRI of the brain
HP:0025661,MRI of the brain
HP:0006951,MRI of the brain
HP:0002454,MRI of the brain
HP:0002453,MRI of the brain
HP:0031627,MRI of the brain
HP:0033049,MRI of the brain
HP:0007132,MRI of the brain
HP:0030891,MRI of the brain
HP:0030081,MRI of the brain
HP:0025192,MRI of the brain
HP:0025163,MRI of the brain
HP:0002418,MRI of the brain
HP:0033679,MRI of the brain
HP:0007265,MRI of the brain
HP:0033249,MRI of the brain
HP:0034316,MRI of the brain
HP:0011960,MRI of the brain
HP:0033048,MRI of the brain
HP:0034259,MRI of the brain
HP:0034258,MRI of the brain
HP:0045007,MRI of the brain
HP:0034254,MRI of the brain
HP:0012678,MRI of the brain
HP:0002419,MRI of the brain
HP:0002415,MRI of the brain
HP:0033369,MRI of the brain
HP:0006926,MRI of the brain
HP:0003269,MRI of the brain
HP:0006978,MRI of the brain
HP:0002408,MRI of the brain
HP:0011931,MRI of the brain
HP:0011933,MRI of the brain
HP:0030285,MRI of the brain
HP:0030286,MRI of the brain
HP:0002404,MRI of the brain
HP:0011932,MRI of the brain
HP:0001272,MRI of the brain
HP:0012080,MRI of the brain
HP:0007263,MRI of the brain
HP:0012082,MRI of the brain
HP:0008278,MRI of the brain
HP:0100275,MRI of the brain
HP:0006855,MRI of the brain
HP:0006879,MRI of the brain
HP:0007370,MRI of the brain
HP:0002079,MRI of the brain
HP:0006849,MRI of the brain
HP:0001274,MRI of the brain
HP:0001338,MRI of the brain
HP:0012506,MRI of the brain
HP:0410279,MRI of the brain
HP:0010576,MRI of the brain
HP:0410278,MRI of the brain
HP:0100842,MRI of the brain
HP:0410263,MRI of the brain
HP:0031161,MRI of the brain
HP:0012659,MRI of the brain
HP:0025460,MRI of the brain
HP:0012658,MRI of the brain
HP:0030980,MRI of the brain
HP:0500021,MRI of the brain
HP:0012657,MRI of the brain
HP:0025046,MRI of the brain
HP:0012708,MRI of the brain
HP:0025047,MRI of the brain
HP:0025048,MRI of the brain
HP:0025049,MRI of the brain
HP:0012709,MRI of the brain
HP:0012707,MRI of the brain
HP:0012706,MRI of the brain
HP:0025045,MRI of the brain
HP:0012705,MRI of the brain
HP:0034496,MRI of the brain
HP:0034495,MRI of the brain
HP:0012662,MRI of the brain
HP:0012661,MRI of the brain
HP:0012660,MRI of the brain
HP:0025053,MRI of the brain
HP:0025052,MRI of the brain
HP:0025051,MRI of the brain
HP:0025050,MRI of the brain
HP:0002542,MRI of the brain
HP:0002539,MRI of the brain
HP:0032050,MRI of the brain
HP:0032051,MRI of the brain
HP:0032052,MRI of the brain
HP:0032053,MRI of the brain
HP:0032054,MRI of the brain
HP:0032055,MRI of the brain
HP:0032056,MRI of the brain
HP:0032046,MRI of the brain
HP:0032057,MRI of the brain
HP:0032058,MRI of the brain
HP:0032047,MRI of the brain
HP:0032048,MRI of the brain
HP:0032059,MRI of the brain
HP:0032049,MRI of the brain
HP:0006930,MRI of the brain
HP:0002538,MRI of the brain
HP:0002536,MRI of the brain
HP:0009879,MRI of the brain
HP:0002126,MRI of the brain
HP:0001302,MRI of the brain
HP:0006818,MRI of the brain
HP:0032400,MRI of the brain
HP:0032471,MRI of the brain
HP:0007227,MRI of the brain
HP:0032475,MRI of the brain
HP:0031882,MRI of the brain
HP:0032406,MRI of the brain
HP:0032407,MRI of the brain
HP:0032409,MRI of the brain
HP:0025646,MRI of the brain
HP:0032456,MRI of the brain
HP:0032457,MRI of the brain
HP:0001339,MRI of the brain
HP:0007187,MRI of the brain
HP:0020187,MRI of the brain
HP:0020188,MRI of the brain
HP:0020189,MRI of the brain
HP:0006821,MRI of the brain
HP:0032410,MRI of the brain
HP:0032411,MRI of the brain
HP:0032412,MRI of the brain
HP:0032413,MRI of the brain
HP:0012650,MRI of the brain
HP:0032415,MRI of the brain
HP:0045028,MRI of the brain
HP:0020190,MRI of the brain
HP:0020191,MRI of the brain
HP:0020192,MRI of the brain
HP:0032398,MRI of the brain
HP:0032399,MRI of the brain
HP:0007260,MRI of the brain
HP:0006927,MRI of the brain
HP:0011400,MRI of the brain
HP:0007162,MRI of the brain
HP:0012754,MRI of the brain
HP:0008311,MRI of the brain
HP:0007305,MRI of the brain
HP:0002545,MRI of the brain
HP:0006808,MRI of the brain
HP:0007266,MRI of the brain
HP:0033846,MRI of the brain
HP:0003429,MRI of the brain
HP:0007258,MRI of the brain
HP:0002188,MRI of the brain
HP:0002518,MRI of the brain
HP:0025728,MRI of the brain
HP:0006970,MRI of the brain
HP:0007109,MRI of the brain
HP:0000933,MRI of the brain
HP:0002508,MRI of the brain
HP:0012444,MRI of the brain
HP:0007112,MRI of the brain
HP:0012157,MRI of the brain
HP:0002120,MRI of the brain
HP:0007371,MRI of the brain
HP:0007058,MRI of the brain
HP:0007374,MRI of the brain
HP:0002506,MRI of the brain
HP:0012104,MRI of the brain
HP:0002340,MRI of the brain
HP:0012105,MRI of the brain
HP:0100308,MRI of the brain
HP:0006964,MRI of the brain
HP:0002283,MRI of the brain
HP:0007369,MRI of the brain
HP:0002059,MRI of the brain
HP:0006913,MRI of the brain
HP:0006892,MRI of the brain
HP:0007313,MRI of the brain
HP:0001360,MRI of the brain
HP:0002507,MRI of the brain
HP:0006870,MRI of the brain
HP:0006988,MRI of the brain
HP:0025670,MRI of the brain
HP:0030779,MRI of the brain
HP:0002500,MRI of the brain
HP:0007042,MRI of the brain
HP:0040333,MRI of the brain
HP:0040332,MRI of the brain
HP:0040331,MRI of the brain
HP:0040330,MRI of the brain
HP:0012430,MRI of the brain
HP:0007074,MRI of the brain
HP:0012794,MRI of the brain
HP:0040328,MRI of the brain
HP:0040329,MRI of the brain
HP:0007204,MRI of the brain
HP:0200011,MRI of the brain
HP:0200017,MRI of the brain
HP:0007321,MRI of the brain
HP:0200012,MRI of the brain
HP:0030890,MRI of the brain
HP:0030892,MRI of the brain
HP:0006989,MRI of the brain
HP:0012429,MRI of the brain
HP:0034054,MRI of the brain
HP:0012502,MRI of the brain
HP:0034051,MRI of the brain
HP:0034295,MRI of the brain
HP:0033725,MRI of the brain
HP:0007103,MRI of the brain
HP:0030798,MRI of the brain
HP:0030797,MRI of the brain
HP:0006812,MRI of the brain
HP:0007052,MRI of the brain
HP:0007341,MRI of the brain
HP:0034007,MRI of the brain
HP:0031948,MRI of the brain
HP:0030303,MRI of the brain
HP:0030302,MRI of the brain
HP:0030301,MRI of the brain
HP:0012762,MRI of the brain
HP:0001355,MRI of the brain
HP:0034329,MRI of the brain
HP:0007206,MRI of the brain
HP:0034220,MRI of the brain
HP:0012097,MRI of the brain
HP:0007291,MRI of the brain
HP:0012096,MRI of the brain
HP:0012683,MRI of the brain
HP:0006799,MRI of the brain
HP:0012489,MRI of the brain
HP:0012488,MRI of the brain
HP:0012487,MRI of the brain
HP:0012081,MRI of the brain
HP:0007375,MRI of the brain
HP:0001331,MRI of the brain
HP:0030283,MRI of the brain
HP:0002389,MRI of the brain
HP:0025057,MRI of the brain
HP:0001341,MRI of the brain
HP:0006894,MRI of the brain
HP:0001320,MRI of the brain
HP:0007068,MRI of the brain
HP:0007360,MRI of the brain
HP:0012642,MRI of the brain
HP:0001321,MRI of the brain
HP:0007063,MRI of the brain
HP:0002335,MRI of the brain
HP:0006955,MRI of the brain
HP:0100307,MRI of the brain
HP:0006817,MRI of the brain
HP:0002951,MRI of the brain
HP:0001317,MRI of the brain
HP:0033668,MRI of the brain
HP:0025444,MRI of the brain
HP:0033988,MRI of the brain
HP:0033669,MRI of the brain
HP:0002134,MRI of the brain
HP:0040140,MRI of the brain
HP:0031982,MRI of the brain
HP:0012128,MRI of the brain
HP:0010994,MRI of the brain
HP:0034180,MRI of the brain
HP:0007007,MRI of the brain
HP:0012751,MRI of the brain
HP:0007183,MRI of the brain
HP:0012752,MRI of the brain
HP:0012753,MRI of the brain
HP:0007039,MRI of the brain
HP:0006999,MRI of the brain
HP:0002339,MRI of the brain
HP:0025039,MRI of the brain
HP:0007146,MRI of the brain
HP:0007048,MRI of the brain
HP:0041052,MRI of the brain
HP:0025012,MRI of the brain
HP:0200147,MRI of the brain
HP:0012697,MRI of the brain
HP:0012644,MRI of the brain
HP:0031206,MRI of the brain
HP:0007361,MRI of the brain
HP:0041056,MRI of the brain
HP:0006850,MRI of the brain
HP:0030975,MRI of the brain
HP:0012110,MRI of the brain
HP:0040327,MRI of the brain
HP:0040326,MRI of the brain
HP:0032466,MRI of the brain
HP:0500009,MRI of the brain
HP:0020185,MRI of the brain
HP:0002334,MRI of the brain
HP:0002195,MRI of the brain
HP:0007065,MRI of the brain
HP:0100321,MRI of the brain
HP:0007033,MRI of the brain
HP:0031422,MRI of the brain
HP:0031423,MRI of the brain
HP:0034355,MRI of the brain
HP:0006899,MRI of the brain
HP:0033744,MRI of the brain
HP:0033745,MRI of the brain
HP:0007001,MRI of the brain
HP:0012460,MRI of the brain
HP:0031913,MRI of the brain
HP:0007047,MRI of the brain
HP:0007352,MRI of the brain
HP:0030915,MRI of the brain
HP:0012698,MRI of the brain
HP:0002060,MRI of the brain
HP:0002181,MRI of the brain
HP:0002282,MRI of the brain
HP:0032396,MRI of the brain
HP:0007165,MRI of the brain
HP:0032389,MRI of the brain
HP:0032388,MRI of the brain
HP:0032395,MRI of the brain
HP:0032394,MRI of the brain
HP:0032393,MRI of the brain
HP:0032392,MRI of the brain
HP:0032391,MRI of the brain
HP:0032390,MRI of the brain
HP:0007362,MRI of the brain
HP:0002365,MRI of the brain
HP:0002363,MRI of the brain
HP:0002352,MRI of the brain
HP:0006943,MRI of the brain
HP:0006994,MRI of the brain
HP:0006980,MRI of the brain
HP:0006859,MRI of the brain
HP:0010663,MRI of the brain
HP:0012695,MRI of the brain
HP:0025099,MRI of the brain
HP:0012694,MRI of the brain
HP:0012693,MRI of the brain
HP:0012692,MRI of the brain
HP:0012691,MRI of the brain
HP:0012690,MRI of the brain
HP:0010664,MRI of the brain
HP:0025064,MRI of the brain
HP:0025041,MRI of the brain
HP:0025040,MRI of the brain
HP:0012696,MRI of the brain
HP:0031254,MRI of the brain
HP:0012286,MRI of the brain
HP:0025098,MRI of the brain
HP:0025058,MRI of the brain
HP:0033105,MRI of the brain
HP:0031255,MRI of the brain
HP:0012681,MRI of the brain
HP:0012687,MRI of the brain
HP:0012686,MRI of the brain
HP:0012685,MRI of the brain
HP:0012684,MRI of the brain
HP:0012682,MRI of the brain
HP:0012747,MRI of the brain
HP:0012749,MRI of the brain
HP:0012748,MRI of the brain
HP:0012750,MRI of the brain
HP:0012731,MRI of the brain
HP:0012793,MRI of the brain
HP:0011441,MRI of the brain
HP:0008303,MRI of the brain
HP:0012755,MRI of the brain
HP:0034205,MRI of the brain
HP:0000932,MRI of the brain
HP:0033140,MRI of the brain
HP:0012366,MRI of the brain
HP:0040011,MRI of the brain
HP:0040010,MRI of the brain
HP:0005759,MRI of the brain
HP:0010558,MRI of the brain
HP:0010559,MRI of the brain
HP:0000931,MRI of the brain
HP:0005758,MRI of the brain
HP:0030724,MRI of the brain
HP:0025643,MRI of the brain
HP:0030727,MRI of the brain
HP:0030726,MRI of the brain
HP:0030725,MRI of the brain
HP:0002977,MRI of the brain
HP:0007364,MRI of the brain
HP:0007363,MRI of the brain
HP:0010999,MRI of the brain
HP:0011000,MRI of the brain
HP:0007036,MRI of the brain
HP:0006872,MRI of the brain
HP:0007348,MRI of the brain
HP:0100322,MRI of the brain
HP:0007333,MRI of the brain
HP:0007268,MRI of the brain
HP:0007096,MRI of the brain
HP:0025714,MRI of the brain
HP:0010636,MRI of the brain
HP:0025702,MRI of the brain
HP:0025703,MRI of the brain
HP:0025704,MRI of the brain
HP:0011283,MRI of the brain
HP:0007027,MRI of the brain
HP:0011282,MRI of the brain
HP:0012504,MRI of the brain
HP:0012505,MRI of the brain
HP:0012501,MRI of the brain
HP:0007366,MRI of the brain
HP:0007367,MRI of the brain
HP:0006827,MRI of the brain
HP:0007344,MRI of the brain
HP:0007009,MRI of the brain
HP:0500028,MRI of the brain
HP:0100256,MRI of the brain
HP:0010993,MRI of the brain
HP:0007343,MRI of the brain
HP:0034405,MRI of the brain
HP:0033645,MRI of the brain
HP:0011753,MRI of the brain
HP:0011757,MRI of the brain
HP:0011756,MRI of the brain
HP:0011755,MRI of the brain
HP:0010662,MRI of the brain
HP:0003809,MRI of the chest
HP:0002616,MRI of the chest
HP:0001679,MRI of the chest
HP:0011646,MRI of the chest
HP:0011645,MRI of the chest
HP:0031834,MRI of the chest
HP:0005295,MRI of the chest
HP:0031313,MRI of the chest
HP:0012499,MRI of the chest
HP:0005113,MRI of the chest
HP:0005112,MRI of the chest
HP:0001680,MRI of the chest
HP:0004970,MRI of the chest
HP:0032090,MRI of the chest
HP:0032091,MRI of the chest
HP:0004974,MRI of the chest
HP:0031711,MRI of the chest
HP:0031643,MRI of the chest
HP:0031644,MRI of the chest
HP:0031645,MRI of the chest
HP:0031646,MRI of the chest
HP:0031647,MRI of the chest
HP:0031648,MRI of the chest
HP:0031649,MRI of the chest
HP:0031053,MRI of the chest
HP:0031054,MRI of the chest
HP:0006687,MRI of the chest
HP:0002623,MRI of the chest
HP:0025494,MRI of the chest
HP:0200146,MRI of the chest
HP:0025495,MRI of the chest
HP:0034227,MRI of the chest
HP:0034228,MRI of the chest
HP:0034229,MRI of the chest
HP:0012727,MRI of the chest
HP:0012728,MRI of the chest
HP:0031784,MRI of the chest
HP:0012729,MRI of the chest
HP:0004933,MRI of the chest
HP:0011611,MRI of the chest
HP:0011612,MRI of the chest
HP:0011613,MRI of the chest
HP:0011614,MRI of the chest
HP:0033311,MRI of the chest
HP:0031932,MRI of the chest
HP:0031933,MRI of the chest
HP:0031934,MRI of the chest
HP:0031935,MRI of the chest
HP:0004942,MRI of the chest
HP:0011627,MRI of the chest
HP:0005151,MRI of the chest
HP:0032079,MRI of the chest
HP:0004959,MRI of the chest
HP:0012303,MRI of the chest
HP:0012304,MRI of the chest
HP:0012305,MRI of the chest
HP:0032081,MRI of the chest
HP:0004962,MRI of the chest
HP:0004963,MRI of the chest
HP:0032082,MRI of the chest
HP:0032083,MRI of the chest
HP:0032084,MRI of the chest
HP:0032085,MRI of the chest
HP:0032086,MRI of the chest
HP:0032087,MRI of the chest
HP:0032088,MRI of the chest
HP:0032089,MRI of the chest
HP:0005303,MRI of the chest
HP:0011647,MRI of the chest
HP:0100681,MRI of the chest
HP:0032973,bronchoaveolar lavage
HP:0032975,bronchoaveolar lavage
HP:0032979,bronchoaveolar lavage
HP:0032978,bronchoaveolar lavage
HP:0032986,bronchoaveolar lavage
HP:0032985,bronchoaveolar lavage
HP:0032974,bronchoaveolar lavage
HP:0032984,bronchoaveolar lavage
HP:0006517,bronchoaveolar lavage
HP:0032981,bronchoaveolar lavage
HP:0032980,bronchoaveolar lavage
HP:0033174,bronchoaveolar lavage
HP:0033173,bronchoaveolar lavage
HP:0032977,bronchoaveolar lavage
HP:0032987,bronchoaveolar lavage
HP:0032976,bronchoaveolar lavage
HP:0003835,orthopedic surgeon evaluation
HP:0001373,orthopedic surgeon evaluation
HP:0005001,orthopedic surgeon evaluation
HP:0003994,orthopedic surgeon evaluation
HP:0005070,orthopedic surgeon evaluation
HP:0003042,orthopedic surgeon evaluation
HP:0005191,orthopedic surgeon evaluation
HP:0031869,orthopedic surgeon evaluation
HP:0005798,orthopedic surgeon evaluation
HP:0005050,orthopedic surgeon evaluation
HP:0003834,orthopedic surgeon evaluation
HP:0001374,orthopedic surgeon evaluation
HP:0008826,orthopedic surgeon evaluation
HP:0005084,orthopedic surgeon evaluation
HP:0006243,orthopedic surgeon evaluation
HP:0004976,orthopedic surgeon evaluation
HP:0002827,orthopedic surgeon evaluation
HP:0002999,orthopedic surgeon evaluation
HP:0012095,orthopedic surgeon evaluation
HP:0005856,orthopedic surgeon evaluation
HP:0031610,orthopedic surgeon evaluation
HP:0003083,orthopedic surgeon evaluation
HP:0030311,orthopedic surgeon evaluation
HP:0030310,orthopedic surgeon evaluation
HP:0008780,orthopedic surgeon evaluation
HP:0008141,orthopedic surgeon evaluation
HP:0005021,orthopedic surgeon evaluation
HP:0005008,orthopedic surgeon evaluation
HP:0025317,orthopedic surgeon evaluation
HP:0004637,orthopedic surgeon evaluation
HP:0003306,orthopedic surgeon evaluation
HP:0003318,orthopedic surgeon evaluation
HP:0100550,orthopedic surgeon evaluation
HP:0003467,orthopedic surgeon evaluation
HP:0003413,orthopedic surgeon evaluation
HP:0003414,orthopedic surgeon evaluation
HP:0100773,orthopedic surgeon evaluation
HP:0100769,orthopedic surgeon evaluation
HP:0025004,orthopedic surgeon evaluation
HP:0034392,orthopedic surgeon evaluation
HP:0034366,orthopedic surgeon evaluation
HP:0008082,orthopedic surgeon evaluation
HP:0100261,orthopedic surgeon evaluation
HP:0032523,orthopedic surgeon evaluation
HP:0032201,orthopedic surgeon evaluation
HP:0005109,orthopedic surgeon evaluation
HP:0012276,orthopedic surgeon evaluation
HP:0010500,orthopedic surgeon evaluation
HP:0002816,orthopedic surgeon evaluation
HP:0001883,orthopedic surgeon evaluation
HP:0001884,orthopedic surgeon evaluation
HP:0008124,orthopedic surgeon evaluation
HP:0005850,orthopedic surgeon evaluation
HP:0001772,orthopedic surgeon evaluation
HP:0010886,orthopedic surgeon evaluation
HP:0010891,orthopedic surgeon evaluation
HP:0008478,orthopedic surgeon evaluation
HP:0006256,orthopedic surgeon evaluation
HP:0008132,orthopedic surgeon evaluation
HP:0008110,orthopedic surgeon evaluation
HP:0033127,orthopedic surgeon evaluation
HP:0033129,orthopedic surgeon evaluation
HP:0034665,orthopedic surgeon evaluation
HP:0034666,orthopedic surgeon evaluation
HP:0009600,orthopedic surgeon evaluation
HP:0034667,orthopedic surgeon evaluation
HP:0034670,orthopedic surgeon evaluation
HP:0034674,orthopedic surgeon evaluation
HP:0006460,orthopedic surgeon evaluation
HP:0034675,orthopedic surgeon evaluation
HP:0034676,orthopedic surgeon evaluation
HP:0034681,orthopedic surgeon evaluation
HP:0034682,orthopedic surgeon evaluation
HP:0025142,clinical assessment
HP:0009763,clinical assessment
HP:0002607,clinical assessment
HP:0011848,clinical assessment
HP:0030943,clinical assessment
HP:0030166,clinical assessment
HP:0012531,clinical assessment
HP:0012533,clinical assessment
HP:0012378,clinical assessment
HP:0012532,clinical assessment
HP:0033400,clinical assessment
HP:0025238,clinical assessment
HP:0010992,clinical assessment
HP:0200026,clinical assessment
HP:0200025,clinical assessment
HP:0005059,clinical assessment
HP:0002829,clinical assessment
HP:0030857,clinical assessment
HP:0030155,clinical assessment
HP:0030157,clinical assessment
HP:0500001,clinical assessment
HP:0032546,clinical assessment
HP:0032545,clinical assessment
HP:0500005,clinical assessment
HP:0033236,clinical assessment
HP:0032155,clinical assessment
HP:0033850,clinical assessment
HP:0033695,clinical assessment
HP:0033771,clinical assessment
HP:0032150,clinical assessment
HP:0025145,clinical assessment
HP:0025144,clinical assessment
HP:0025143,clinical assessment
HP:0100758,clinical assessment
HP:0012513,clinical assessment
HP:0012514,clinical assessment
HP:0002574,clinical assessment
HP:0030840,clinical assessment
HP:0030841,clinical assessment
HP:0031921,clinical assessment
HP:0030766,clinical assessment
HP:0003738,clinical assessment
HP:0012432,clinical assessment
HP:0032149,clinical assessment
HP:0032148,clinical assessment
HP:0032147,clinical assessment
HP:0012431,clinical assessment
HP:0031064,clinical assessment
HP:0002653,clinical assessment
HP:0031063,clinical assessment
HP:0032142,clinical assessment
HP:0032141,clinical assessment
HP:0031062,clinical assessment
HP:0031061,clinical assessment
HP:0031060,clinical assessment
HP:0410281,clinical assessment
HP:0003418,clinical assessment
HP:0003419,clinical assessment
HP:0033834,clinical assessment
HP:0033839,clinical assessment
HP:0100749,clinical assessment
HP:0030839,clinical assessment
HP:0030838,clinical assessment
HP:0030837,clinical assessment
HP:0030836,clinical assessment
HP:0030835,clinical assessment
HP:0030834,clinical assessment
HP:0030833,clinical assessment
HP:0031217,clinical assessment
HP:0031520,clinical assessment
HP:0006649,clinical assessment
HP:0001645,clinical assessment
HP:0031059,clinical assessment
HP:0031058,clinical assessment
HP:0033675,clinical assessment
HP:0002027,clinical assessment
HP:0100661,clinical assessment
HP:0000020,clinical assessment
HP:0033050,clinical assessment
HP:0033667,clinical assessment
HP:0033746,clinical assessment
HP:0100812,clinical assessment
HP:0030973,clinical assessment
HP:0033665,clinical assessment
HP:0033666,clinical assessment
HP:0032510,clinical assessment
HP:0003326,clinical assessment
HP:0033047,clinical assessment
HP:0031352,clinical assessment
HP:0030811,clinical assessment
HP:0011868,clinical assessment
HP:0003546,clinical assessment
HP:0001699,clinical assessment
HP:0033345,clinical assessment
HP:0034267,clinical assessment
HP:0034265,clinical assessment
HP:0410022,clinical assessment
HP:0410021,clinical assessment
HP:0410020,clinical assessment
HP:0025096,clinical assessment
HP:0025095,clinical assessment
HP:0046506,clinical assessment
HP:0046505,clinical assessment
HP:0032102,clinical assessment
HP:0012318,clinical assessment
HP:0410019,clinical assessment
HP:0025406,clinical assessment
HP:0033258,clinical assessment
HP:0040264,clinical assessment
HP:0100247,clinical assessment
HP:0040183,clinical assessment
HP:0032171,clinical assessment
HP:0001176,clinical assessment
HP:0001178,clinical assessment
HP:0001171,clinical assessment
HP:0001169,clinical assessment
HP:0001188,clinical assessment
HP:0001382,clinical assessment
HP:0005190,clinical assessment
HP:0005620,clinical assessment
HP:0006149,clinical assessment
HP:0006094,clinical assessment
HP:0005692,clinical assessment
HP:0005072,clinical assessment
HP:0006201,clinical assessment
HP:0045087,clinical assessment
HP:0045086,clinical assessment
HP:0005639,clinical assessment
HP:0001187,clinical assessment
HP:0005722,clinical assessment
HP:0010485,clinical assessment
HP:0025131,clinical assessment
HP:0001180,clinical assessment
HP:0006230,clinical assessment
HP:0004058,clinical assessment
HP:0006210,clinical assessment
HP:0100807,clinical assessment
HP:0001166,clinical assessment
HP:0001182,clinical assessment
HP:0001181,clinical assessment
HP:0001155,clinical assessment
HP:0025118,clinical assessment
HP:0025119,clinical assessment
HP:0001167,clinical assessment
HP:0025112,clinical assessment
HP:0010780,clinical assessment
HP:0025113,clinical assessment
HP:0002183,clinical assessment
HP:0001159,clinical assessment
HP:0002436,clinical assessment
HP:0002435,clinical assessment
HP:0030730,clinical assessment
HP:0025480,clinical assessment
HP:0007271,clinical assessment
HP:0032478,clinical assessment
HP:0030710,clinical assessment
HP:0030729,clinical assessment
HP:0100755,clinical assessment
HP:0002307,clinical assessment
HP:0000217,clinical assessment
HP:0003781,clinical assessment
HP:0004325,clinical assessment
HP:0001508,clinical assessment
HP:0001531,clinical assessment
HP:0004326,clinical assessment
HP:0001824,clinical assessment
HP:0001525,clinical assessment
HP:0003782,clinical assessment
HP:0001518,clinical assessment
HP:0008866,clinical assessment
HP:0001533,clinical assessment
HP:0045082,clinical assessment
HP:0410149,clinical assessment
HP:0410148,clinical assessment
HP:0410139,clinical assessment
HP:0001196,clinical assessment
HP:0001193,clinical assessment
HP:0410167,clinical assessment
HP:0410168,clinical assessment
HP:0025156,clinical assessment
HP:0003750,clinical assessment
HP:0009020,clinical assessment
HP:0003763,clinical assessment
HP:0003758,clinical assessment
HP:0003756,clinical assessment
HP:0003729,clinical assessment
HP:0003725,clinical assessment
HP:0008968,clinical assessment
HP:0003733,clinical assessment
HP:0003707,clinical assessment
HP:0003202,clinical assessment
HP:0007280,clinical assessment
HP:0009067,clinical assessment
HP:0007149,clinical assessment
HP:0008964,clinical assessment
HP:0003426,clinical assessment
HP:0003393,clinical assessment
HP:0012036,clinical assessment
HP:0009049,clinical assessment
HP:0007269,clinical assessment
HP:0007126,clinical assessment
HP:0011399,clinical assessment
HP:0008948,clinical assessment
HP:0012037,clinical assessment
HP:0008944,clinical assessment
HP:0040191,clinical assessment
HP:0009129,clinical assessment
HP:0006959,clinical assessment
HP:0003700,clinical assessment
HP:0003693,clinical assessment
HP:0009050,clinical assessment
HP:0009055,clinical assessment
HP:0003697,clinical assessment
HP:0008954,clinical assessment
HP:0008955,clinical assessment
HP:0008956,clinical assessment
HP:0009037,clinical assessment
HP:0009130,clinical assessment
HP:0007210,clinical assessment
HP:0007181,clinical assessment
HP:0003712,clinical assessment
HP:0030284,clinical assessment
HP:0100875,clinical assessment
HP:0012892,clinical assessment
HP:0012893,clinical assessment
HP:0012894,clinical assessment
HP:0012895,clinical assessment
HP:0008981,clinical assessment
HP:0003720,clinical assessment
HP:0000158,clinical assessment
HP:0040265,clinical assessment
HP:0040266,clinical assessment
HP:0040267,clinical assessment
HP:0003716,clinical assessment
HP:0003717,clinical assessment
HP:0001387,clinical assessment
HP:0009742,clinical assessment
HP:0025260,clinical assessment
HP:0025258,clinical assessment
HP:0025262,clinical assessment
HP:0025263,clinical assessment
HP:0025264,clinical assessment
HP:0025265,clinical assessment
HP:0005198,clinical assessment
HP:0005197,clinical assessment
HP:0025261,clinical assessment
HP:0025259,clinical assessment
HP:0100809,clinical assessment
HP:0025252,clinical assessment
HP:0100813,clinical assessment
HP:0001278,clinical assessment
HP:0004926,clinical assessment
HP:0005307,clinical assessment
HP:0001270,clinical assessment
HP:0025336,clinical assessment
HP:0033257,clinical assessment
HP:0031936,clinical assessment
HP:0002194,clinical assessment
HP:0033128,clinical assessment
HP:0032989,clinical assessment
HP:0032988,clinical assessment
HP:0010862,clinical assessment
HP:0025335,clinical assessment
HP:0100825,clinical assessment
HP:0100823,clinical assessment
HP:0100829,clinical assessment
HP:0001287,clinical assessment
HP:0025232,clinical assessment
HP:0004372,clinical assessment
HP:0002330,clinical assessment
HP:0001254,clinical assessment
HP:0032044,clinical assessment
HP:0001325,clinical assessment
HP:0002329,clinical assessment
HP:0001259,clinical assessment
HP:0031258,clinical assessment
HP:0001289,clinical assessment
HP:0031358,clinical assessment
HP:0011973,clinical assessment
HP:0007185,clinical assessment
HP:0007159,clinical assessment
HP:0025230,clinical assessment
HP:0001281,clinical assessment
HP:0001279,clinical assessment
HP:0012670,clinical assessment
HP:0012668,clinical assessment
HP:0012669,clinical assessment
HP:0500173,clinical assessment
HP:0002013,clinical assessment
HP:0025089,clinical assessment
HP:0002572,clinical assessment
HP:0002587,clinical assessment
HP:0002591,clinical assessment
HP:0001234,clinical assessment
HP:0004404,clinical assessment
HP:0031509,clinical assessment
HP:0040158,clinical assessment
HP:0006610,clinical assessment
HP:0006709,clinical assessment
HP:0003186,clinical assessment
HP:0002557,clinical assessment
HP:0002561,clinical assessment
HP:0002562,clinical assessment
HP:0004405,clinical assessment
HP:0002558,clinical assessment
HP:0040157,clinical assessment
HP:0025203,clinical assessment
HP:0001225,clinical assessment
HP:0001227,clinical assessment
HP:0002298,clinical assessment
HP:0002221,clinical assessment
HP:0002223,clinical assessment
HP:0002550,clinical assessment
HP:0002555,clinical assessment
HP:0001245,clinical assessment
HP:0002573,clinical assessment
HP:0001371,clinical assessment
HP:0010345,clinical assessment
HP:0012785,clinical assessment
HP:0005876,clinical assessment
HP:0009697,clinical assessment
HP:0005879,clinical assessment
HP:0030233,clinical assessment
HP:0010212,clinical assessment
HP:0010213,clinical assessment
HP:0002828,clinical assessment
HP:0010214,clinical assessment
HP:0010215,clinical assessment
HP:0009274,clinical assessment
HP:0009276,clinical assessment
HP:0005745,clinical assessment
HP:0009275,clinical assessment
HP:0009277,clinical assessment
HP:0001215,clinical assessment
HP:0001771,clinical assessment
HP:0004631,clinical assessment
HP:0005612,clinical assessment
HP:0005617,clinical assessment
HP:0006366,clinical assessment
HP:0005750,clinical assessment
HP:0005679,clinical assessment
HP:0008112,clinical assessment
HP:0001220,clinical assessment
HP:0012453,clinical assessment
HP:0003089,clinical assessment
HP:0005830,clinical assessment
HP:0012454,clinical assessment
HP:0030675,clinical assessment
HP:0005684,clinical assessment
HP:0012385,clinical assessment
HP:0009600,clinical assessment
HP:0030044,clinical assessment
HP:0009319,clinical assessment
HP:0001239,clinical assessment
HP:0002987,clinical assessment
HP:0006380,clinical assessment
HP:0033333,clinical assessment
HP:0003044,clinical assessment
HP:0009537,clinical assessment
HP:0003121,clinical assessment
HP:0009539,clinical assessment
HP:0009538,clinical assessment
HP:0006466,clinical assessment
HP:0100348,clinical assessment
HP:0100349,clinical assessment
HP:0005853,clinical assessment
HP:0010327,clinical assessment
HP:0002803,clinical assessment
HP:0002804,clinical assessment
HP:0009540,clinical assessment
HP:0009469,clinical assessment
HP:0100350,clinical assessment
HP:0100351,clinical assessment
HP:0100352,clinical assessment
HP:0100353,clinical assessment
HP:0005781,clinical assessment
HP:0005997,clinical assessment
HP:0100354,clinical assessment
HP:0100355,clinical assessment
HP:0100358,clinical assessment
HP:0100359,clinical assessment
HP:0009624,clinical assessment
HP:0009625,clinical assessment
HP:0009626,clinical assessment
HP:0010333,clinical assessment
HP:0100356,clinical assessment
HP:0100357,clinical assessment
HP:0100490,clinical assessment
HP:0009183,clinical assessment
HP:0009184,clinical assessment
HP:0009185,clinical assessment
HP:0009186,clinical assessment
HP:0010339,clinical assessment
HP:0009470,clinical assessment
HP:0003273,clinical assessment
HP:0009471,clinical assessment
HP:0009473,clinical assessment
HP:0001836,clinical assessment
HP:0100360,clinical assessment
HP:0034337,clinical assessment
HP:0034391,clinical assessment
HP:0008366,clinical assessment
HP:0034393,clinical assessment
HP:0034394,clinical assessment
HP:0034395,clinical assessment
HP:0001238,clinical assessment
HP:0100893,clinical assessment
HP:0100886,clinical assessment
HP:0000586,clinical assessment
HP:0000601,clinical assessment
HP:0000316,clinical assessment
HP:0000490,clinical assessment
HP:0030867,clinical assessment
HP:0009914,clinical assessment
HP:0000520,clinical assessment
HP:0100885,clinical assessment
HP:0100888,clinical assessment
HP:0410277,clinical assessment
HP:0410276,clinical assessment
HP:0000534,clinical assessment
HP:0025325,clinical assessment
HP:0000574,clinical assessment
HP:0002553,clinical assessment
HP:0034003,clinical assessment
HP:0007733,clinical assessment
HP:0011230,clinical assessment
HP:0005338,clinical assessment
HP:0100840,clinical assessment
HP:0045018,clinical assessment
HP:0011229,clinical assessment
HP:0031623,clinical assessment
HP:0011228,clinical assessment
HP:0010731,clinical assessment
HP:0010730,clinical assessment
HP:0000664,clinical assessment
HP:0040296,clinical assessment
HP:0004523,clinical assessment
HP:0045075,clinical assessment
HP:0045074,clinical assessment
HP:0010747,clinical assessment
HP:0002226,clinical assessment
HP:0007933,clinical assessment
HP:0100845,clinical assessment
HP:0410262,clinical assessment
HP:0410260,clinical assessment
HP:0410261,clinical assessment
HP:0032314,clinical assessment
HP:0032315,clinical assessment
HP:0100853,clinical assessment
HP:0025289,clinical assessment
HP:0100871,clinical assessment
HP:0007598,clinical assessment
HP:0100869,clinical assessment
HP:0007469,clinical assessment
HP:0007465,clinical assessment
HP:0007613,clinical assessment
HP:0005588,clinical assessment
HP:0007553,clinical assessment
HP:0007497,clinical assessment
HP:0001018,clinical assessment
HP:0040211,clinical assessment
HP:0004283,clinical assessment
HP:0000954,clinical assessment
HP:0007608,clinical assessment
HP:0001042,clinical assessment
HP:0010490,clinical assessment
HP:0006191,clinical assessment
HP:0007602,clinical assessment
HP:0007545,clinical assessment
HP:0005882,clinical assessment
HP:0000982,clinical assessment
HP:0010765,clinical assessment
HP:0007410,clinical assessment
HP:0006157,clinical assessment
HP:0011310,clinical assessment
HP:0011311,clinical assessment
HP:0004279,clinical assessment
HP:0006189,clinical assessment
HP:0007508,clinical assessment
HP:0025538,clinical assessment
HP:0010489,clinical assessment
HP:0010488,clinical assessment
HP:0033004,clinical assessment
HP:0006184,clinical assessment
HP:0007447,clinical assessment
HP:0007446,clinical assessment
HP:0033252,clinical assessment
HP:0005875,clinical assessment
HP:0006114,clinical assessment
HP:0000972,clinical assessment
HP:0007530,clinical assessment
HP:0007566,clinical assessment
HP:0011302,clinical assessment
HP:0006089,clinical assessment
HP:0005689,clinical assessment
HP:0007404,clinical assessment
HP:0007560,clinical assessment
HP:0025273,clinical assessment
HP:0100876,clinical assessment
HP:0410340,clinical assessment
HP:0001211,clinical assessment
HP:0100759,clinical assessment
HP:0011300,clinical assessment
HP:0011304,clinical assessment
HP:0001222,clinical assessment
HP:0009630,clinical assessment
HP:0009642,clinical assessment
HP:0001218,clinical assessment
HP:0007460,clinical assessment
HP:0001868,clinical assessment
HP:0001217,clinical assessment
HP:0000606,clinical assessment
HP:0100540,clinical assessment
HP:0025553,clinical assessment
HP:0025552,clinical assessment
HP:0000629,clinical assessment
HP:0004676,clinical assessment
HP:0000336,clinical assessment
HP:0012568,clinical assessment
HP:0002054,clinical assessment
HP:0010749,clinical assessment
HP:0100539,clinical assessment
HP:0100538,clinical assessment
HP:0012724,clinical assessment
HP:0011336,clinical assessment
HP:0025386,clinical assessment
HP:0000607,clinical assessment
HP:0011232,clinical assessment
HP:0009891,clinical assessment
HP:0025384,clinical assessment
HP:0025385,clinical assessment
HP:0025383,clinical assessment
HP:0000098,clinical assessment
HP:0011407,clinical assessment
HP:0003517,clinical assessment
HP:0001519,clinical assessment
HP:0001548,clinical assessment
HP:0000811,clinical assessment
HP:0000056,clinical assessment
HP:0000054,clinical assessment
HP:0033768,clinical assessment
HP:0010789,clinical assessment
HP:0012215,clinical assessment
HP:0040255,clinical assessment
HP:0040254,clinical assessment
HP:0040253,clinical assessment
HP:0040252,clinical assessment
HP:0008736,clinical assessment
HP:0000055,clinical assessment
HP:0008734,clinical assessment
HP:0008733,clinical assessment
HP:0000053,clinical assessment
HP:0008730,clinical assessment
HP:0000050,clinical assessment
HP:0100624,clinical assessment
HP:0100623,clinical assessment
HP:0000049,clinical assessment
HP:0000048,clinical assessment
HP:0000045,clinical assessment
HP:0012741,clinical assessment
HP:0000046,clinical assessment
HP:0012871,clinical assessment
HP:0012870,clinical assessment
HP:0008720,clinical assessment
HP:0000042,clinical assessment
HP:0000041,clinical assessment
HP:0000040,clinical assessment
HP:0100599,clinical assessment
HP:0000034,clinical assessment
HP:0030869,clinical assessment
HP:0030868,clinical assessment
HP:0000035,clinical assessment
HP:0008715,clinical assessment
HP:0000036,clinical assessment
HP:0000037,clinical assessment
HP:0012861,clinical assessment
HP:0012860,clinical assessment
HP:0000033,clinical assessment
HP:0000032,clinical assessment
HP:0033180,clinical assessment
HP:0000028,clinical assessment
HP:0000029,clinical assessment
HP:0008708,clinical assessment
HP:0008707,clinical assessment
HP:0100600,clinical assessment
HP:0012858,clinical assessment
HP:0012857,clinical assessment
HP:0012856,clinical assessment
HP:0012855,clinical assessment
HP:0100588,clinical assessment
HP:0100587,clinical assessment
HP:0045058,clinical assessment
HP:0008689,clinical assessment
HP:0010470,clinical assessment
HP:0012293,clinical assessment
HP:0032404,clinical assessment
HP:0010469,clinical assessment
HP:0010468,clinical assessment
HP:0012435,clinical assessment
HP:0001741,clinical assessment
HP:0010459,clinical assessment
HP:0010458,clinical assessment
HP:0030275,clinical assessment
HP:0030274,clinical assessment
HP:0012421,clinical assessment
HP:0008665,clinical assessment
HP:0030264,clinical assessment
HP:0030265,clinical assessment
HP:0030260,clinical assessment
HP:0030263,clinical assessment
HP:0030262,clinical assessment
HP:0030261,clinical assessment
HP:0008656,clinical assessment
HP:0032077,clinical assessment
HP:0012815,clinical assessment
HP:0030257,clinical assessment
HP:0030258,clinical assessment
HP:0030259,clinical assessment
HP:0031447,clinical assessment
HP:0100676,clinical assessment
HP:0100675,clinical assessment
HP:0100677,clinical assessment
HP:0100674,clinical assessment
HP:0100673,clinical assessment
HP:0032076,clinical assessment
HP:0008640,clinical assessment
HP:4000038,clinical assessment
HP:4000037,clinical assessment
HP:4000036,clinical assessment
HP:0025038,clinical assessment
HP:0003248,clinical assessment
HP:0034299,clinical assessment
HP:0100796,clinical assessment
HP:0003247,clinical assessment
HP:0003246,clinical assessment
HP:0003241,clinical assessment
HP:0002050,clinical assessment
HP:0034438,clinical assessment
HP:0012646,clinical assessment
HP:0030912,clinical assessment
HP:0030911,clinical assessment
HP:0010790,clinical assessment
HP:0010791,clinical assessment
HP:0000062,clinical assessment
HP:0000061,clinical assessment
HP:0000060,clinical assessment
HP:0000969,clinical assessment
HP:0012050,clinical assessment
HP:0002996,clinical assessment
HP:0005060,clinical assessment
HP:0001377,clinical assessment
HP:0005852,clinical assessment
HP:0006376,clinical assessment
HP:0006394,clinical assessment
HP:0006471,clinical assessment
HP:0001376,clinical assessment
HP:0003184,clinical assessment
HP:0006064,clinical assessment
HP:0010505,clinical assessment
HP:0010501,clinical assessment
HP:0006467,clinical assessment
HP:0006203,clinical assessment
HP:0003070,clinical assessment
HP:0006596,clinical assessment
HP:0006389,clinical assessment
HP:0033482,clinical assessment
HP:0003066,clinical assessment
HP:0006251,clinical assessment
HP:0005193,clinical assessment
HP:0003093,clinical assessment
HP:0033526,clinical assessment
HP:0008800,clinical assessment
HP:0031013,clinical assessment
HP:0006248,clinical assessment
HP:0005085,clinical assessment
HP:0033475,clinical assessment
HP:0008090,clinical assessment
HP:0001386,clinical assessment
HP:0001388,clinical assessment
HP:0020152,clinical assessment
HP:0002761,clinical assessment
HP:0025328,clinical assessment
HP:0004299,clinical assessment
HP:0000023,clinical assessment
HP:0004872,clinical assessment
HP:0001539,clinical assessment
HP:0001537,clinical assessment
HP:0100541,clinical assessment
HP:0002933,clinical assessment
HP:0000017,clinical assessment
HP:0012098,clinical assessment
HP:0012088,clinical assessment
HP:0012086,clinical assessment
HP:0032001,clinical assessment
HP:0040317,clinical assessment
HP:0040318,clinical assessment
HP:0032003,clinical assessment
HP:0040322,clinical assessment
HP:0040321,clinical assessment
HP:0040320,clinical assessment
HP:0040319,clinical assessment
HP:0032002,clinical assessment
HP:0410013,clinical assessment
HP:3000008,clinical assessment
HP:0045037,clinical assessment
HP:0045085,clinical assessment
HP:3000017,clinical assessment
HP:3000006,clinical assessment
HP:3000005,clinical assessment
HP:3000068,clinical assessment
HP:0410011,clinical assessment
HP:0410012,clinical assessment
HP:0000175,clinical assessment
HP:0009099,clinical assessment
HP:0009094,clinical assessment
HP:0002744,clinical assessment
HP:0008501,clinical assessment
HP:0410005,clinical assessment
HP:0011819,clinical assessment
HP:0000176,clinical assessment
HP:0100338,clinical assessment
HP:0000185,clinical assessment
HP:0100337,clinical assessment
HP:0410034,clinical assessment
HP:0410033,clinical assessment
HP:0410031,clinical assessment
HP:0000193,clinical assessment
HP:0100334,clinical assessment
HP:0010289,clinical assessment
HP:0000002,clinical assessment
HP:0003561,clinical assessment
HP:0004991,clinical assessment
HP:0005026,clinical assessment
HP:0003510,clinical assessment
HP:0008857,clinical assessment
HP:0011404,clinical assessment
HP:0003498,clinical assessment
HP:0011406,clinical assessment
HP:0011405,clinical assessment
HP:0005069,clinical assessment
HP:0008873,clinical assessment
HP:0012774,clinical assessment
HP:0012773,clinical assessment
HP:0012772,clinical assessment
HP:0003508,clinical assessment
HP:0008890,clinical assessment
HP:0004322,clinical assessment
HP:0003502,clinical assessment
HP:0008848,clinical assessment
HP:0008909,clinical assessment
HP:0008845,clinical assessment
HP:0008905,clinical assessment
HP:0003521,clinical assessment
HP:0000839,clinical assessment
HP:0008929,clinical assessment
HP:0008922,clinical assessment
HP:0008921,clinical assessment
HP:0012106,clinical assessment
HP:0002659,clinical assessment
HP:0002756,clinical assessment
HP:0041091,clinical assessment
HP:0041193,clinical assessment
HP:0041147,clinical assessment
HP:0041243,clinical assessment
HP:0003084,clinical assessment
HP:0041083,clinical assessment
HP:0041241,clinical assessment
HP:0041189,clinical assessment
HP:0041188,clinical assessment
HP:0041185,clinical assessment
HP:0041184,clinical assessment
HP:0041183,clinical assessment
HP:0041182,clinical assessment
HP:0041239,clinical assessment
HP:0005855,clinical assessment
HP:0041236,clinical assessment
HP:0041179,clinical assessment
HP:0041178,clinical assessment
HP:0041177,clinical assessment
HP:0041176,clinical assessment
HP:0041174,clinical assessment
HP:0003023,clinical assessment
HP:0041222,clinical assessment
HP:0041221,clinical assessment
HP:0041218,clinical assessment
HP:0041210,clinical assessment
HP:0041214,clinical assessment
HP:0041213,clinical assessment
HP:0041212,clinical assessment
HP:0041211,clinical assessment
HP:0041159,clinical assessment
HP:0002757,clinical assessment
HP:0001343,clinical assessment
HP:0002640,clinical assessment
HP:0002638,clinical assessment
HP:0002639,clinical assessment
HP:0002615,clinical assessment
HP:0002632,clinical assessment
HP:0500107,clinical assessment
HP:0500105,clinical assessment
HP:0500104,clinical assessment
HP:0002633,clinical assessment
HP:0002093,clinical assessment
HP:0004887,clinical assessment
HP:0002878,clinical assessment
HP:0033677,clinical assessment
HP:0002643,clinical assessment
HP:0005946,clinical assessment
HP:0004875,clinical assessment
HP:0005943,clinical assessment
HP:0200073,clinical assessment
HP:0012768,clinical assessment
HP:0006543,clinical assessment
HP:0002793,clinical assessment
HP:0002104,clinical assessment
HP:0004879,clinical assessment
HP:0033368,clinical assessment
HP:0002882,clinical assessment
HP:0002883,clinical assessment
HP:0005941,clinical assessment
HP:0040213,clinical assessment
HP:0030864,clinical assessment
HP:0030863,clinical assessment
HP:0007110,clinical assessment
HP:0002789,clinical assessment
HP:0046507,clinical assessment
HP:0004881,clinical assessment
HP:0031503,clinical assessment
HP:0005949,clinical assessment
HP:0004885,clinical assessment
HP:0012763,clinical assessment
HP:0012764,clinical assessment
HP:0034236,clinical assessment
HP:0002791,clinical assessment
HP:0012195,clinical assessment
HP:0012196,clinical assessment
HP:0002872,clinical assessment
HP:0002871,clinical assessment
HP:0002875,clinical assessment
HP:0002876,clinical assessment
HP:0002877,clinical assessment
HP:0002098,clinical assessment
HP:0002094,clinical assessment
HP:0033710,clinical assessment
HP:0030207,clinical assessment
HP:0001513,clinical assessment
HP:0008915,clinical assessment
HP:0001956,clinical assessment
HP:0012743,clinical assessment
HP:0025499,clinical assessment
HP:0025500,clinical assessment
HP:0025501,clinical assessment
HP:0000159,clinical assessment
HP:0000322,clinical assessment
HP:0011825,clinical assessment
HP:0011826,clinical assessment
HP:0011827,clinical assessment
HP:0011829,clinical assessment
HP:0011828,clinical assessment
HP:0000177,clinical assessment
HP:0000178,clinical assessment
HP:0000179,clinical assessment
HP:0011340,clinical assessment
HP:0011341,clinical assessment
HP:0100788,clinical assessment
HP:0000232,clinical assessment
HP:0000233,clinical assessment
HP:0031244,clinical assessment
HP:0034185,clinical assessment
HP:0000188,clinical assessment
HP:0005326,clinical assessment
HP:0031486,clinical assessment
HP:0031487,clinical assessment
HP:0031488,clinical assessment
HP:0031489,clinical assessment
HP:0000288,clinical assessment
HP:0000289,clinical assessment
HP:0031250,clinical assessment
HP:0002002,clinical assessment
HP:0010800,clinical assessment
HP:0000343,clinical assessment
HP:0010803,clinical assessment
HP:0010804,clinical assessment
HP:0000204,clinical assessment
HP:0010806,clinical assessment
HP:0010798,clinical assessment
HP:0040181,clinical assessment
HP:0030318,clinical assessment
HP:0002055,clinical assessment
HP:0100333,clinical assessment
HP:0100335,clinical assessment
HP:0100336,clinical assessment
HP:0000215,clinical assessment
HP:0000214,clinical assessment
HP:0000219,clinical assessment
HP:0000161,clinical assessment
HP:0000319,clinical assessment
HP:0009101,clinical assessment
HP:0010281,clinical assessment
HP:0012471,clinical assessment
HP:0012472,clinical assessment
HP:0010282,clinical assessment
HP:0011339,clinical assessment
HP:0040295,clinical assessment
HP:0002263,clinical assessment
HP:0030809,clinical assessment
HP:0031042,clinical assessment
HP:0031373,clinical assessment
HP:3000074,clinical assessment
HP:3000051,clinical assessment
HP:3000076,clinical assessment
HP:0012730,clinical assessment
HP:0000171,clinical assessment
HP:0040174,clinical assessment
HP:0000199,clinical assessment
HP:0040173,clinical assessment
HP:3000016,clinical assessment
HP:0000221,clinical assessment
HP:0012473,clinical assessment
HP:0010295,clinical assessment
HP:0010296,clinical assessment
HP:0010297,clinical assessment
HP:0010298,clinical assessment
HP:0002711,clinical assessment
HP:0000206,clinical assessment
HP:0009087,clinical assessment
HP:3000064,clinical assessment
HP:0000227,clinical assessment
HP:0000180,clinical assessment
HP:0010808,clinical assessment
HP:3000045,clinical assessment
HP:0040294,clinical assessment
HP:0000162,clinical assessment
HP:0000197,clinical assessment
HP:0000198,clinical assessment
HP:0009740,clinical assessment
HP:0011801,clinical assessment
HP:0011850,clinical assessment
HP:0000163,clinical assessment
HP:0000157,clinical assessment
HP:0001476,clinical assessment
HP:0025439,clinical assessment
HP:0100776,clinical assessment
HP:0025430,clinical assessment
HP:0000153,clinical assessment
HP:0000155,clinical assessment
HP:0001608,clinical assessment
HP:0001612,clinical assessment
HP:0001615,clinical assessment
HP:0001611,clinical assessment
HP:0031434,clinical assessment
HP:0031435,clinical assessment
HP:0100271,clinical assessment
HP:0031436,clinical assessment
HP:0005934,clinical assessment
HP:0009088,clinical assessment
HP:0001621,clinical assessment
HP:0001609,clinical assessment
HP:0001620,clinical assessment
HP:0025429,clinical assessment
HP:0200046,clinical assessment
HP:0001686,clinical assessment
HP:0010300,clinical assessment
HP:0031801,clinical assessment
HP:0025431,clinical assessment
HP:0025425,clinical assessment
HP:0410028,clinical assessment
HP:0001454,clinical assessment
HP:0001457,clinical assessment
HP:0001430,clinical assessment
HP:0025401,clinical assessment
HP:0001441,clinical assessment
HP:0001437,clinical assessment
HP:0000103,clinical assessment
HP:0001436,clinical assessment
HP:0001435,clinical assessment
HP:0001421,clinical assessment
HP:0002748,clinical assessment
HP:0002745,clinical assessment
HP:0002716,clinical assessment
HP:0002730,clinical assessment
HP:0002725,clinical assessment
HP:0002023,clinical assessment
HP:0004684,clinical assessment
HP:0001762,clinical assessment
HP:0004696,clinical assessment
HP:0001776,clinical assessment
HP:0004690,clinical assessment
HP:0005995,clinical assessment
HP:0005320,clinical assessment
HP:0005986,clinical assessment
HP:0033453,clinical assessment
HP:0033481,clinical assessment
HP:0033357,clinical assessment
HP:0005991,clinical assessment
HP:0000466,clinical assessment
HP:0031179,clinical assessment
HP:0040315,clinical assessment
HP:0005988,clinical assessment
HP:0004673,clinical assessment
HP:0012384,clinical assessment
HP:0002257,clinical assessment
HP:0004499,clinical assessment
HP:0040334,clinical assessment
HP:0005968,clinical assessment
HP:0010307,clinical assessment
HP:0004886,clinical assessment
HP:0005348,clinical assessment
HP:0005951,clinical assessment
HP:0002045,clinical assessment
HP:0005964,clinical assessment
HP:0100524,clinical assessment
HP:0000989,clinical assessment
HP:0030898,clinical assessment
HP:0030899,clinical assessment
HP:0031248,clinical assessment
HP:0033841,clinical assessment
HP:0032004,clinical assessment
HP:0030900,clinical assessment
HP:0030901,clinical assessment
HP:0030161,clinical assessment
HP:0100536,clinical assessment
HP:0045029,clinical assessment
HP:0100537,clinical assessment
HP:0002087,clinical assessment
HP:0002090,clinical assessment
HP:0002100,clinical assessment
HP:0011951,clinical assessment
HP:0011952,clinical assessment
HP:0011949,clinical assessment
HP:0100556,clinical assessment
HP:0100557,clinical assessment
HP:0100555,clinical assessment
HP:0100559,clinical assessment
HP:0030934,clinical assessment
HP:0004370,clinical assessment
HP:0030244,clinical assessment
HP:0030245,clinical assessment
HP:0030246,clinical assessment
HP:0001954,clinical assessment
HP:0001955,clinical assessment
HP:0033104,clinical assessment
HP:0033399,clinical assessment
HP:0033031,clinical assessment
HP:0001945,clinical assessment
HP:0011134,clinical assessment
HP:0032323,clinical assessment
HP:0032324,clinical assessment
HP:0033087,clinical assessment
HP:0002046,clinical assessment
HP:0002047,clinical assessment
HP:0002058,clinical assessment
HP:0005922,clinical assessment
HP:0040286,clinical assessment
HP:0040287,clinical assessment
HP:0002102,clinical assessment
HP:0003427,clinical assessment
HP:0005107,clinical assessment
HP:0002105,clinical assessment
HP:0003550,clinical assessment
HP:0003549,clinical assessment
HP:0003201,clinical assessment
HP:0008942,clinical assessment
HP:0003558,clinical assessment
HP:0011439,clinical assessment
HP:0011440,clinical assessment
HP:0009045,clinical assessment
HP:0100783,clinical assessment
HP:0025019,clinical assessment
HP:0025017,clinical assessment
HP:0001004,clinical assessment
HP:0001017,clinical assessment
HP:0100662,clinical assessment
HP:0100658,clinical assessment
HP:0100695,clinical assessment
HP:0008887,clinical assessment
HP:0003635,clinical assessment
HP:0009056,clinical assessment
HP:0034035,clinical assessment
HP:0000632,clinical assessment
HP:0000633,clinical assessment
HP:0031734,clinical assessment
HP:0031733,clinical assessment
HP:0031732,clinical assessment
HP:0009926,clinical assessment
HP:0031731,clinical assessment
HP:0100274,clinical assessment
HP:0031881,clinical assessment
HP:0000522,clinical assessment
HP:0001944,clinical assessment
HP:0000620,clinical assessment
HP:0009064,clinical assessment
HP:0009059,clinical assessment
HP:0009002,clinical assessment
HP:0007485,clinical assessment
HP:0000292,clinical assessment
HP:0009017,clinical assessment
HP:0009019,clinical assessment
HP:0000771,clinical assessment
HP:0011482,clinical assessment
HP:0011481,clinical assessment
HP:0011437,clinical assessment
HP:0009124,clinical assessment
HP:0009126,clinical assessment
HP:0034398,clinical assessment
HP:0001845,clinical assessment
HP:0001765,clinical assessment
HP:0034397,clinical assessment
HP:0045081,clinical assessment
HP:0031418,clinical assessment
HP:0000980,clinical assessment
HP:0011006,clinical assessment
HP:0034342,clinical assessment
HP:3000046,clinical assessment
HP:0033041,clinical assessment
HP:0010741,clinical assessment
HP:0033045,clinical assessment
HP:0001761,clinical assessment
HP:0008075,clinical assessment
HP:0000282,clinical assessment
HP:0005329,clinical assessment
HP:0005327,clinical assessment
HP:0000298,clinical assessment
HP:0005324,clinical assessment
HP:0000273,clinical assessment
HP:0005335,clinical assessment
HP:0040212,clinical assessment
HP:0002815,clinical assessment
HP:0002821,clinical assessment
HP:0012233,clinical assessment
HP:0000246,clinical assessment
HP:0000255,clinical assessment
HP:0011109,clinical assessment
HP:0025533,clinical assessment
HP:0001551,clinical assessment
HP:0032527,clinical assessment
HP:0032277,clinical assessment
HP:0001544,clinical assessment
HP:0032511,clinical assessment
HP:0034453,clinical assessment
HP:0025502,clinical assessment
HP:0001510,clinical assessment
HP:0031087,clinical assessment
HP:0008855,clinical assessment
HP:0008850,clinical assessment
HP:0001530,clinical assessment
HP:0008897,clinical assessment
HP:0002840,clinical assessment
HP:0001507,clinical assessment
HP:0012398,clinical assessment
HP:0012390,clinical assessment
HP:0012387,clinical assessment
HP:0012388,clinical assessment
HP:0011034,clinical assessment
HP:0025669,clinical assessment
HP:0025668,clinical assessment
HP:0001681,clinical assessment
HP:0002981,clinical assessment
HP:0025616,clinical assessment
HP:0025615,clinical assessment
HP:0033587,clinical assessment
HP:0033590,clinical assessment
HP:0033758,clinical assessment
HP:0033181,clinical assessment
HP:0012490,clinical assessment
HP:0011131,clinical assessment
HP:0001786,clinical assessment
HP:0001785,clinical assessment
HP:0011104,clinical assessment
HP:0011105,clinical assessment
HP:0011106,clinical assessment
HP:0001763,clinical assessment
HP:0001742,clinical assessment
HP:0001760,clinical assessment
HP:0000579,clinical assessment
HP:0012537,clinical assessment
HP:0000564,clinical assessment
HP:0032016,clinical assessment
HP:0034404,clinical assessment
HP:0033709,clinical assessment
HP:0032543,clinical assessment
HP:0032017,clinical assessment
HP:0007430,clinical assessment
HP:0032378,clinical assessment
HP:0009487,clinical assessment
HP:0006055,clinical assessment
HP:0031090,clinical assessment
HP:0031003,clinical assessment
HP:0006228,clinical assessment
HP:0007514,clinical assessment
HP:0031178,clinical assessment
HP:0006135,clinical assessment
HP:0006169,clinical assessment
HP:0031188,clinical assessment
HP:0007678,clinical assessment
HP:0008993,clinical assessment
HP:0007609,clinical assessment
HP:0008940,clinical assessment
HP:0031271,clinical assessment
HP:0031273,clinical assessment
HP:0031274,clinical assessment
HP:0030149,clinical assessment
HP:0031276,clinical assessment
HP:0031275,clinical assessment
HP:0031281,clinical assessment
HP:0500034,clinical assessment
HP:0032520,clinical assessment
HP:0032552,clinical assessment
HP:0032555,clinical assessment
HP:0032554,clinical assessment
HP:0032553,clinical assessment
HP:0033172,clinical assessment
HP:0033171,clinical assessment
HP:0033176,clinical assessment
HP:0033170,clinical assessment
HP:0010444,clinical assessment
HP:0034431,clinical assessment
HP:0011729,clinical assessment
HP:0033136,clinical assessment
HP:0010486,clinical assessment
HP:0010487,clinical assessment
HP:0010496,clinical assessment
HP:0011799,clinical assessment
HP:0011880,clinical assessment
HP:0010507,clinical assessment
HP:0030972,blood pressure measurement
HP:0000822,blood pressure measurement
HP:0004972,blood pressure measurement
HP:0500106,blood pressure measurement
HP:0032263,blood pressure measurement
HP:0005117,blood pressure measurement
HP:0004421,blood pressure measurement
HP:0100735,blood pressure measurement
HP:0000875,blood pressure measurement
HP:0020142,blood pressure measurement
HP:0020141,blood pressure measurement
HP:0003574,blood pressure measurement
HP:0002323,fetal ultrasonography
HP:0002324,fetal ultrasonography
HP:0002139,fetal ultrasonography
HP:0001560,fetal ultrasonography
HP:0001563,fetal ultrasonography
HP:0012420,fetal ultrasonography
HP:0001562,fetal ultrasonography
HP:0001561,fetal ultrasonography
HP:0025700,fetal ultrasonography
HP:0001557,fetal ultrasonography
HP:0010519,fetal ultrasonography
HP:0025692,fetal ultrasonography
HP:0010881,fetal ultrasonography
HP:0032513,fetal ultrasonography
HP:0025657,fetal ultrasonography
HP:0030657,fetal ultrasonography
HP:0030656,fetal ultrasonography
HP:0030655,fetal ultrasonography
HP:0030654,fetal ultrasonography
HP:0025690,fetal ultrasonography
HP:0010949,fetal ultrasonography
HP:0032435,fetal ultrasonography
HP:0032434,fetal ultrasonography
HP:0025689,fetal ultrasonography
HP:0025652,fetal ultrasonography
HP:0025655,fetal ultrasonography
HP:0025654,fetal ultrasonography
HP:0025653,fetal ultrasonography
HP:0000476,fetal ultrasonography
HP:0010879,fetal ultrasonography
HP:0025716,fetal ultrasonography
HP:0010960,fetal ultrasonography
HP:0010961,fetal ultrasonography
HP:0010962,fetal ultrasonography
HP:0010956,fetal ultrasonography
HP:0008676,fetal ultrasonography
HP:0012767,fetal ultrasonography
HP:0032548,fetal ultrasonography
HP:0006267,fetal ultrasonography
HP:0006266,fetal ultrasonography
HP:0011723,fetal ultrasonography
HP:0011724,fetal ultrasonography
HP:0034207,fetal ultrasonography
HP:0034547,fetal ultrasonography
HP:0011112,cytokine biomarker assessment
HP:0034164,cytokine biomarker assessment
HP:0034165,cytokine biomarker assessment
HP:0034166,cytokine biomarker assessment
HP:0034167,cytokine biomarker assessment
HP:0034168,cytokine biomarker assessment
HP:0034160,cytokine biomarker assessment
HP:0034489,cytokine biomarker assessment
HP:0034488,cytokine biomarker assessment
HP:0034169,cytokine biomarker assessment
HP:0033253,cytokine biomarker assessment
HP:0030354,cytokine biomarker assessment
HP:0030355,cytokine biomarker assessment
HP:0030356,cytokine biomarker assessment
HP:0034513,cytokine biomarker assessment
HP:0034447,cytokine biomarker assessment
HP:0034490,cytokine biomarker assessment
HP:0034491,cytokine biomarker assessment
HP:0034170,cytokine biomarker assessment
HP:0034171,cytokine biomarker assessment
HP:0034172,cytokine biomarker assessment
HP:0034173,cytokine biomarker assessment
HP:0034174,cytokine biomarker assessment
HP:0034175,cytokine biomarker assessment
HP:0034176,cytokine biomarker assessment
HP:0034177,cytokine biomarker assessment
HP:0034178,cytokine biomarker assessment
HP:0033199,cytokine biomarker assessment
HP:0033178,cytokine biomarker assessment
HP:0030782,cytokine biomarker assessment
HP:0030783,cytokine biomarker assessment
HP:0034486,cytokine biomarker assessment
HP:0034487,cytokine biomarker assessment
HP:0034161,cytokine biomarker assessment
HP:0034162,cytokine biomarker assessment
HP:0034163,cytokine biomarker assessment
HP:0011113,cytokine biomarker assessment
HP:0011114,cytokine biomarker assessment
HP:0011118,cytokine biomarker assessment
HP:0011117,cytokine biomarker assessment
HP:0011111,cytokine biomarker assessment
HP:0031406,cytokine biomarker assessment
HP:0031407,cytokine biomarker assessment
HP:0005977,clinical chemistry assessment
HP:0004909,clinical chemistry assessment
HP:0011436,clinical chemistry assessment
HP:0011432,clinical chemistry assessment
HP:0008073,clinical chemistry assessment
HP:0011434,clinical chemistry assessment
HP:0011435,clinical chemistry assessment
HP:0011433,clinical chemistry assessment
HP:0010570,clinical chemistry assessment
HP:0004360,clinical chemistry assessment
HP:0032065,clinical chemistry assessment
HP:0032066,clinical chemistry assessment
HP:0032067,clinical chemistry assessment
HP:0032653,clinical chemistry assessment
HP:0032369,clinical chemistry assessment
HP:0032281,clinical chemistry assessment
HP:0031961,clinical chemistry assessment
HP:0031962,clinical chemistry assessment
HP:0031963,clinical chemistry assessment
HP:0500020,clinical chemistry assessment
HP:0032180,clinical chemistry assessment
HP:4000165,clinical chemistry assessment
HP:0034596,clinical chemistry assessment
HP:0034595,clinical chemistry assessment
HP:0034594,clinical chemistry assessment
HP:0034593,clinical chemistry assessment
HP:0034592,clinical chemistry assessment
HP:0034617,clinical chemistry assessment
HP:0034616,clinical chemistry assessment
HP:0034614,clinical chemistry assessment
HP:0034611,clinical chemistry assessment
HP:0034610,clinical chemistry assessment
HP:0034606,clinical chemistry assessment
HP:0034604,clinical chemistry assessment
HP:4000095,clinical chemistry assessment
HP:0033331,clinical chemistry assessment
HP:0002647,computed tomography procedure
HP:0100671,computed tomography procedure
HP:0002752,computed tomography procedure
HP:0004966,computed tomography procedure
HP:0001948,blood gas assessment
HP:0001960,blood gas assessment
HP:0200114,blood gas assessment
HP:0001950,blood gas assessment
HP:0001949,blood gas assessment
HP:0000944,radiograph imaging procedure
HP:0003949,radiograph imaging procedure
HP:0005092,radiograph imaging procedure
HP:0006431,radiograph imaging procedure
HP:0005028,radiograph imaging procedure
HP:0005825,radiograph imaging procedure
HP:0003950,radiograph imaging procedure
HP:0003951,radiograph imaging procedure
HP:0003952,radiograph imaging procedure
HP:0009809,radiograph imaging procedure
HP:0008783,radiograph imaging procedure
HP:0004015,radiograph imaging procedure
HP:0004016,radiograph imaging procedure
HP:0004018,radiograph imaging procedure
HP:0006208,radiograph imaging procedure
HP:0004019,radiograph imaging procedure
HP:0004979,radiograph imaging procedure
HP:0004020,radiograph imaging procedure
HP:0004021,radiograph imaging procedure
HP:0004022,radiograph imaging procedure
HP:0004023,radiograph imaging procedure
HP:0004024,radiograph imaging procedure
HP:0004025,radiograph imaging procedure
HP:0004026,radiograph imaging procedure
HP:0003562,radiograph imaging procedure
HP:0031367,radiograph imaging procedure
HP:0045079,radiograph imaging procedure
HP:0003411,radiograph imaging procedure
HP:0003015,radiograph imaging procedure
HP:0003016,radiograph imaging procedure
HP:0003332,radiograph imaging procedure
HP:0004980,radiograph imaging procedure
HP:0005923,radiograph imaging procedure
HP:0100959,radiograph imaging procedure
HP:0006375,radiograph imaging procedure
HP:0005043,radiograph imaging procedure
HP:0005042,radiograph imaging procedure
HP:0010740,radiograph imaging procedure
HP:0004039,radiograph imaging procedure
HP:0041114,radiograph imaging procedure
HP:0003021,radiograph imaging procedure
HP:0004273,radiograph imaging procedure
HP:0003907,radiograph imaging procedure
HP:0003908,radiograph imaging procedure
HP:0003909,radiograph imaging procedure
HP:0003025,radiograph imaging procedure
HP:0002810,radiograph imaging procedure
HP:0005054,radiograph imaging procedure
HP:0006387,radiograph imaging procedure
HP:0004040,radiograph imaging procedure
HP:0004041,radiograph imaging procedure
HP:0004042,radiograph imaging procedure
HP:0004043,radiograph imaging procedure
HP:0004044,radiograph imaging procedure
HP:0004045,radiograph imaging procedure
HP:0004046,radiograph imaging procedure
HP:0004047,radiograph imaging procedure
HP:0000947,radiograph imaging procedure
HP:0003910,radiograph imaging procedure
HP:0003911,radiograph imaging procedure
HP:0100255,radiograph imaging procedure
HP:0003912,radiograph imaging procedure
HP:0003914,radiograph imaging procedure
HP:0003915,radiograph imaging procedure
HP:0003916,radiograph imaging procedure
HP:0003917,radiograph imaging procedure
HP:0030297,radiograph imaging procedure
HP:0030298,radiograph imaging procedure
HP:0030299,radiograph imaging procedure
HP:0003918,radiograph imaging procedure
HP:0003919,radiograph imaging procedure
HP:0003913,radiograph imaging procedure
HP:0030309,radiograph imaging procedure
HP:0030308,radiograph imaging procedure
HP:0030307,radiograph imaging procedure
HP:0030296,radiograph imaging procedure
HP:0030295,radiograph imaging procedure
HP:0030294,radiograph imaging procedure
HP:0030293,radiograph imaging procedure
HP:0030292,radiograph imaging procedure
HP:0030291,radiograph imaging procedure
HP:0005868,radiograph imaging procedure
HP:0003920,radiograph imaging procedure
HP:0003921,radiograph imaging procedure
HP:0003922,radiograph imaging procedure
HP:0003923,radiograph imaging procedure
HP:0003924,radiograph imaging procedure
HP:0011860,radiograph imaging procedure
HP:0031164,radiograph imaging procedure
HP:0003848,radiograph imaging procedure
HP:0003849,radiograph imaging procedure
HP:0006489,radiograph imaging procedure
HP:0006413,radiograph imaging procedure
HP:0005871,radiograph imaging procedure
HP:0002834,radiograph imaging procedure
HP:0006417,radiograph imaging procedure
HP:0031016,radiograph imaging procedure
HP:0005009,radiograph imaging procedure
HP:0100670,radiograph imaging procedure
HP:0003051,radiograph imaging procedure
HP:0006490,radiograph imaging procedure
HP:0003850,radiograph imaging procedure
HP:0003851,radiograph imaging procedure
HP:0003852,radiograph imaging procedure
HP:0003853,radiograph imaging procedure
HP:0003854,radiograph imaging procedure
HP:0003855,radiograph imaging procedure
HP:0003856,radiograph imaging procedure
HP:0006491,radiograph imaging procedure
HP:0006423,radiograph imaging procedure
HP:0006028,radiograph imaging procedure
HP:0005089,radiograph imaging procedure
HP:0002750,radiograph imaging procedure
HP:0003799,radiograph imaging procedure
HP:0005832,radiograph imaging procedure
HP:0003761,radiograph imaging procedure
HP:0012062,radiograph imaging procedure
HP:0012064,radiograph imaging procedure
HP:0012063,radiograph imaging procedure
HP:0002833,radiograph imaging procedure
HP:0012065,radiograph imaging procedure
HP:0025369,radiograph imaging procedure
HP:0025368,radiograph imaging procedure
HP:0001367,radiograph imaging procedure
HP:0002663,radiograph imaging procedure
HP:0006016,radiograph imaging procedure
HP:0008828,radiograph imaging procedure
HP:0002656,radiograph imaging procedure
HP:0002657,radiograph imaging procedure
HP:0002652,radiograph imaging procedure
HP:0005716,radiograph imaging procedure
HP:0002655,radiograph imaging procedure
HP:0002654,radiograph imaging procedure
HP:0100252,radiograph imaging procedure
HP:0005775,radiograph imaging procedure
HP:0002651,radiograph imaging procedure
HP:0025477,radiograph imaging procedure
HP:0002797,radiograph imaging procedure
HP:0002763,radiograph imaging procedure
HP:0003103,radiograph imaging procedure
HP:0005791,radiograph imaging procedure
HP:0100036,radiograph imaging procedure
HP:0100039,radiograph imaging procedure
HP:0005731,radiograph imaging procedure
HP:0004271,radiograph imaging procedure
HP:0004272,radiograph imaging procedure
HP:0006415,radiograph imaging procedure
HP:0000935,radiograph imaging procedure
HP:0002753,radiograph imaging procedure
HP:0005665,radiograph imaging procedure
HP:0005926,radiograph imaging procedure
HP:0005652,radiograph imaging procedure
HP:0002764,radiograph imaging procedure
HP:0002749,radiograph imaging procedure
HP:0003330,radiograph imaging procedure
HP:0011849,radiograph imaging procedure
HP:0010136,radiograph imaging procedure
HP:0034282,radiograph imaging procedure
HP:0004606,radiograph imaging procedure
HP:0100211,radiograph imaging procedure
HP:0006619,radiograph imaging procedure
HP:0004605,radiograph imaging procedure
HP:0006615,radiograph imaging procedure
HP:0006611,radiograph imaging procedure
HP:0010122,radiograph imaging procedure
HP:0004598,radiograph imaging procedure
HP:0004599,radiograph imaging procedure
HP:0100200,radiograph imaging procedure
HP:0006607,radiograph imaging procedure
HP:0010739,radiograph imaging procedure
HP:0006392,radiograph imaging procedure
HP:0006598,radiograph imaging procedure
HP:0100189,radiograph imaging procedure
HP:0005789,radiograph imaging procedure
HP:0100178,radiograph imaging procedure
HP:0012306,radiograph imaging procedure
HP:0100166,radiograph imaging procedure
HP:0012711,radiograph imaging procedure
HP:0004349,radiograph imaging procedure
HP:0004348,radiograph imaging procedure
HP:0040160,radiograph imaging procedure
HP:0003336,radiograph imaging procedure
HP:0040161,radiograph imaging procedure
HP:0100155,radiograph imaging procedure
HP:0000939,radiograph imaging procedure
HP:0100569,radiograph imaging procedure
HP:0000938,radiograph imaging procedure
HP:0005756,radiograph imaging procedure
HP:0100144,radiograph imaging procedure
HP:0005746,radiograph imaging procedure
HP:0010675,radiograph imaging procedure
HP:0100131,radiograph imaging procedure
HP:0010660,radiograph imaging procedure
HP:0100120,radiograph imaging procedure
HP:0010655,radiograph imaging procedure
HP:0010656,radiograph imaging procedure
HP:0010657,radiograph imaging procedure
HP:0010658,radiograph imaging procedure
HP:0010659,radiograph imaging procedure
HP:0011863,radiograph imaging procedure
HP:0004290,radiograph imaging procedure
HP:0004291,radiograph imaging procedure
HP:0100109,radiograph imaging procedure
HP:0005700,radiograph imaging procedure
HP:0004280,radiograph imaging procedure
HP:0004289,radiograph imaging procedure
HP:0004286,radiograph imaging procedure
HP:0004281,radiograph imaging procedure
HP:0004274,radiograph imaging procedure
HP:0100086,radiograph imaging procedure
HP:0005686,radiograph imaging procedure
HP:0005897,radiograph imaging procedure
HP:0011001,radiograph imaging procedure
HP:0011002,radiograph imaging procedure
HP:0005477,radiograph imaging procedure
HP:0004051,radiograph imaging procedure
HP:0004052,radiograph imaging procedure
HP:0004053,radiograph imaging procedure
HP:0004054,radiograph imaging procedure
HP:0100075,radiograph imaging procedure
HP:0005885,radiograph imaging procedure
HP:0005464,radiograph imaging procedure
HP:0500031,radiograph imaging procedure
HP:0100064,radiograph imaging procedure
HP:0003034,radiograph imaging procedure
HP:0005045,radiograph imaging procedure
HP:0006463,radiograph imaging procedure
HP:0006462,radiograph imaging procedure
HP:0005450,radiograph imaging procedure
HP:0100053,radiograph imaging procedure
HP:0006454,radiograph imaging procedure
HP:0005653,radiograph imaging procedure
HP:0010171,radiograph imaging procedure
HP:0031096,radiograph imaging procedure
HP:0006440,radiograph imaging procedure
HP:0012792,radiograph imaging procedure
HP:0012790,radiograph imaging procedure
HP:0006646,radiograph imaging procedure
HP:0006643,radiograph imaging procedure
HP:0006642,radiograph imaging procedure
HP:0005841,radiograph imaging procedure
HP:0100233,radiograph imaging procedure
HP:0011989,radiograph imaging procedure
HP:0011988,radiograph imaging procedure
HP:0011987,radiograph imaging procedure
HP:0011986,radiograph imaging procedure
HP:0006634,radiograph imaging procedure
HP:0008435,radiograph imaging procedure
HP:0010147,radiograph imaging procedure
HP:0005625,radiograph imaging procedure
HP:0100222,radiograph imaging procedure
HP:0006628,radiograph imaging procedure
HP:0003319,radiograph imaging procedure
HP:0100593,radiograph imaging procedure
HP:0005930,radiograph imaging procedure
HP:0100774,radiograph imaging procedure
HP:0004993,radiograph imaging procedure
HP:0004990,radiograph imaging procedure
HP:0004940,radiograph imaging procedure
HP:0004934,radiograph imaging procedure
HP:0000940,radiograph imaging procedure
HP:0006383,radiograph imaging procedure
HP:0005019,radiograph imaging procedure
HP:0100254,radiograph imaging procedure
HP:0100253,radiograph imaging procedure
HP:0002970,radiograph imaging procedure
HP:0002979,radiograph imaging procedure
HP:0006473,radiograph imaging procedure
HP:0006371,radiograph imaging procedure
HP:0006470,radiograph imaging procedure
HP:0000941,radiograph imaging procedure
HP:0010502,radiograph imaging procedure
HP:0012699,radiograph imaging procedure
HP:0006488,radiograph imaging procedure
HP:0006487,radiograph imaging procedure
HP:0006409,radiograph imaging procedure
HP:0011314,radiograph imaging procedure
HP:0034159,radiograph imaging procedure
HP:0009144,radiograph imaging procedure
HP:0009122,radiograph imaging procedure
HP:0009121,radiograph imaging procedure
HP:0009115,radiograph imaging procedure
HP:0000924,radiograph imaging procedure
HP:0010579,radiograph imaging procedure
HP:0034281,radiograph imaging procedure
HP:0005066,radiograph imaging procedure
HP:0045060,radiograph imaging procedure
HP:0000943,radiograph imaging procedure
HP:0025520,radiograph imaging procedure
HP:0002832,radiograph imaging procedure
HP:0010588,radiograph imaging procedure
HP:0012565,radiograph imaging procedure
HP:0012566,radiograph imaging procedure
HP:0012567,radiograph imaging procedure
HP:0012562,radiograph imaging procedure
HP:0012563,radiograph imaging procedure
HP:0012564,radiograph imaging procedure
HP:0006009,radiograph imaging procedure
HP:0006200,radiograph imaging procedure
HP:0006095,radiograph imaging procedure
HP:0003071,radiograph imaging procedure
HP:0006172,radiograph imaging procedure
HP:0030289,radiograph imaging procedure
HP:0005715,radiograph imaging procedure
HP:0032458,radiograph imaging procedure
HP:0011927,radiograph imaging procedure
HP:0010631,radiograph imaging procedure
HP:0005063,radiograph imaging procedure
HP:0003053,radiograph imaging procedure
HP:0100168,radiograph imaging procedure
HP:0003013,radiograph imaging procedure
HP:0006400,radiograph imaging procedure
HP:0010595,radiograph imaging procedure
HP:0010594,radiograph imaging procedure
HP:0010593,radiograph imaging procedure
HP:0010582,radiograph imaging procedure
HP:0010583,radiograph imaging procedure
HP:0010584,radiograph imaging procedure
HP:0010580,radiograph imaging procedure
HP:0010578,radiograph imaging procedure
HP:0010577,radiograph imaging procedure
HP:0010585,radiograph imaging procedure
HP:0010587,radiograph imaging procedure
HP:0030330,radiograph imaging procedure
HP:0200003,radiograph imaging procedure
HP:0006505,radiograph imaging procedure
HP:0006500,radiograph imaging procedure
HP:0034530,radiograph imaging procedure
HP:0031073,endocrine testing
HP:0031083,endocrine testing
HP:0031084,endocrine testing
HP:0031074,endocrine testing
HP:0031075,endocrine testing
HP:0031076,endocrine testing
HP:0031077,endocrine testing
HP:0031078,endocrine testing
HP:0031079,endocrine testing
HP:0031280,endocrine testing
HP:0020159,endocrine testing
HP:0031279,endocrine testing
HP:0031080,endocrine testing
HP:0031081,endocrine testing
HP:0031082,endocrine testing
HP:0030057,serology testing
HP:4000031,serology testing
HP:4000030,serology testing
HP:0034079,serology testing
HP:0034078,serology testing
HP:0034077,serology testing
HP:0034076,serology testing
HP:0034071,serology testing
HP:0034070,serology testing
HP:4000029,serology testing
HP:4000022,serology testing
HP:4000021,serology testing
HP:4000024,serology testing
HP:4000023,serology testing
HP:4000028,serology testing
HP:4000027,serology testing
HP:4000026,serology testing
HP:4000025,serology testing
HP:0032492,serology testing
HP:0033713,serology testing
HP:0003454,serology testing
HP:0003453,serology testing
HP:4000020,serology testing
HP:0034069,serology testing
HP:0034068,serology testing
HP:0034066,serology testing
HP:0034065,serology testing
HP:0034064,serology testing
HP:0034063,serology testing
HP:0034062,serology testing
HP:0034061,serology testing
HP:4000019,serology testing
HP:4000018,serology testing
HP:0033708,serology testing
HP:4000017,serology testing
HP:4000016,serology testing
HP:4000015,serology testing
HP:4000014,serology testing
HP:4000013,serology testing
HP:0031104,serology testing
HP:0034055,serology testing
HP:0034158,serology testing
HP:0034156,serology testing
HP:0034157,serology testing
HP:0034154,serology testing
HP:0034155,serology testing
HP:0034152,serology testing
HP:0032376,serology testing
HP:0034153,serology testing
HP:0034150,serology testing
HP:0034151,serology testing
HP:0034257,serology testing
HP:0032069,serology testing
HP:0031810,serology testing
HP:0032469,serology testing
HP:0034149,serology testing
HP:0034147,serology testing
HP:0032264,serology testing
HP:0034148,serology testing
HP:0034145,serology testing
HP:0034146,serology testing
HP:0034144,serology testing
HP:0032366,serology testing
HP:0034143,serology testing
HP:0034142,serology testing
HP:0034141,serology testing
HP:0034140,serology testing
HP:0031907,serology testing
HP:0030888,serology testing
HP:0030167,serology testing
HP:0034139,serology testing
HP:0034138,serology testing
HP:0034137,serology testing
HP:0034136,serology testing
HP:0034135,serology testing
HP:0034134,serology testing
HP:0034133,serology testing
HP:0034132,serology testing
HP:0034131,serology testing
HP:0034130,serology testing
HP:0003613,serology testing
HP:0034024,serology testing
HP:0034022,serology testing
HP:0034023,serology testing
HP:0034020,serology testing
HP:0034021,serology testing
HP:0034129,serology testing
HP:0034127,serology testing
HP:0030873,serology testing
HP:0034128,serology testing
HP:0034126,serology testing
HP:0034125,serology testing
HP:0034124,serology testing
HP:0034123,serology testing
HP:0034122,serology testing
HP:0034121,serology testing
HP:0034120,serology testing
HP:0034019,serology testing
HP:0034018,serology testing
HP:0034017,serology testing
HP:0034016,serology testing
HP:0032230,serology testing
HP:0032235,serology testing
HP:0034119,serology testing
HP:0034118,serology testing
HP:0034117,serology testing
HP:0034116,serology testing
HP:0034115,serology testing
HP:0034114,serology testing
HP:0034112,serology testing
HP:0034111,serology testing
HP:0034110,serology testing
HP:0032229,serology testing
HP:0020151,serology testing
HP:0030859,serology testing
HP:0020050,serology testing
HP:0034002,serology testing
HP:0033395,serology testing
HP:0034001,serology testing
HP:0033394,serology testing
HP:0034109,serology testing
HP:0034108,serology testing
HP:0034107,serology testing
HP:0034106,serology testing
HP:0034105,serology testing
HP:0034104,serology testing
HP:0034103,serology testing
HP:0034102,serology testing
HP:0034101,serology testing
HP:0034100,serology testing
HP:0033593,serology testing
HP:0033592,serology testing
HP:0025381,serology testing
HP:0020137,serology testing
HP:0020136,serology testing
HP:0025379,serology testing
HP:5000044,serology testing
HP:0033476,serology testing
HP:5000043,serology testing
HP:5000048,serology testing
HP:5000047,serology testing
HP:5000046,serology testing
HP:5000042,serology testing
HP:0030210,serology testing
HP:0033576,serology testing
HP:0033575,serology testing
HP:0033574,serology testing
HP:0033573,serology testing
HP:0033572,serology testing
HP:0033563,serology testing
HP:5000034,serology testing
HP:5000038,serology testing
HP:5000037,serology testing
HP:5000039,serology testing
HP:0030209,serology testing
HP:0030208,serology testing
HP:5000036,serology testing
HP:5000035,serology testing
HP:5000033,serology testing
HP:5000032,serology testing
HP:0033565,serology testing
HP:5000031,serology testing
HP:5000030,serology testing
HP:0033562,serology testing
HP:0033561,serology testing
HP:0033560,serology testing
HP:0033559,serology testing
HP:0033557,serology testing
HP:0025353,serology testing
HP:0033558,serology testing
HP:0033555,serology testing
HP:0033556,serology testing
HP:0033554,serology testing
HP:5000023,serology testing
HP:5000029,serology testing
HP:5000028,serology testing
HP:5000027,serology testing
HP:5000026,serology testing
HP:5000025,serology testing
HP:5000024,serology testing
HP:5000022,serology testing
HP:5000021,serology testing
HP:0033040,serology testing
HP:5000020,serology testing
HP:0030909,serology testing
HP:0030908,serology testing
HP:0003493,serology testing
HP:5000012,serology testing
HP:0025343,serology testing
HP:5000016,serology testing
HP:0033342,serology testing
HP:5000015,serology testing
HP:5000014,serology testing
HP:5000019,serology testing
HP:0033038,serology testing
HP:5000018,serology testing
HP:5000017,serology testing
HP:0033034,serology testing
HP:0025440,serology testing
HP:0033033,serology testing
HP:5000013,serology testing
HP:5000011,serology testing
HP:0033030,serology testing
HP:5000010,serology testing
HP:0034093,serology testing
HP:0034094,serology testing
HP:0034091,serology testing
HP:0034092,serology testing
HP:0034090,serology testing
HP:0034099,serology testing
HP:0034097,serology testing
HP:0034098,serology testing
HP:0034095,serology testing
HP:0034096,serology testing
HP:0002923,serology testing
HP:5000009,serology testing
HP:0033028,serology testing
HP:5000008,serology testing
HP:5000007,serology testing
HP:5000006,serology testing
HP:5000005,serology testing
HP:5000004,serology testing
HP:5000003,serology testing
HP:5000002,serology testing
HP:5000001,serology testing
HP:5000000,serology testing
HP:0033637,serology testing
HP:0025329,serology testing
HP:0034082,serology testing
HP:0034089,serology testing
HP:0034088,serology testing
HP:0034087,serology testing
HP:0034086,serology testing
HP:0034085,serology testing
HP:0034084,serology testing
HP:0034083,serology testing
HP:0034189,serology testing
HP:0034081,serology testing
HP:0034080,serology testing
HP:0025629,serology testing
HP:0033629,serology testing
HP:0003262,serology testing
HP:0002960,serology testing
HP:0032266,serology testing
HP:0032265,serology testing
HP:0012393,allergy and immunology specialist evaluation
HP:0100327,allergy and immunology specialist evaluation
HP:0410329,allergy and immunology specialist evaluation
HP:0007879,allergy and immunology specialist evaluation
HP:0410328,allergy and immunology specialist evaluation
HP:0410327,allergy and immunology specialist evaluation
HP:0410326,allergy and immunology specialist evaluation
HP:0410325,allergy and immunology specialist evaluation
HP:0410324,allergy and immunology specialist evaluation
HP:0410323,allergy and immunology specialist evaluation
HP:0410322,allergy and immunology specialist evaluation
HP:0410321,allergy and immunology specialist evaluation
HP:0410320,allergy and immunology specialist evaluation
HP:0012395,allergy and immunology specialist evaluation
HP:0012394,allergy and immunology specialist evaluation
HP:0410337,allergy and immunology specialist evaluation
HP:0410336,allergy and immunology specialist evaluation
HP:0410339,allergy and immunology specialist evaluation
HP:0410338,allergy and immunology specialist evaluation
HP:0410319,allergy and immunology specialist evaluation
HP:0003193,allergy and immunology specialist evaluation
HP:0410335,allergy and immunology specialist evaluation
HP:0410334,allergy and immunology specialist evaluation
HP:0410333,allergy and immunology specialist evaluation
HP:0410332,allergy and immunology specialist evaluation
HP:0410331,allergy and immunology specialist evaluation
HP:0410330,allergy and immunology specialist evaluation
HP:0500094,allergy and immunology specialist evaluation
HP:0500093,allergy and immunology specialist evaluation
HP:0002963,allergy and immunology specialist evaluation
HP:0002972,allergy and immunology specialist evaluation
HP:0002965,allergy and immunology specialist evaluation
HP:0100326,allergy and immunology specialist evaluation
HP:0032439,allergy and immunology specialist evaluation
HP:0500096,allergy and immunology specialist evaluation
HP:0500095,allergy and immunology specialist evaluation
HP:0008069,dermatology specialist evaluation
HP:0007524,dermatology specialist evaluation
HP:0006769,dermatology specialist evaluation
HP:0009720,dermatology specialist evaluation
HP:0100698,dermatology specialist evaluation
HP:0031525,dermatology specialist evaluation
HP:0030447,dermatology specialist evaluation
HP:0031018,dermatology specialist evaluation
HP:0006851,dermatology specialist evaluation
HP:0025367,dermatology specialist evaluation
HP:0040167,dermatology specialist evaluation
HP:0031287,dermatology specialist evaluation
HP:0005220,dermatology specialist evaluation
HP:0002860,dermatology specialist evaluation
HP:0032228,dermatology specialist evaluation
HP:0032225,dermatology specialist evaluation
HP:0007606,dermatology specialist evaluation
HP:0006755,dermatology specialist evaluation
HP:0012035,dermatology specialist evaluation
HP:0002671,dermatology specialist evaluation
HP:0006751,dermatology specialist evaluation
HP:0030436,dermatology specialist evaluation
HP:0030434,dermatology specialist evaluation
HP:0200022,dermatology specialist evaluation
HP:0007596,dermatology specialist evaluation
HP:0025127,dermatology specialist evaluation
HP:0032215,dermatology specialist evaluation
HP:0200151,dermatology specialist evaluation
HP:0100726,dermatology specialist evaluation
HP:0030428,dermatology specialist evaluation
HP:0031454,dermatology specialist evaluation
HP:0007541,dermatology specialist evaluation
HP:0032301,dermatology specialist evaluation
HP:0001031,dermatology specialist evaluation
HP:0031549,dermatology specialist evaluation
HP:0031548,dermatology specialist evaluation
HP:0012060,dermatology specialist evaluation
HP:0025432,dermatology specialist evaluation
HP:0012846,dermatology specialist evaluation
HP:0040098,dermatology specialist evaluation
HP:0012845,dermatology specialist evaluation
HP:0012844,dermatology specialist evaluation
HP:0012843,dermatology specialist evaluation
HP:0012842,dermatology specialist evaluation
HP:0031405,dermatology specialist evaluation
HP:0006739,dermatology specialist evaluation
HP:0009595,dermatology specialist evaluation
HP:0009593,dermatology specialist evaluation
HP:0012058,dermatology specialist evaluation
HP:0009735,dermatology specialist evaluation
HP:0012059,dermatology specialist evaluation
HP:0012057,dermatology specialist evaluation
HP:0009732,dermatology specialist evaluation
HP:0012056,dermatology specialist evaluation
HP:0007576,dermatology specialist evaluation
HP:0006773,dermatology specialist evaluation
HP:0001067,dermatology specialist evaluation
HP:0030410,dermatology specialist evaluation
HP:0007620,dermatology specialist evaluation
HP:0012740,dermatology specialist evaluation
HP:0200043,dermatology specialist evaluation
HP:0007437,dermatology specialist evaluation
HP:0550004,dermatology specialist evaluation
HP:0031024,dermatology specialist evaluation
HP:0031022,dermatology specialist evaluation
HP:0031021,dermatology specialist evaluation
HP:0012182,dermatology specialist evaluation
HP:0001106,dermatology specialist evaluation
HP:0011123,dermatology specialist evaluation
HP:0012322,dermatology specialist evaluation
HP:0001581,dermatology specialist evaluation
HP:0012282,dermatology specialist evaluation
HP:0032282,dermatology specialist evaluation
HP:0033697,dermatology specialist evaluation
HP:0033696,dermatology specialist evaluation
HP:0033699,dermatology specialist evaluation
HP:0033698,dermatology specialist evaluation
HP:0011127,dermatology specialist evaluation
HP:0031292,dermatology specialist evaluation
HP:0012204,dermatology specialist evaluation
HP:0030845,dermatology specialist evaluation
HP:0100838,dermatology specialist evaluation
HP:0001047,dermatology specialist evaluation
HP:0009789,dermatology specialist evaluation
HP:0040137,dermatology specialist evaluation
HP:0007381,dermatology specialist evaluation
HP:0000976,dermatology specialist evaluation
HP:0033700,dermatology specialist evaluation
HP:0200039,dermatology specialist evaluation
HP:0011132,dermatology specialist evaluation
HP:0001051,dermatology specialist evaluation
HP:0040186,dermatology specialist evaluation
HP:0100847,dermatology specialist evaluation
HP:0001055,dermatology specialist evaluation
HP:0007473,dermatology specialist evaluation
HP:0033120,dermatology specialist evaluation
HP:0005406,dermatology specialist evaluation
HP:0010771,dermatology specialist evaluation
HP:0012219,dermatology specialist evaluation
HP:0034036,dermatology specialist evaluation
HP:0034037,dermatology specialist evaluation
HP:0009710,dermatology specialist evaluation
HP:0001019,dermatology specialist evaluation
HP:0000988,dermatology specialist evaluation
HP:0007569,dermatology specialist evaluation
HP:0001061,dermatology specialist evaluation
HP:0002728,dermatology specialist evaluation
HP:0005411,dermatology specialist evaluation
HP:0040154,dermatology specialist evaluation
HP:0009098,dermatology specialist evaluation
HP:0003765,dermatology specialist evaluation
HP:0031234,dermatology specialist evaluation
HP:0031190,dermatology specialist evaluation
HP:0031191,dermatology specialist evaluation
HP:0031235,dermatology specialist evaluation
HP:0000999,dermatology specialist evaluation
HP:0031236,dermatology specialist evaluation
HP:0025084,dermatology specialist evaluation
HP:0040325,dermatology specialist evaluation
HP:0040324,dermatology specialist evaluation
HP:0007573,dermatology specialist evaluation
HP:4000054,dermatology specialist evaluation
HP:0032022,dermatology specialist evaluation
HP:0033188,dermatology specialist evaluation
HP:0033605,dermatology specialist evaluation
HP:0033564,dermatology specialist evaluation
HP:0020083,dermatology specialist evaluation
HP:0020084,dermatology specialist evaluation
HP:0000964,dermatology specialist evaluation
HP:0025300,dermatology specialist evaluation
HP:0007417,dermatology specialist evaluation
HP:0011370,dermatology specialist evaluation
HP:0011371,dermatology specialist evaluation
HP:0011356,dermatology specialist evaluation
HP:0032541,dermatology specialist evaluation
HP:0009760,dermatology specialist evaluation
HP:0007403,dermatology specialist evaluation
HP:0007455,dermatology specialist evaluation
HP:0033073,dermatology specialist evaluation
HP:0009759,dermatology specialist evaluation
HP:0009757,dermatology specialist evaluation
HP:0009756,dermatology specialist evaluation
HP:0007556,dermatology specialist evaluation
HP:0001060,dermatology specialist evaluation
HP:0001869,dermatology specialist evaluation
HP:0033005,dermatology specialist evaluation
HP:0001059,dermatology specialist evaluation
HP:0025537,dermatology specialist evaluation
HP:0001212,dermatology specialist evaluation
HP:0010506,dermatology specialist evaluation
HP:0011303,dermatology specialist evaluation
HP:0001040,dermatology specialist evaluation
HP:0200028,dermatology specialist evaluation
HP:0007477,dermatology specialist evaluation
HP:0011298,dermatology specialist evaluation
HP:0008113,dermatology specialist evaluation
HP:0010541,dermatology specialist evaluation
HP:0004681,dermatology specialist evaluation
HP:0100872,dermatology specialist evaluation
HP:0100870,dermatology specialist evaluation
HP:0008107,dermatology specialist evaluation
HP:0025276,dermatology specialist evaluation
HP:0000975,dermatology specialist evaluation
HP:0000966,dermatology specialist evaluation
HP:0034012,dermatology specialist evaluation
HP:0000970,dermatology specialist evaluation
HP:0007451,dermatology specialist evaluation
HP:0025278,dermatology specialist evaluation
HP:0025277,dermatology specialist evaluation
HP:0007459,dermatology specialist evaluation
HP:0007550,dermatology specialist evaluation
HP:0001069,dermatology specialist evaluation
HP:0007480,dermatology specialist evaluation
HP:0025272,dermatology specialist evaluation
HP:0001595,dermatology specialist evaluation
HP:0004524,dermatology specialist evaluation
HP:0004529,dermatology specialist evaluation
HP:0004528,dermatology specialist evaluation
HP:0004527,dermatology specialist evaluation
HP:0008070,dermatology specialist evaluation
HP:0011335,dermatology specialist evaluation
HP:0005599,dermatology specialist evaluation
HP:0005597,dermatology specialist evaluation
HP:0007534,dermatology specialist evaluation
HP:0025470,dermatology specialist evaluation
HP:0040170,dermatology specialist evaluation
HP:0001596,dermatology specialist evaluation
HP:0000294,dermatology specialist evaluation
HP:0002232,dermatology specialist evaluation
HP:0025469,dermatology specialist evaluation
HP:0032497,dermatology specialist evaluation
HP:0032496,dermatology specialist evaluation
HP:0032495,dermatology specialist evaluation
HP:0040169,dermatology specialist evaluation
HP:0007418,dermatology specialist evaluation
HP:0002234,dermatology specialist evaluation
HP:0002236,dermatology specialist evaluation
HP:0002231,dermatology specialist evaluation
HP:0002230,dermatology specialist evaluation
HP:0009890,dermatology specialist evaluation
HP:0002552,dermatology specialist evaluation
HP:0002225,dermatology specialist evaluation
HP:0002224,dermatology specialist evaluation
HP:0002220,dermatology specialist evaluation
HP:0009889,dermatology specialist evaluation
HP:0009888,dermatology specialist evaluation
HP:0009887,dermatology specialist evaluation
HP:0009554,dermatology specialist evaluation
HP:0009553,dermatology specialist evaluation
HP:0040149,dermatology specialist evaluation
HP:0031283,dermatology specialist evaluation
HP:0002219,dermatology specialist evaluation
HP:0002218,dermatology specialist evaluation
HP:0002217,dermatology specialist evaluation
HP:0002216,dermatology specialist evaluation
HP:0002215,dermatology specialist evaluation
HP:0002213,dermatology specialist evaluation
HP:0002212,dermatology specialist evaluation
HP:0002211,dermatology specialist evaluation
HP:0001022,dermatology specialist evaluation
HP:0000599,dermatology specialist evaluation
HP:0500262,dermatology specialist evaluation
HP:0002208,dermatology specialist evaluation
HP:0002209,dermatology specialist evaluation
HP:0005325,dermatology specialist evaluation
HP:0100038,dermatology specialist evaluation
HP:0100037,dermatology specialist evaluation
HP:0001007,dermatology specialist evaluation
HP:0002297,dermatology specialist evaluation
HP:0009747,dermatology specialist evaluation
HP:0002296,dermatology specialist evaluation
HP:0002299,dermatology specialist evaluation
HP:0012891,dermatology specialist evaluation
HP:0004780,dermatology specialist evaluation
HP:0002293,dermatology specialist evaluation
HP:0002292,dermatology specialist evaluation
HP:0002290,dermatology specialist evaluation
HP:0100134,dermatology specialist evaluation
HP:0100133,dermatology specialist evaluation
HP:0007464,dermatology specialist evaluation
HP:0002286,dermatology specialist evaluation
HP:0002287,dermatology specialist evaluation
HP:0002289,dermatology specialist evaluation
HP:0004779,dermatology specialist evaluation
HP:0004771,dermatology specialist evaluation
HP:0000349,dermatology specialist evaluation
HP:0004554,dermatology specialist evaluation
HP:0011362,dermatology specialist evaluation
HP:0011363,dermatology specialist evaluation
HP:0011364,dermatology specialist evaluation
HP:0011365,dermatology specialist evaluation
HP:0034042,dermatology specialist evaluation
HP:0011914,dermatology specialist evaluation
HP:0011913,dermatology specialist evaluation
HP:0030056,dermatology specialist evaluation
HP:0011360,dermatology specialist evaluation
HP:0011361,dermatology specialist evaluation
HP:0010721,dermatology specialist evaluation
HP:0010720,dermatology specialist evaluation
HP:0000998,dermatology specialist evaluation
HP:0004768,dermatology specialist evaluation
HP:0011359,dermatology specialist evaluation
HP:0011358,dermatology specialist evaluation
HP:0010719,dermatology specialist evaluation
HP:0004540,dermatology specialist evaluation
HP:0032313,dermatology specialist evaluation
HP:0002162,dermatology specialist evaluation
HP:0009937,dermatology specialist evaluation
HP:0100874,dermatology specialist evaluation
HP:0004535,dermatology specialist evaluation
HP:0004532,dermatology specialist evaluation
HP:0010814,dermatology specialist evaluation
HP:0010813,dermatology specialist evaluation
HP:0030141,dermatology specialist evaluation
HP:0010783,dermatology specialist evaluation
HP:0033622,dermatology specialist evaluation
HP:0033194,dermatology specialist evaluation
HP:0025493,dermatology specialist evaluation
HP:0033195,dermatology specialist evaluation
HP:0031180,dermatology specialist evaluation
HP:0031181,dermatology specialist evaluation
HP:0001041,dermatology specialist evaluation
HP:0040323,dermatology specialist evaluation
HP:0025535,dermatology specialist evaluation
HP:0025536,dermatology specialist evaluation
HP:0100585,dermatology specialist evaluation
HP:0005598,dermatology specialist evaluation
HP:0007380,dermatology specialist evaluation
HP:0012522,dermatology specialist evaluation
HP:0025555,dermatology specialist evaluation
HP:0006107,dermatology specialist evaluation
HP:0007621,dermatology specialist evaluation
HP:0007586,dermatology specialist evaluation
HP:0007421,dermatology specialist evaluation
HP:0100579,dermatology specialist evaluation
HP:0100725,dermatology specialist evaluation
HP:0011354,dermatology specialist evaluation
HP:0011276,dermatology specialist evaluation
HP:0007537,dermatology specialist evaluation
HP:0011137,dermatology specialist evaluation
HP:0200029,dermatology specialist evaluation
HP:0007482,dermatology specialist evaluation
HP:0009003,dermatology specialist evaluation
HP:0007489,dermatology specialist evaluation
HP:0200030,dermatology specialist evaluation
HP:0000992,dermatology specialist evaluation
HP:0007495,dermatology specialist evaluation
HP:0001030,dermatology specialist evaluation
HP:0001033,dermatology specialist evaluation
HP:0033370,dermatology specialist evaluation
HP:0001038,dermatology specialist evaluation
HP:0008509,dermatology specialist evaluation
HP:0007607,dermatology specialist evaluation
HP:0007552,dermatology specialist evaluation
HP:0007414,dermatology specialist evaluation
HP:0200048,dermatology specialist evaluation
HP:0001043,dermatology specialist evaluation
HP:0007618,dermatology specialist evaluation
HP:0007428,dermatology specialist evaluation
HP:0033832,dermatology specialist evaluation
HP:0001050,dermatology specialist evaluation
HP:0001058,dermatology specialist evaluation
HP:0100665,dermatology specialist evaluation
HP:0030168,dermatology specialist evaluation
HP:0033505,dermatology specialist evaluation
HP:0009762,dermatology specialist evaluation
HP:0034409,dermatology specialist evaluation
HP:0034408,dermatology specialist evaluation
HP:0007436,dermatology specialist evaluation
HP:0032556,dermatology specialist evaluation
HP:0001063,dermatology specialist evaluation
HP:0033260,dermatology specialist evaluation
HP:0034410,dermatology specialist evaluation
HP:0034411,dermatology specialist evaluation
HP:0100678,dermatology specialist evaluation
HP:0007583,dermatology specialist evaluation
HP:0007585,dermatology specialist evaluation
HP:0007394,dermatology specialist evaluation
HP:0000228,dermatology specialist evaluation
HP:0007396,dermatology specialist evaluation
HP:0001071,dermatology specialist evaluation
HP:0034030,dermatology specialist evaluation
HP:0034031,dermatology specialist evaluation
HP:0034032,dermatology specialist evaluation
HP:0034033,dermatology specialist evaluation
HP:0034034,dermatology specialist evaluation
HP:0032379,dermatology specialist evaluation
HP:0007457,dermatology specialist evaluation
HP:0031284,dermatology specialist evaluation
HP:0032381,dermatology specialist evaluation
HP:0005328,dermatology specialist evaluation
HP:0000434,dermatology specialist evaluation
HP:0000961,dermatology specialist evaluation
HP:0000965,dermatology specialist evaluation
HP:0000968,dermatology specialist evaluation
HP:0001001,dermatology specialist evaluation
HP:0001005,dermatology specialist evaluation
HP:0001009,dermatology specialist evaluation
HP:0007525,dermatology specialist evaluation
HP:0007529,dermatology specialist evaluation
HP:0007476,dermatology specialist evaluation
HP:0001014,dermatology specialist evaluation
HP:0001015,dermatology specialist evaluation
HP:0001000,dermatology specialist evaluation
HP:0033190,dermatology specialist evaluation
HP:0011125,dermatology specialist evaluation
HP:0007623,dermatology specialist evaluation
HP:0009123,dermatology specialist evaluation
HP:0005587,dermatology specialist evaluation
HP:0010802,dermatology specialist evaluation
HP:0005586,dermatology specialist evaluation
HP:0005585,dermatology specialist evaluation
HP:0007513,dermatology specialist evaluation
HP:0007511,dermatology specialist evaluation
HP:0007406,dermatology specialist evaluation
HP:0007402,dermatology specialist evaluation
HP:0007400,dermatology specialist evaluation
HP:0007456,dermatology specialist evaluation
HP:0001070,dermatology specialist evaluation
HP:0007617,dermatology specialist evaluation
HP:0007450,dermatology specialist evaluation
HP:0040007,dermatology specialist evaluation
HP:0007509,dermatology specialist evaluation
HP:0007610,dermatology specialist evaluation
HP:0007505,dermatology specialist evaluation
HP:0001010,dermatology specialist evaluation
HP:0007554,dermatology specialist evaluation
HP:0034517,dermatology specialist evaluation
HP:0007443,dermatology specialist evaluation
HP:0007440,dermatology specialist evaluation
HP:0007603,dermatology specialist evaluation
HP:0200098,dermatology specialist evaluation
HP:0000953,dermatology specialist evaluation
HP:0001008,dermatology specialist evaluation
HP:0007384,dermatology specialist evaluation
HP:0007546,dermatology specialist evaluation
HP:0007544,dermatology specialist evaluation
HP:0007542,dermatology specialist evaluation
HP:0007438,dermatology specialist evaluation
HP:0007599,dermatology specialist evaluation
HP:0007483,dermatology specialist evaluation
HP:0007535,dermatology specialist evaluation
HP:0012320,dermatology specialist evaluation
HP:0001045,dermatology specialist evaluation
HP:0007427,dermatology specialist evaluation
HP:0005336,dermatology specialist evaluation
HP:0005602,dermatology specialist evaluation
HP:0007588,dermatology specialist evaluation
HP:0007587,dermatology specialist evaluation
HP:0007581,dermatology specialist evaluation
HP:0012319,dermatology specialist evaluation
HP:0007471,dermatology specialist evaluation
HP:0005592,dermatology specialist evaluation
HP:0007521,dermatology specialist evaluation
HP:0007574,dermatology specialist evaluation
HP:0200015,dermatology specialist evaluation
HP:0007572,dermatology specialist evaluation
HP:0011830,dermatology specialist evaluation
HP:0034418,dermatology specialist evaluation
HP:0034417,dermatology specialist evaluation
HP:0000230,dermatology specialist evaluation
HP:0034518,dermatology specialist evaluation
HP:0200097,dermatology specialist evaluation
HP:0031453,dermatology specialist evaluation
HP:0012292,dermatology specialist evaluation
HP:0032154,dermatology specialist evaluation
HP:0030816,dermatology specialist evaluation
HP:0030690,dermatology specialist evaluation
HP:0031446,dermatology specialist evaluation
HP:0031445,dermatology specialist evaluation
HP:0010285,dermatology specialist evaluation
HP:0010284,dermatology specialist evaluation
HP:0010280,dermatology specialist evaluation
HP:0000212,dermatology specialist evaluation
HP:0032452,dermatology specialist evaluation
HP:0032451,dermatology specialist evaluation
HP:0011107,dermatology specialist evaluation
HP:0033026,dermatology specialist evaluation
HP:0030249,dermatology specialist evaluation
HP:0100669,dermatology specialist evaluation
HP:0012788,dermatology specialist evaluation
HP:0001072,dermatology specialist evaluation
HP:0007559,dermatology specialist evaluation
HP:0012344,dermatology specialist evaluation
HP:0200044,dermatology specialist evaluation
HP:0031291,dermatology specialist evaluation
HP:0007479,dermatology specialist evaluation
HP:0000956,dermatology specialist evaluation
HP:0007475,dermatology specialist evaluation
HP:0008064,dermatology specialist evaluation
HP:0011368,dermatology specialist evaluation
HP:0007439,dermatology specialist evaluation
HP:0007503,dermatology specialist evaluation
HP:0007431,dermatology specialist evaluation
HP:0550003,dermatology specialist evaluation
HP:0007395,dermatology specialist evaluation
HP:0040162,dermatology specialist evaluation
HP:0011838,dermatology specialist evaluation
HP:0100324,dermatology specialist evaluation
HP:0100699,dermatology specialist evaluation
HP:0000559,dermatology specialist evaluation
HP:0001965,dermatology specialist evaluation
HP:0000971,dermatology specialist evaluation
HP:0000958,dermatology specialist evaluation
HP:0000951,dermatology specialist evaluation
HP:0008066,dermatology specialist evaluation
HP:0031464,dermatology specialist evaluation
HP:0012221,dermatology specialist evaluation
HP:0031045,dermatology specialist evaluation
HP:0033800,dermatology specialist evaluation
HP:0025532,dermatology specialist evaluation
HP:0025531,dermatology specialist evaluation
HP:0011138,dermatology specialist evaluation
HP:0011122,dermatology specialist evaluation
HP:0030331,dermatology specialist evaluation
HP:0011121,dermatology specialist evaluation
HP:0032178,dermatology specialist evaluation
HP:0030053,dermatology specialist evaluation
HP:0030764,dermatology specialist evaluation
HP:0007453,dermatology specialist evaluation
HP:0032674,dermatology specialist evaluation
HP:0032675,dermatology specialist evaluation
HP:0032676,dermatology specialist evaluation
HP:0031512,dermatology specialist evaluation
HP:0031513,dermatology specialist evaluation
HP:0031519,dermatology specialist evaluation
HP:0010648,dermatology specialist evaluation
HP:0032152,dermatology specialist evaluation
HP:0032007,dermatology specialist evaluation
HP:0031286,dermatology specialist evaluation
HP:0034572,dermatology specialist evaluation
HP:0003764,dermatology specialist evaluation
HP:0034587,dermatology specialist evaluation
HP:0000962,dermatology specialist evaluation
HP:0034521,dermatology specialist evaluation
HP:0100763,internal medicine specialist evaluation
HP:0025323,cardiologist evaluation
HP:0002634,cardiologist evaluation
HP:0004416,cardiologist evaluation
HP:0007201,cardiologist evaluation
HP:0004333,cardiologist evaluation
HP:0003640,cardiologist evaluation
HP:0002621,cardiologist evaluation
HP:0003609,cardiologist evaluation
HP:0005177,cardiologist evaluation
HP:0004931,cardiologist evaluation
HP:0012397,cardiologist evaluation
HP:0001677,cardiologist evaluation
HP:0031012,cardiologist evaluation
HP:0031011,cardiologist evaluation
HP:0012436,cardiologist evaluation
HP:0031683,cardiologist evaluation
HP:0031682,cardiologist evaluation
HP:0031681,cardiologist evaluation
HP:0031680,cardiologist evaluation
HP:0003651,cardiologist evaluation
HP:0002635,cardiologist evaluation
HP:0004943,cardiologist evaluation
HP:0032582,cardiologist evaluation
HP:0034029,cardiologist evaluation
HP:0005181,cardiologist evaluation
HP:0004761,cardiologist evaluation
HP:0031679,cardiologist evaluation
HP:0031678,cardiologist evaluation
HP:0025496,cardiologist evaluation
HP:0012173,cardiologist evaluation
HP:0025443,cardiologist evaluation
HP:0030970,cardiologist evaluation
HP:0001637,cardiologist evaluation
HP:0030956,cardiologist evaluation
HP:0030964,cardiologist evaluation
HP:0030962,cardiologist evaluation
HP:0030969,cardiologist evaluation
HP:0100584,cardiologist evaluation
HP:0025018,cardiologist evaluation
HP:0025015,cardiologist evaluation
HP:0001962,cardiologist evaluation
HP:0001697,cardiologist evaluation
HP:0001648,cardiologist evaluation
HP:0033678,cardiologist evaluation
HP:0001658,cardiologist evaluation
HP:0001626,cardiologist evaluation
HP:0001635,cardiologist evaluation
HP:0001722,cardiologist evaluation
HP:0009805,cardiologist evaluation
HP:0001701,cardiologist evaluation
HP:0012091,endocrinologist evaluation
HP:0005236,endocrinologist evaluation
HP:0006280,endocrinologist evaluation
HP:0006476,endocrinologist evaluation
HP:4000061,endocrinologist evaluation
HP:0031224,endocrinologist evaluation
HP:0031223,endocrinologist evaluation
HP:0001733,endocrinologist evaluation
HP:0001738,endocrinologist evaluation
HP:0012093,endocrinologist evaluation
HP:0012092,endocrinologist evaluation
HP:0001735,endocrinologist evaluation
HP:0100027,endocrinologist evaluation
HP:0006279,endocrinologist evaluation
HP:0006274,endocrinologist evaluation
HP:0004510,endocrinologist evaluation
HP:0012090,endocrinologist evaluation
HP:0002926,endocrinologist evaluation
HP:0000823,endocrinologist evaluation
HP:0025515,endocrinologist evaluation
HP:0025453,endocrinologist evaluation
HP:0002717,endocrinologist evaluation
HP:0000819,endocrinologist evaluation
HP:0004904,endocrinologist evaluation
HP:0000831,endocrinologist evaluation
HP:0005978,endocrinologist evaluation
HP:0100651,endocrinologist evaluation
HP:0000877,endocrinologist evaluation
HP:0008205,endocrinologist evaluation
HP:0008255,endocrinologist evaluation
HP:0009800,endocrinologist evaluation
HP:0000857,endocrinologist evaluation
HP:0011014,endocrinologist evaluation
HP:0003074,endocrinologist evaluation
HP:0040270,endocrinologist evaluation
HP:0011998,endocrinologist evaluation
HP:0011015,endocrinologist evaluation
HP:0000855,endocrinologist evaluation
HP:0008189,endocrinologist evaluation
HP:0031883,endocrinologist evaluation
HP:0004924,endocrinologist evaluation
HP:0001952,endocrinologist evaluation
HP:0025691,endocrinologist evaluation
HP:0005959,endocrinologist evaluation
HP:0003456,endocrinologist evaluation
HP:0100646,endocrinologist evaluation
HP:0000872,endocrinologist evaluation
HP:0100647,endocrinologist evaluation
HP:0000847,endocrinologist evaluation
HP:0000846,endocrinologist evaluation
HP:0008373,endocrinologist evaluation
HP:0008647,endocrinologist evaluation
HP:0008187,endocrinologist evaluation
HP:0010465,endocrinologist evaluation
HP:0100000,endocrinologist evaluation
HP:0008185,endocrinologist evaluation
HP:0008226,endocrinologist evaluation
HP:0002929,endocrinologist evaluation
HP:0012412,endocrinologist evaluation
HP:0012411,endocrinologist evaluation
HP:0000840,endocrinologist evaluation
HP:0008197,endocrinologist evaluation
HP:0000826,endocrinologist evaluation
HP:0010314,endocrinologist evaluation
HP:0008193,endocrinologist evaluation
HP:0008236,endocrinologist evaluation
HP:0000818,endocrinologist evaluation
HP:0000828,endocrinologist evaluation
HP:0000820,endocrinologist evaluation
HP:0033075,endocrinologist evaluation
HP:0012244,endocrinologist evaluation
HP:0012245,endocrinologist evaluation
HP:0005616,endocrinologist evaluation
HP:0002805,endocrinologist evaluation
HP:0200001,endocrinologist evaluation
HP:0012503,endocrinologist evaluation
HP:0000133,endocrinologist evaluation
HP:0008723,endocrinologist evaluation
HP:0008668,endocrinologist evaluation
HP:0031071,endocrinologist evaluation
HP:0031072,endocrinologist evaluation
HP:0033795,endocrinologist evaluation
HP:0031218,endocrinologist evaluation
HP:0011767,endocrinologist evaluation
HP:0011772,endocrinologist evaluation
HP:0100030,endocrinologist evaluation
HP:0010518,endocrinologist evaluation
HP:0100029,endocrinologist evaluation
HP:0100028,endocrinologist evaluation
HP:0008225,endocrinologist evaluation
HP:0008249,endocrinologist evaluation
HP:0008188,endocrinologist evaluation
HP:0011751,endocrinologist evaluation
HP:0011747,endocrinologist evaluation
HP:0011737,endocrinologist evaluation
HP:0011738,endocrinologist evaluation
HP:0011733,endocrinologist evaluation
HP:0011735,endocrinologist evaluation
HP:0011734,endocrinologist evaluation
HP:0008242,endocrinologist evaluation
HP:0008259,endocrinologist evaluation
HP:0004319,endocrinologist evaluation
HP:0008207,endocrinologist evaluation
HP:0011732,endocrinologist evaluation
HP:0008186,endocrinologist evaluation
HP:0008258,endocrinologist evaluation
HP:0008182,endocrinologist evaluation
HP:0008221,endocrinologist evaluation
HP:0008231,endocrinologist evaluation
HP:0010512,endocrinologist evaluation
HP:0008227,endocrinologist evaluation
HP:0001396,gastroenterologist evaluation
HP:0006575,gastroenterologist evaluation
HP:0000952,gastroenterologist evaluation
HP:0012334,gastroenterologist evaluation
HP:0006566,gastroenterologist evaluation
HP:0001406,gastroenterologist evaluation
HP:0001046,gastroenterologist evaluation
HP:0002611,gastroenterologist evaluation
HP:0006579,gastroenterologist evaluation
HP:0011985,gastroenterologist evaluation
HP:0001399,gastroenterologist evaluation
HP:0006554,gastroenterologist evaluation
HP:0004787,gastroenterologist evaluation
HP:0006583,gastroenterologist evaluation
HP:0100626,gastroenterologist evaluation
HP:0004448,gastroenterologist evaluation
HP:0001392,gastroenterologist evaluation
HP:0002024,gastroenterologist evaluation
HP:0041049,gastroenterologist evaluation
HP:0004789,gastroenterologist evaluation
HP:0002630,gastroenterologist evaluation
HP:0002608,gastroenterologist evaluation
HP:0012115,gastroenterologist evaluation
HP:0410042,gastroenterologist evaluation
HP:0025409,gastroenterologist evaluation
HP:0001438,gastroenterologist evaluation
HP:0001410,gastroenterologist evaluation
HP:0001409,gastroenterologist evaluation
HP:0004941,gastroenterologist evaluation
HP:0011458,gastroenterologist evaluation
HP:0008872,gastroenterologist evaluation
HP:0012451,gastroenterologist evaluation
HP:0012450,gastroenterologist evaluation
HP:0002249,gastroenterologist evaluation
HP:0040288,gastroenterologist evaluation
HP:0033589,gastroenterologist evaluation
HP:0002019,gastroenterologist evaluation
HP:0002018,gastroenterologist evaluation
HP:0002017,gastroenterologist evaluation
HP:0002014,gastroenterologist evaluation
HP:0004396,gastroenterologist evaluation
HP:0033628,gastroenterologist evaluation
HP:0004395,gastroenterologist evaluation
HP:0005208,gastroenterologist evaluation
HP:0033310,gastroenterologist evaluation
HP:0002041,gastroenterologist evaluation
HP:0025063,gastroenterologist evaluation
HP:0003270,gastroenterologist evaluation
HP:0030884,gastroenterologist evaluation
HP:0033343,gastroenterologist evaluation
HP:0011471,gastroenterologist evaluation
HP:0011470,gastroenterologist evaluation
HP:0004385,gastroenterologist evaluation
HP:0033994,gastroenterologist evaluation
HP:0002039,gastroenterologist evaluation
HP:0002038,gastroenterologist evaluation
HP:0033454,gastroenterologist evaluation
HP:0033843,gastroenterologist evaluation
HP:0033842,gastroenterologist evaluation
HP:0030145,gastroenterologist evaluation
HP:0030144,gastroenterologist evaluation
HP:0030143,gastroenterologist evaluation
HP:0030142,gastroenterologist evaluation
HP:0002033,gastroenterologist evaluation
HP:0001538,gastroenterologist evaluation
HP:0011469,gastroenterologist evaluation
HP:0025086,gastroenterologist evaluation
HP:0012381,gastroenterologist evaluation
HP:0011968,gastroenterologist evaluation
HP:0025085,gastroenterologist evaluation
HP:0002028,gastroenterologist evaluation
HP:0002254,gastroenterologist evaluation
HP:0002031,gastroenterologist evaluation
HP:0002012,gastroenterologist evaluation
HP:0030914,gastroenterologist evaluation
HP:0100770,gastroenterologist evaluation
HP:0100771,gastroenterologist evaluation
HP:0031857,gastroenterologist evaluation
HP:0030935,gastroenterologist evaluation
HP:0004796,gastroenterologist evaluation
HP:0002246,gastroenterologist evaluation
HP:0002243,gastroenterologist evaluation
HP:0002244,gastroenterologist evaluation
HP:0002242,gastroenterologist evaluation
HP:0002239,gastroenterologist evaluation
HP:0002250,gastroenterologist evaluation
HP:0002248,gastroenterologist evaluation
HP:0025033,gastroenterologist evaluation
HP:0025032,gastroenterologist evaluation
HP:0025031,gastroenterologist evaluation
HP:0001984,gastroenterologist evaluation
HP:0012538,gastroenterologist evaluation
HP:0012732,gastroenterologist evaluation
HP:0012718,gastroenterologist evaluation
HP:0012719,gastroenterologist evaluation
HP:0012701,gastroenterologist evaluation
HP:0012702,gastroenterologist evaluation
HP:0012700,gastroenterologist evaluation
HP:0011024,gastroenterologist evaluation
HP:0012438,gastroenterologist evaluation
HP:0005609,gastroenterologist evaluation
HP:0012439,gastroenterologist evaluation
HP:0012423,gastroenterologist evaluation
HP:0032448,gastroenterologist evaluation
HP:0200123,gastroenterologist evaluation
HP:0200119,gastroenterologist evaluation
HP:0200120,gastroenterologist evaluation
HP:0006572,gastroenterologist evaluation
HP:0200084,gastroenterologist evaluation
HP:0006562,gastroenterologist evaluation
HP:0200122,gastroenterologist evaluation
HP:0200124,gastroenterologist evaluation
HP:0012134,hematologist evaluation
HP:0001903,hematologist evaluation
HP:0010972,hematologist evaluation
HP:0001908,hematologist evaluation
HP:0001937,hematologist evaluation
HP:0001935,hematologist evaluation
HP:0001930,hematologist evaluation
HP:0001931,hematologist evaluation
HP:0008269,hematologist evaluation
HP:0004819,hematologist evaluation
HP:0004817,hematologist evaluation
HP:0004814,hematologist evaluation
HP:0004844,hematologist evaluation
HP:0004870,hematologist evaluation
HP:0004810,hematologist evaluation
HP:0004840,hematologist evaluation
HP:0005505,hematologist evaluation
HP:0005535,hematologist evaluation
HP:0001897,hematologist evaluation
HP:0005532,hematologist evaluation
HP:0001895,hematologist evaluation
HP:0001891,hematologist evaluation
HP:0001890,hematologist evaluation
HP:0001924,hematologist evaluation
HP:0031484,hematologist evaluation
HP:0003339,hematologist evaluation
HP:0004802,hematologist evaluation
HP:0004804,hematologist evaluation
HP:0008346,hematologist evaluation
HP:0004864,hematologist evaluation
HP:0004863,hematologist evaluation
HP:0005524,hematologist evaluation
HP:0004861,hematologist evaluation
HP:0004860,hematologist evaluation
HP:0005525,hematologist evaluation
HP:0001889,hematologist evaluation
HP:0005522,hematologist evaluation
HP:0011895,hematologist evaluation
HP:0032231,hematologist evaluation
HP:0001972,hematologist evaluation
HP:0004826,hematologist evaluation
HP:0004856,hematologist evaluation
HP:0004857,hematologist evaluation
HP:0033074,hematologist evaluation
HP:0004851,hematologist evaluation
HP:0001878,hematologist evaluation
HP:0005511,hematologist evaluation
HP:0005510,hematologist evaluation
HP:0100778,hematologist evaluation
HP:0100724,hematologist evaluation
HP:0001892,hematologist evaluation
HP:0011888,hematologist evaluation
HP:0011889,hematologist evaluation
HP:0001933,hematologist evaluation
HP:0001934,hematologist evaluation
HP:0032144,hematologist evaluation
HP:0006535,hematologist evaluation
HP:0000421,hematologist evaluation
HP:0032990,hematologist evaluation
HP:0011890,hematologist evaluation
HP:0011891,hematologist evaluation
HP:0011896,hematologist evaluation
HP:0031363,hematologist evaluation
HP:0031364,hematologist evaluation
HP:0031365,hematologist evaluation
HP:0004846,hematologist evaluation
HP:0040223,hematologist evaluation
HP:0000967,hematologist evaluation
HP:0003010,hematologist evaluation
HP:0030137,hematologist evaluation
HP:0030138,hematologist evaluation
HP:0030139,hematologist evaluation
HP:0007420,hematologist evaluation
HP:0040231,hematologist evaluation
HP:0040232,hematologist evaluation
HP:0006298,hematologist evaluation
HP:0004406,hematologist evaluation
HP:0000978,hematologist evaluation
HP:0000979,hematologist evaluation
HP:0030140,hematologist evaluation
HP:0040242,hematologist evaluation
HP:0005261,hematologist evaluation
HP:0011029,hematologist evaluation
HP:0012541,hematologist evaluation
HP:0000225,hematologist evaluation
HP:0011884,hematologist evaluation
HP:0011885,hematologist evaluation
HP:0011886,hematologist evaluation
HP:0011887,hematologist evaluation
HP:0001907,hematologist evaluation
HP:0004831,hematologist evaluation
HP:0033553,hematologist evaluation
HP:0033520,hematologist evaluation
HP:0034192,hematologist evaluation
HP:0033639,hematologist evaluation
HP:0001727,hematologist evaluation
HP:0001928,hematologist evaluation
HP:0005542,hematologist evaluation
HP:0040243,hematologist evaluation
HP:0040236,hematologist evaluation
HP:0033106,hematologist evaluation
HP:0040224,hematologist evaluation
HP:0003645,hematologist evaluation
HP:0040249,hematologist evaluation
HP:0040247,hematologist evaluation
HP:0040248,hematologist evaluation
HP:0020193,hematologist evaluation
HP:0001971,hematologist evaluation
HP:0001977,hematologist evaluation
HP:0001978,hematologist evaluation
HP:0001872,hematologist evaluation
HP:0001871,hematologist evaluation
HP:0001881,hematologist evaluation
HP:0011869,hematologist evaluation
HP:0002841,infectious disease internist evaluation
HP:0005401,infectious disease internist evaluation
HP:0025351,infectious disease internist evaluation
HP:0002724,infectious disease internist evaluation
HP:0012203,infectious disease internist evaluation
HP:0025472,infectious disease internist evaluation
HP:0002719,infectious disease internist evaluation
HP:0000403,infectious disease internist evaluation
HP:0007408,infectious disease internist evaluation
HP:0011110,infectious disease internist evaluation
HP:0004891,infectious disease internist evaluation
HP:0005376,infectious disease internist evaluation
HP:0002842,infectious disease internist evaluation
HP:0020096,infectious disease internist evaluation
HP:0002718,infectious disease internist evaluation
HP:0011948,infectious disease internist evaluation
HP:0005381,infectious disease internist evaluation
HP:0005386,infectious disease internist evaluation
HP:0005202,infectious disease internist evaluation
HP:0030885,infectious disease internist evaluation
HP:0005420,infectious disease internist evaluation
HP:0034284,infectious disease internist evaluation
HP:0002722,infectious disease internist evaluation
HP:0002726,infectious disease internist evaluation
HP:0005425,infectious disease internist evaluation
HP:0011950,infectious disease internist evaluation
HP:0005429,infectious disease internist evaluation
HP:0005428,infectious disease internist evaluation
HP:0004429,infectious disease internist evaluation
HP:0005390,infectious disease internist evaluation
HP:0002205,infectious disease internist evaluation
HP:0005396,infectious disease internist evaluation
HP:0005215,infectious disease internist evaluation
HP:0005430,infectious disease internist evaluation
HP:0011274,infectious disease internist evaluation
HP:0011275,infectious disease internist evaluation
HP:0005437,infectious disease internist evaluation
HP:0200117,infectious disease internist evaluation
HP:0033166,infectious disease internist evaluation
HP:0002740,infectious disease internist evaluation
HP:0002741,infectious disease internist evaluation
HP:0002742,infectious disease internist evaluation
HP:0002743,infectious disease internist evaluation
HP:0040268,infectious disease internist evaluation
HP:0004798,infectious disease internist evaluation
HP:0031123,infectious disease internist evaluation
HP:0007499,infectious disease internist evaluation
HP:0031949,infectious disease internist evaluation
HP:0005360,infectious disease internist evaluation
HP:0011108,infectious disease internist evaluation
HP:0004880,infectious disease internist evaluation
HP:0006532,infectious disease internist evaluation
HP:0005366,infectious disease internist evaluation
HP:0006538,infectious disease internist evaluation
HP:0033214,infectious disease internist evaluation
HP:0001412,infectious disease internist evaluation
HP:0011450,infectious disease internist evaluation
HP:0006946,infectious disease internist evaluation
HP:0034387,infectious disease internist evaluation
HP:0033993,infectious disease internist evaluation
HP:0012302,infectious disease internist evaluation
HP:0032160,infectious disease internist evaluation
HP:0032161,infectious disease internist evaluation
HP:0007041,infectious disease internist evaluation
HP:0030049,infectious disease internist evaluation
HP:0002383,infectious disease internist evaluation
HP:0033509,infectious disease internist evaluation
HP:0032159,infectious disease internist evaluation
HP:0034285,infectious disease internist evaluation
HP:0007274,infectious disease internist evaluation
HP:0002664,medical oncologist evaluation
HP:0025171,medical oncologist evaluation
HP:0006739,medical oncologist evaluation
HP:0006737,medical oncologist evaluation
HP:0006735,medical oncologist evaluation
HP:0006733,medical oncologist evaluation
HP:0006732,medical oncologist evaluation
HP:0030755,medical oncologist evaluation
HP:0006731,medical oncologist evaluation
HP:0100568,medical oncologist evaluation
HP:0002762,medical oncologist evaluation
HP:0006729,medical oncologist evaluation
HP:0006727,medical oncologist evaluation
HP:0006725,medical oncologist evaluation
HP:0007716,medical oncologist evaluation
HP:0006723,medical oncologist evaluation
HP:0006722,medical oncologist evaluation
HP:0006721,medical oncologist evaluation
HP:0030741,medical oncologist evaluation
HP:0033714,medical oncologist evaluation
HP:0012268,medical oncologist evaluation
HP:0100552,medical oncologist evaluation
HP:0100551,medical oncologist evaluation
HP:0034498,medical oncologist evaluation
HP:0006719,medical oncologist evaluation
HP:0006717,medical oncologist evaluation
HP:0006716,medical oncologist evaluation
HP:0006715,medical oncologist evaluation
HP:0030739,medical oncologist evaluation
HP:0030738,medical oncologist evaluation
HP:0030737,medical oncologist evaluation
HP:0030736,medical oncologist evaluation
HP:0032301,medical oncologist evaluation
HP:0030731,medical oncologist evaluation
HP:0033703,medical oncologist evaluation
HP:0100544,medical oncologist evaluation
HP:0012254,medical oncologist evaluation
HP:0005306,medical oncologist evaluation
HP:0011674,medical oncologist evaluation
HP:0011673,medical oncologist evaluation
HP:0011672,medical oncologist evaluation
HP:0034485,medical oncologist evaluation
HP:0008069,medical oncologist evaluation
HP:0007486,medical oncologist evaluation
HP:0005701,medical oncologist evaluation
HP:0100528,medical oncologist evaluation
HP:0100527,medical oncologist evaluation
HP:0100526,medical oncologist evaluation
HP:0031499,medical oncologist evaluation
HP:0031498,medical oncologist evaluation
HP:0031497,medical oncologist evaluation
HP:0100522,medical oncologist evaluation
HP:0100521,medical oncologist evaluation
HP:0031496,medical oncologist evaluation
HP:0025127,medical oncologist evaluation
HP:0031495,medical oncologist evaluation
HP:0031494,medical oncologist evaluation
HP:0031493,medical oncologist evaluation
HP:0031492,medical oncologist evaluation
HP:0031490,medical oncologist evaluation
HP:0000329,medical oncologist evaluation
HP:0100517,medical oncologist evaluation
HP:0100516,medical oncologist evaluation
HP:0012226,medical oncologist evaluation
HP:0007466,medical oncologist evaluation
HP:0030080,medical oncologist evaluation
HP:0012222,medical oncologist evaluation
HP:0032060,medical oncologist evaluation
HP:0007461,medical oncologist evaluation
HP:0006880,medical oncologist evaluation
HP:0007872,medical oncologist evaluation
HP:0012218,medical oncologist evaluation
HP:0030078,medical oncologist evaluation
HP:0030077,medical oncologist evaluation
HP:0030076,medical oncologist evaluation
HP:0030075,medical oncologist evaluation
HP:0030074,medical oncologist evaluation
HP:0030072,medical oncologist evaluation
HP:0030071,medical oncologist evaluation
HP:0030070,medical oncologist evaluation
HP:0007452,medical oncologist evaluation
HP:0031474,medical oncologist evaluation
HP:0025519,medical oncologist evaluation
HP:0012209,medical oncologist evaluation
HP:0030069,medical oncologist evaluation
HP:0030068,medical oncologist evaluation
HP:0030067,medical oncologist evaluation
HP:0030066,medical oncologist evaluation
HP:0030065,medical oncologist evaluation
HP:0030064,medical oncologist evaluation
HP:0030063,medical oncologist evaluation
HP:0030062,medical oncologist evaluation
HP:0030061,medical oncologist evaluation
HP:0030060,medical oncologist evaluation
HP:0006866,medical oncologist evaluation
HP:0031463,medical oncologist evaluation
HP:0031461,medical oncologist evaluation
HP:0031460,medical oncologist evaluation
HP:0200063,medical oncologist evaluation
HP:0020135,medical oncologist evaluation
HP:0031459,medical oncologist evaluation
HP:0100698,medical oncologist evaluation
HP:0100697,medical oncologist evaluation
HP:0002488,medical oncologist evaluation
HP:0031455,medical oncologist evaluation
HP:0031454,medical oncologist evaluation
HP:0002891,medical oncologist evaluation
HP:0002890,medical oncologist evaluation
HP:0002893,medical oncologist evaluation
HP:0002895,medical oncologist evaluation
HP:0002898,medical oncologist evaluation
HP:0002897,medical oncologist evaluation
HP:0002896,medical oncologist evaluation
HP:0002894,medical oncologist evaluation
HP:0007437,medical oncologist evaluation
HP:0034013,medical oncologist evaluation
HP:0034014,medical oncologist evaluation
HP:0007434,medical oncologist evaluation
HP:0010622,medical oncologist evaluation
HP:0200059,medical oncologist evaluation
HP:0200058,medical oncologist evaluation
HP:0033020,medical oncologist evaluation
HP:0006851,medical oncologist evaluation
HP:0001076,medical oncologist evaluation
HP:0100273,medical oncologist evaluation
HP:0005039,medical oncologist evaluation
HP:0031022,medical oncologist evaluation
HP:0002886,medical oncologist evaluation
HP:0002885,medical oncologist evaluation
HP:0100684,medical oncologist evaluation
HP:0004459,medical oncologist evaluation
HP:0002888,medical oncologist evaluation
HP:0002884,medical oncologist evaluation
HP:0031449,medical oncologist evaluation
HP:0003872,medical oncologist evaluation
HP:0034009,medical oncologist evaluation
HP:0033019,medical oncologist evaluation
HP:0010619,medical oncologist evaluation
HP:0010618,medical oncologist evaluation
HP:0010617,medical oncologist evaluation
HP:0010616,medical oncologist evaluation
HP:0010615,medical oncologist evaluation
HP:0010614,medical oncologist evaluation
HP:0031021,medical oncologist evaluation
HP:0025694,medical oncologist evaluation
HP:0025693,medical oncologist evaluation
HP:0030450,medical oncologist evaluation
HP:0009594,medical oncologist evaluation
HP:0009595,medical oncologist evaluation
HP:0200043,medical oncologist evaluation
HP:0001067,medical oncologist evaluation
HP:0009592,medical oncologist evaluation
HP:0011794,medical oncologist evaluation
HP:0009593,medical oncologist evaluation
HP:0011793,medical oncologist evaluation
HP:0011792,medical oncologist evaluation
HP:0000896,medical oncologist evaluation
HP:0030038,medical oncologist evaluation
HP:0012798,medical oncologist evaluation
HP:0012797,medical oncologist evaluation
HP:0033003,medical oncologist evaluation
HP:0033002,medical oncologist evaluation
HP:0550004,medical oncologist evaluation
HP:0033001,medical oncologist evaluation
HP:0031025,medical oncologist evaluation
HP:0031024,medical oncologist evaluation
HP:0031023,medical oncologist evaluation
HP:0025274,medical oncologist evaluation
HP:0010603,medical oncologist evaluation
HP:0030448,medical oncologist evaluation
HP:0030447,medical oncologist evaluation
HP:0030446,medical oncologist evaluation
HP:0030445,medical oncologist evaluation
HP:0030444,medical oncologist evaluation
HP:0030443,medical oncologist evaluation
HP:0030442,medical oncologist evaluation
HP:0030441,medical oncologist evaluation
HP:0030440,medical oncologist evaluation
HP:0009590,medical oncologist evaluation
HP:0031018,medical oncologist evaluation
HP:0034402,medical oncologist evaluation
HP:0034403,medical oncologist evaluation
HP:0034401,medical oncologist evaluation
HP:0011798,medical oncologist evaluation
HP:0001054,medical oncologist evaluation
HP:0011797,medical oncologist evaluation
HP:0002044,medical oncologist evaluation
HP:0100251,medical oncologist evaluation
HP:0011796,medical oncologist evaluation
HP:0011795,medical oncologist evaluation
HP:0008194,medical oncologist evaluation
HP:0002864,medical oncologist evaluation
HP:0002863,medical oncologist evaluation
HP:0002865,medical oncologist evaluation
HP:0012780,medical oncologist evaluation
HP:0002860,medical oncologist evaluation
HP:0002862,medical oncologist evaluation
HP:0002861,medical oncologist evaluation
HP:0004848,medical oncologist evaluation
HP:0030439,medical oncologist evaluation
HP:0030438,medical oncologist evaluation
HP:0030437,medical oncologist evaluation
HP:0030436,medical oncologist evaluation
HP:0004845,medical oncologist evaluation
HP:0030434,medical oncologist evaluation
HP:0030433,medical oncologist evaluation
HP:0030432,medical oncologist evaluation
HP:0030431,medical oncologist evaluation
HP:0030430,medical oncologist evaluation
HP:0012778,medical oncologist evaluation
HP:0002859,medical oncologist evaluation
HP:0001048,medical oncologist evaluation
HP:0200022,medical oncologist evaluation
HP:0100246,medical oncologist evaluation
HP:0100245,medical oncologist evaluation
HP:0100244,medical oncologist evaluation
HP:0100243,medical oncologist evaluation
HP:0100242,medical oncologist evaluation
HP:0004017,medical oncologist evaluation
HP:0010799,medical oncologist evaluation
HP:0010795,medical oncologist evaluation
HP:0010796,medical oncologist evaluation
HP:0010797,medical oncologist evaluation
HP:0009589,medical oncologist evaluation
HP:0002444,medical oncologist evaluation
HP:0009588,medical oncologist evaluation
HP:0100650,medical oncologist evaluation
HP:0002858,medical oncologist evaluation
HP:0012777,medical oncologist evaluation
HP:0004836,medical oncologist evaluation
HP:0030429,medical oncologist evaluation
HP:0030428,medical oncologist evaluation
HP:0030427,medical oncologist evaluation
HP:0030426,medical oncologist evaluation
HP:0004828,medical oncologist evaluation
HP:0004820,medical oncologist evaluation
HP:0012342,medical oncologist evaluation
HP:0030421,medical oncologist evaluation
HP:0030420,medical oncologist evaluation
HP:0012341,medical oncologist evaluation
HP:0007596,medical oncologist evaluation
HP:0200013,medical oncologist evaluation
HP:0010787,medical oncologist evaluation
HP:0010788,medical oncologist evaluation
HP:0010784,medical oncologist evaluation
HP:0010785,medical oncologist evaluation
HP:0100649,medical oncologist evaluation
HP:0100648,medical oncologist evaluation
HP:0001031,medical oncologist evaluation
HP:0010786,medical oncologist evaluation
HP:0011776,medical oncologist evaluation
HP:0011775,medical oncologist evaluation
HP:0011779,medical oncologist evaluation
HP:0011778,medical oncologist evaluation
HP:0100642,medical oncologist evaluation
HP:0100641,medical oncologist evaluation
HP:0011777,medical oncologist evaluation
HP:0011774,medical oncologist evaluation
HP:0200008,medical oncologist evaluation
HP:0031405,medical oncologist evaluation
HP:0030419,medical oncologist evaluation
HP:0030418,medical oncologist evaluation
HP:0030417,medical oncologist evaluation
HP:0030416,medical oncologist evaluation
HP:0030415,medical oncologist evaluation
HP:0030414,medical oncologist evaluation
HP:0030413,medical oncologist evaluation
HP:0030412,medical oncologist evaluation
HP:0030411,medical oncologist evaluation
HP:0030410,medical oncologist evaluation
HP:0032187,medical oncologist evaluation
HP:0032186,medical oncologist evaluation
HP:0001028,medical oncologist evaluation
HP:0000854,medical oncologist evaluation
HP:0100636,medical oncologist evaluation
HP:0100635,medical oncologist evaluation
HP:0100638,medical oncologist evaluation
HP:0003006,medical oncologist evaluation
HP:0000030,medical oncologist evaluation
HP:0003005,medical oncologist evaluation
HP:0100634,medical oncologist evaluation
HP:0003003,medical oncologist evaluation
HP:0003002,medical oncologist evaluation
HP:0003001,medical oncologist evaluation
HP:0011761,medical oncologist evaluation
HP:0011760,medical oncologist evaluation
HP:0100631,medical oncologist evaluation
HP:0100630,medical oncologist evaluation
HP:0011764,medical oncologist evaluation
HP:0011763,medical oncologist evaluation
HP:0011762,medical oncologist evaluation
HP:0030409,medical oncologist evaluation
HP:0030408,medical oncologist evaluation
HP:0030407,medical oncologist evaluation
HP:0030406,medical oncologist evaluation
HP:0030405,medical oncologist evaluation
HP:0030404,medical oncologist evaluation
HP:0004812,medical oncologist evaluation
HP:0030815,medical oncologist evaluation
HP:0001012,medical oncologist evaluation
HP:0007576,medical oncologist evaluation
HP:0011758,medical oncologist evaluation
HP:0011759,medical oncologist evaluation
HP:0100621,medical oncologist evaluation
HP:0100620,medical oncologist evaluation
HP:0010762,medical oncologist evaluation
HP:0004808,medical oncologist evaluation
HP:0011750,medical oncologist evaluation
HP:0012740,medical oncologist evaluation
HP:0025635,medical oncologist evaluation
HP:0033987,medical oncologist evaluation
HP:0012325,medical oncologist evaluation
HP:0012329,medical oncologist evaluation
HP:0012328,medical oncologist evaluation
HP:0100619,medical oncologist evaluation
HP:0100618,medical oncologist evaluation
HP:0100617,medical oncologist evaluation
HP:0100616,medical oncologist evaluation
HP:0100615,medical oncologist evaluation
HP:0005584,medical oncologist evaluation
HP:0012324,medical oncologist evaluation
HP:0100612,medical oncologist evaluation
HP:0032579,medical oncologist evaluation
HP:0011746,medical oncologist evaluation
HP:0011745,medical oncologist evaluation
HP:0012737,medical oncologist evaluation
HP:0040096,medical oncologist evaluation
HP:0040098,medical oncologist evaluation
HP:0040097,medical oncologist evaluation
HP:0040095,medical oncologist evaluation
HP:0012316,medical oncologist evaluation
HP:0100606,medical oncologist evaluation
HP:0100605,medical oncologist evaluation
HP:0100604,medical oncologist evaluation
HP:0012315,medical oncologist evaluation
HP:0001402,medical oncologist evaluation
HP:0012720,medical oncologist evaluation
HP:0045038,medical oncologist evaluation
HP:0007541,medical oncologist evaluation
HP:0030983,medical oncologist evaluation
HP:0025604,medical oncologist evaluation
HP:0100799,medical oncologist evaluation
HP:0007129,medical oncologist evaluation
HP:0005558,medical oncologist evaluation
HP:0030153,medical oncologist evaluation
HP:0003986,medical oncologist evaluation
HP:0003985,medical oncologist evaluation
HP:0033125,medical oncologist evaluation
HP:0005550,medical oncologist evaluation
HP:0200151,medical oncologist evaluation
HP:0100787,medical oncologist evaluation
HP:0100780,medical oncologist evaluation
HP:0005547,medical oncologist evaluation
HP:0010302,medical oncologist evaluation
HP:0031549,medical oncologist evaluation
HP:0031548,medical oncologist evaluation
HP:0007524,medical oncologist evaluation
HP:0005954,medical oncologist evaluation
HP:0009919,medical oncologist evaluation
HP:0034514,medical oncologist evaluation
HP:0034515,medical oncologist evaluation
HP:0033522,medical oncologist evaluation
HP:0034512,medical oncologist evaluation
HP:0100777,medical oncologist evaluation
HP:0000996,medical oncologist evaluation
HP:0005539,medical oncologist evaluation
HP:0500092,medical oncologist evaluation
HP:0500091,medical oncologist evaluation
HP:0500090,medical oncologist evaluation
HP:0005534,medical oncologist evaluation
HP:0006524,medical oncologist evaluation
HP:0005531,medical oncologist evaluation
HP:0003960,medical oncologist evaluation
HP:0000169,medical oncologist evaluation
HP:0006931,medical oncologist evaluation
HP:0100768,medical oncologist evaluation
HP:0500089,medical oncologist evaluation
HP:0012060,medical oncologist evaluation
HP:0100764,medical oncologist evaluation
HP:0008291,medical oncologist evaluation
HP:0100761,medical oncologist evaluation
HP:0006519,medical oncologist evaluation
HP:0025367,medical oncologist evaluation
HP:0005526,medical oncologist evaluation
HP:0005523,medical oncologist evaluation
HP:0031111,medical oncologist evaluation
HP:0031525,medical oncologist evaluation
HP:0031524,medical oncologist evaluation
HP:0031523,medical oncologist evaluation
HP:0031522,medical oncologist evaluation
HP:0031521,medical oncologist evaluation
HP:0000150,medical oncologist evaluation
HP:0011068,medical oncologist evaluation
HP:0012059,medical oncologist evaluation
HP:0012058,medical oncologist evaluation
HP:0012057,medical oncologist evaluation
HP:0012056,medical oncologist evaluation
HP:0012055,medical oncologist evaluation
HP:0012054,medical oncologist evaluation
HP:0100757,medical oncologist evaluation
HP:0100751,medical oncologist evaluation
HP:0008696,medical oncologist evaluation
HP:0005517,medical oncologist evaluation
HP:0000149,medical oncologist evaluation
HP:0031920,medical oncologist evaluation
HP:0100743,medical oncologist evaluation
HP:0100742,medical oncologist evaluation
HP:0005508,medical oncologist evaluation
HP:0005506,medical oncologist evaluation
HP:0031919,medical oncologist evaluation
HP:0031502,medical oncologist evaluation
HP:0030510,medical oncologist evaluation
HP:0031918,medical oncologist evaluation
HP:0011459,medical oncologist evaluation
HP:0000131,medical oncologist evaluation
HP:0012035,medical oncologist evaluation
HP:0012034,medical oncologist evaluation
HP:0012033,medical oncologist evaluation
HP:0012032,medical oncologist evaluation
HP:0012031,medical oncologist evaluation
HP:0100733,medical oncologist evaluation
HP:0008261,medical oncologist evaluation
HP:0030509,medical oncologist evaluation
HP:0030508,medical oncologist evaluation
HP:0033682,medical oncologist evaluation
HP:0033681,medical oncologist evaluation
HP:0033680,medical oncologist evaluation
HP:0012028,medical oncologist evaluation
HP:0031287,medical oncologist evaluation
HP:0100312,medical oncologist evaluation
HP:0100728,medical oncologist evaluation
HP:0008256,medical oncologist evaluation
HP:0100726,medical oncologist evaluation
HP:0100723,medical oncologist evaluation
HP:0011857,medical oncologist evaluation
HP:0008663,medical oncologist evaluation
HP:0012846,medical oncologist evaluation
HP:0012845,medical oncologist evaluation
HP:0012844,medical oncologist evaluation
HP:0012843,medical oncologist evaluation
HP:0012842,medical oncologist evaluation
HP:0030694,medical oncologist evaluation
HP:0011847,medical oncologist evaluation
HP:0025318,medical oncologist evaluation
HP:0011846,medical oncologist evaluation
HP:0030693,medical oncologist evaluation
HP:0030692,medical oncologist evaluation
HP:0033664,medical oncologist evaluation
HP:0004276,medical oncologist evaluation
HP:0005266,medical oncologist evaluation
HP:0040198,medical oncologist evaluation
HP:0040192,medical oncologist evaluation
HP:0008643,medical oncologist evaluation
HP:0003276,medical oncologist evaluation
HP:0000918,medical oncologist evaluation
HP:0001909,medical oncologist evaluation
HP:0030670,medical oncologist evaluation
HP:0012198,medical oncologist evaluation
HP:0012197,medical oncologist evaluation
HP:0100896,medical oncologist evaluation
HP:0012193,medical oncologist evaluation
HP:0012192,medical oncologist evaluation
HP:0012191,medical oncologist evaluation
HP:0012190,medical oncologist evaluation
HP:0030256,medical oncologist evaluation
HP:0030255,medical oncologist evaluation
HP:0004664,medical oncologist evaluation
HP:0005655,medical oncologist evaluation
HP:0012189,medical oncologist evaluation
HP:0005238,medical oncologist evaluation
HP:0012183,medical oncologist evaluation
HP:0012182,medical oncologist evaluation
HP:0032228,medical oncologist evaluation
HP:0040167,medical oncologist evaluation
HP:0100883,medical oncologist evaluation
HP:0100882,medical oncologist evaluation
HP:0100881,medical oncologist evaluation
HP:0002672,medical oncologist evaluation
HP:0002671,medical oncologist evaluation
HP:0040164,medical oncologist evaluation
HP:0008204,medical oncologist evaluation
HP:0032225,medical oncologist evaluation
HP:0032222,medical oncologist evaluation
HP:0007620,medical oncologist evaluation
HP:0011802,medical oncologist evaluation
HP:0012174,medical oncologist evaluation
HP:0002668,medical oncologist evaluation
HP:0002669,medical oncologist evaluation
HP:0005227,medical oncologist evaluation
HP:0002667,medical oncologist evaluation
HP:0002666,medical oncologist evaluation
HP:0002665,medical oncologist evaluation
HP:0031227,medical oncologist evaluation
HP:0005220,medical oncologist evaluation
HP:0025476,medical oncologist evaluation
HP:0032215,medical oncologist evaluation
HP:0006625,medical oncologist evaluation
HP:0009797,medical oncologist evaluation
HP:0012570,medical oncologist evaluation
HP:0009792,medical oncologist evaluation
HP:0009793,medical oncologist evaluation
HP:0007606,medical oncologist evaluation
HP:0032202,medical oncologist evaluation
HP:0007601,medical oncologist evaluation
HP:0100031,medical oncologist evaluation
HP:0012150,medical oncologist evaluation
HP:0100850,medical oncologist evaluation
HP:0031207,medical oncologist evaluation
HP:0034380,medical oncologist evaluation
HP:0025451,medical oncologist evaluation
HP:0012149,medical oncologist evaluation
HP:0012148,medical oncologist evaluation
HP:0100849,medical oncologist evaluation
HP:0100848,medical oncologist evaluation
HP:0012142,medical oncologist evaluation
HP:0100013,medical oncologist evaluation
HP:0100012,medical oncologist evaluation
HP:0100011,medical oncologist evaluation
HP:0100010,medical oncologist evaluation
HP:0007379,medical oncologist evaluation
HP:0007378,medical oncologist evaluation
HP:0010568,medical oncologist evaluation
HP:0010566,medical oncologist evaluation
HP:0100836,medical oncologist evaluation
HP:0100835,medical oncologist evaluation
HP:0100834,medical oncologist evaluation
HP:0100833,medical oncologist evaluation
HP:0025432,medical oncologist evaluation
HP:0100009,medical oncologist evaluation
HP:0100008,medical oncologist evaluation
HP:0100007,medical oncologist evaluation
HP:0100006,medical oncologist evaluation
HP:0100005,medical oncologist evaluation
HP:0100004,medical oncologist evaluation
HP:0100003,medical oncologist evaluation
HP:0100002,medical oncologist evaluation
HP:0100001,medical oncologist evaluation
HP:0004394,medical oncologist evaluation
HP:0012126,medical oncologist evaluation
HP:0012125,medical oncologist evaluation
HP:0004390,medical oncologist evaluation
HP:0030394,medical oncologist evaluation
HP:0012539,medical oncologist evaluation
HP:0100826,medical oncologist evaluation
HP:0030393,medical oncologist evaluation
HP:0030392,medical oncologist evaluation
HP:0410287,medical oncologist evaluation
HP:0006782,medical oncologist evaluation
HP:0006781,medical oncologist evaluation
HP:0006780,medical oncologist evaluation
HP:0011953,medical oncologist evaluation
HP:0033770,medical oncologist evaluation
HP:0012118,medical oncologist evaluation
HP:0012114,medical oncologist evaluation
HP:0006779,medical oncologist evaluation
HP:0004795,medical oncologist evaluation
HP:0006778,medical oncologist evaluation
HP:0033769,medical oncologist evaluation
HP:0006775,medical oncologist evaluation
HP:0006774,medical oncologist evaluation
HP:0006773,medical oncologist evaluation
HP:0006772,medical oncologist evaluation
HP:0006771,medical oncologist evaluation
HP:0006770,medical oncologist evaluation
HP:0410275,medical oncologist evaluation
HP:0030792,medical oncologist evaluation
HP:0410274,medical oncologist evaluation
HP:0410273,medical oncologist evaluation
HP:0410272,medical oncologist evaluation
HP:0410271,medical oncologist evaluation
HP:0410270,medical oncologist evaluation
HP:0031366,medical oncologist evaluation
HP:0011524,medical oncologist evaluation
HP:0006767,medical oncologist evaluation
HP:0006766,medical oncologist evaluation
HP:0004377,medical oncologist evaluation
HP:0004376,medical oncologist evaluation
HP:0004375,medical oncologist evaluation
HP:0006765,medical oncologist evaluation
HP:0006763,medical oncologist evaluation
HP:0006762,medical oncologist evaluation
HP:0006769,medical oncologist evaluation
HP:0006768,medical oncologist evaluation
HP:0410265,medical oncologist evaluation
HP:0410264,medical oncologist evaluation
HP:0004784,medical oncologist evaluation
HP:0004783,medical oncologist evaluation
HP:0100804,medical oncologist evaluation
HP:0410267,medical oncologist evaluation
HP:0410269,medical oncologist evaluation
HP:0410268,medical oncologist evaluation
HP:0030785,medical oncologist evaluation
HP:0009737,medical oncologist evaluation
HP:0410266,medical oncologist evaluation
HP:0009735,medical oncologist evaluation
HP:0009734,medical oncologist evaluation
HP:0009733,medical oncologist evaluation
HP:0009732,medical oncologist evaluation
HP:0009731,medical oncologist evaluation
HP:0009730,medical oncologist evaluation
HP:0025198,medical oncologist evaluation
HP:0025197,medical oncologist evaluation
HP:0031357,medical oncologist evaluation
HP:0031351,medical oncologist evaluation
HP:0031350,medical oncologist evaluation
HP:0006758,medical oncologist evaluation
HP:0030360,medical oncologist evaluation
HP:0006756,medical oncologist evaluation
HP:0006755,medical oncologist evaluation
HP:0009729,medical oncologist evaluation
HP:0006753,medical oncologist evaluation
HP:0009728,medical oncologist evaluation
HP:0006751,medical oncologist evaluation
HP:0009726,medical oncologist evaluation
HP:0009725,medical oncologist evaluation
HP:0009724,medical oncologist evaluation
HP:0009720,medical oncologist evaluation
HP:0040276,medical oncologist evaluation
HP:0040277,medical oncologist evaluation
HP:0040274,medical oncologist evaluation
HP:0100580,medical oncologist evaluation
HP:0040275,medical oncologist evaluation
HP:0040278,medical oncologist evaluation
HP:0030357,medical oncologist evaluation
HP:0030359,medical oncologist evaluation
HP:0030358,medical oncologist evaluation
HP:0040273,medical oncologist evaluation
HP:0009718,medical oncologist evaluation
HP:0006749,medical oncologist evaluation
HP:0006748,medical oncologist evaluation
HP:0006747,medical oncologist evaluation
HP:0009716,medical oncologist evaluation
HP:0030767,medical oncologist evaluation
HP:0006744,medical oncologist evaluation
HP:0006743,medical oncologist evaluation
HP:0006742,medical oncologist evaluation
HP:0009717,medical oncologist evaluation
HP:0006740,medical oncologist evaluation
HP:0009715,medical oncologist evaluation
HP:0009713,medical oncologist evaluation
HP:0009711,medical oncologist evaluation
HP:0012289,medical oncologist evaluation
HP:0012288,medical oncologist evaluation
HP:0100575,medical oncologist evaluation
HP:0100574,medical oncologist evaluation
HP:0100570,medical oncologist evaluation
HP:0025170,medical oncologist evaluation
HP:0100955,medical oncologist evaluation
HP:0034557,medical oncologist evaluation
HP:0034559,medical oncologist evaluation
HP:0034558,medical oncologist evaluation
HP:0034562,medical oncologist evaluation
HP:0034561,medical oncologist evaluation
HP:0034560,medical oncologist evaluation
HP:0034564,medical oncologist evaluation
HP:0034563,medical oncologist evaluation
HP:0034525,medical oncologist evaluation
HP:0034668,medical oncologist evaluation
HP:0012622,nephrologist evaluation
HP:0003774,nephrologist evaluation
HP:0012623,nephrologist evaluation
HP:0012624,nephrologist evaluation
HP:0012625,nephrologist evaluation
HP:0012626,nephrologist evaluation
HP:0100820,nephrologist evaluation
HP:0000083,nephrologist evaluation
HP:0004713,nephrologist evaluation
HP:0001919,nephrologist evaluation
HP:0000077,nephrologist evaluation
HP:0000003,nephrologist evaluation
HP:0000123,nephrologist evaluation
HP:0000117,nephrologist evaluation
HP:0000114,nephrologist evaluation
HP:0000128,nephrologist evaluation
HP:0000124,nephrologist evaluation
HP:0000127,nephrologist evaluation
HP:0000100,nephrologist evaluation
HP:0025647,nephrologist evaluation
HP:0025649,nephrologist evaluation
HP:0025648,nephrologist evaluation
HP:0008695,nephrologist evaluation
HP:0025650,nephrologist evaluation
HP:0012588,nephrologist evaluation
HP:0012589,nephrologist evaluation
HP:0008677,nephrologist evaluation
HP:0000110,nephrologist evaluation
HP:0000112,nephrologist evaluation
HP:0011038,nephrologist evaluation
HP:0033774,nephrologist evaluation
HP:4000010,nephrologist evaluation
HP:0005571,nephrologist evaluation
HP:0034356,nephrologist evaluation
HP:0034357,nephrologist evaluation
HP:0034358,nephrologist evaluation
HP:0005579,nephrologist evaluation
HP:0033759,nephrologist evaluation
HP:0034359,nephrologist evaluation
HP:0008666,nephrologist evaluation
HP:0034368,nephrologist evaluation
HP:0012212,nephrologist evaluation
HP:0012213,nephrologist evaluation
HP:0012214,nephrologist evaluation
HP:0012210,nephrologist evaluation
HP:0012211,nephrologist evaluation
HP:0011035,nephrologist evaluation
HP:0012330,nephrologist evaluation
HP:0033761,nephrologist evaluation
HP:0002099,pulmonologist evaluation
HP:0012653,pulmonologist evaluation
HP:0012652,pulmonologist evaluation
HP:0012042,pulmonologist evaluation
HP:0025427,pulmonologist evaluation
HP:0025428,pulmonologist evaluation
HP:0002783,pulmonologist evaluation
HP:0002781,pulmonologist evaluation
HP:0002795,pulmonologist evaluation
HP:0002788,pulmonologist evaluation
HP:0005947,pulmonologist evaluation
HP:0030877,pulmonologist evaluation
HP:0033772,pulmonologist evaluation
HP:0033773,pulmonologist evaluation
HP:0012261,pulmonologist evaluation
HP:0012262,pulmonologist evaluation
HP:0012263,pulmonologist evaluation
HP:0012265,pulmonologist evaluation
HP:0032355,pulmonologist evaluation
HP:0032356,pulmonologist evaluation
HP:0032357,pulmonologist evaluation
HP:0032358,pulmonologist evaluation
HP:0032359,pulmonologist evaluation
HP:0045049,pulmonologist evaluation
HP:0002092,pulmonologist evaluation
HP:0002091,pulmonologist evaluation
HP:0033158,pulmonologist evaluation
HP:0033036,pulmonologist evaluation
HP:0045050,pulmonologist evaluation
HP:0045051,pulmonologist evaluation
HP:0012271,pulmonologist evaluation
HP:0032360,pulmonologist evaluation
HP:0032361,pulmonologist evaluation
HP:0033541,pulmonologist evaluation
HP:0033540,pulmonologist evaluation
HP:0033169,pulmonologist evaluation
HP:0030893,pulmonologist evaluation
HP:0030894,pulmonologist evaluation
HP:0012415,pulmonologist evaluation
HP:0012416,pulmonologist evaluation
HP:0012417,pulmonologist evaluation
HP:0012418,pulmonologist evaluation
HP:0012419,pulmonologist evaluation
HP:0033424,pulmonologist evaluation
HP:0033423,pulmonologist evaluation
HP:0033426,pulmonologist evaluation
HP:0032000,pulmonologist evaluation
HP:0032008,pulmonologist evaluation
HP:4000007,pulmonologist evaluation
HP:0031602,pulmonologist evaluation
HP:0031603,pulmonologist evaluation
HP:0025008,pulmonologist evaluation
HP:0031225,pulmonologist evaluation
HP:0033578,pulmonologist evaluation
HP:0005317,pulmonologist evaluation
HP:0030829,pulmonologist evaluation
HP:0030828,pulmonologist evaluation
HP:0031245,pulmonologist evaluation
HP:0031994,pulmonologist evaluation
HP:0031995,pulmonologist evaluation
HP:0031996,pulmonologist evaluation
HP:0031997,pulmonologist evaluation
HP:0031999,pulmonologist evaluation
HP:0031998,pulmonologist evaluation
HP:0031246,pulmonologist evaluation
HP:0031247,pulmonologist evaluation
HP:0030950,pulmonologist evaluation
HP:0004890,pulmonologist evaluation
HP:0030830,pulmonologist evaluation
HP:0032933,pulmonologist evaluation
HP:0030831,pulmonologist evaluation
HP:0033350,pulmonologist evaluation
HP:0033352,pulmonologist evaluation
HP:0005957,pulmonologist evaluation
HP:0034038,pulmonologist evaluation
HP:0006510,pulmonologist evaluation
HP:0033362,pulmonologist evaluation
HP:0012735,pulmonologist evaluation
HP:0033749,pulmonologist evaluation
HP:0033367,pulmonologist evaluation
HP:0033240,pulmonologist evaluation
HP:0500164,pulmonologist evaluation
HP:0500165,pulmonologist evaluation
HP:0033121,pulmonologist evaluation
HP:0006520,pulmonologist evaluation
HP:0033750,pulmonologist evaluation
HP:0033751,pulmonologist evaluation
HP:0033752,pulmonologist evaluation
HP:0033753,pulmonologist evaluation
HP:0033372,pulmonologist evaluation
HP:0033373,pulmonologist evaluation
HP:0033374,pulmonologist evaluation
HP:0006528,pulmonologist evaluation
HP:0002204,pulmonologist evaluation
HP:0033632,pulmonologist evaluation
HP:0033633,pulmonologist evaluation
HP:0033634,pulmonologist evaluation
HP:0033635,pulmonologist evaluation
HP:0033636,pulmonologist evaluation
HP:0033251,pulmonologist evaluation
HP:0002835,pulmonologist evaluation
HP:0034312,pulmonologist evaluation
HP:0031416,pulmonologist evaluation
HP:0031417,pulmonologist evaluation
HP:0034315,pulmonologist evaluation
HP:0033760,pulmonologist evaluation
HP:0006536,pulmonologist evaluation
HP:0032341,pulmonologist evaluation
HP:0032342,pulmonologist evaluation
HP:0030874,pulmonologist evaluation
HP:0030875,pulmonologist evaluation
HP:0030876,pulmonologist evaluation
HP:0002088,pulmonologist evaluation
HP:0002086,pulmonologist evaluation
HP:0002097,pulmonologist evaluation
HP:0033649,pulmonologist evaluation
HP:0032965,pulmonologist evaluation
HP:0032966,pulmonologist evaluation
HP:0032967,pulmonologist evaluation
HP:0032446,pulmonologist evaluation
HP:0032447,pulmonologist evaluation
HP:0004930,pulmonologist evaluation
HP:0033006,pulmonologist evaluation
HP:0012252,pulmonologist evaluation
HP:0033775,pulmonologist evaluation
HP:0001370,rheumatologist evaluation
HP:0005681,rheumatologist evaluation
HP:0001369,rheumatologist evaluation
HP:0006226,rheumatologist evaluation
HP:0001854,rheumatologist evaluation
HP:0033037,rheumatologist evaluation
HP:0001997,rheumatologist evaluation
HP:0003088,rheumatologist evaluation
HP:0006233,rheumatologist evaluation
HP:0040310,rheumatologist evaluation
HP:0040313,rheumatologist evaluation
HP:0040311,rheumatologist evaluation
HP:0040312,rheumatologist evaluation
HP:0003940,rheumatologist evaluation
HP:0003095,rheumatologist evaluation
HP:0002758,rheumatologist evaluation
HP:0004268,rheumatologist evaluation
HP:0005086,rheumatologist evaluation
HP:0008843,rheumatologist evaluation
HP:0000058,obstetrics and gynecology specialist evaluation
HP:0012882,obstetrics and gynecology specialist evaluation
HP:0012881,obstetrics and gynecology specialist evaluation
HP:0012880,obstetrics and gynecology specialist evaluation
HP:0030913,obstetrics and gynecology specialist evaluation
HP:0000059,obstetrics and gynecology specialist evaluation
HP:0000066,obstetrics and gynecology specialist evaluation
HP:0000065,obstetrics and gynecology specialist evaluation
HP:0000064,obstetrics and gynecology specialist evaluation
HP:0000063,obstetrics and gynecology specialist evaluation
HP:0008683,obstetrics and gynecology specialist evaluation
HP:0033588,obstetrics and gynecology specialist evaluation
HP:0008739,obstetrics and gynecology specialist evaluation
HP:0008729,obstetrics and gynecology specialist evaluation
HP:0025486,obstetrics and gynecology specialist evaluation
HP:0002686,obstetrics and gynecology specialist evaluation
HP:0012188,obstetrics and gynecology specialist evaluation
HP:0025485,obstetrics and gynecology specialist evaluation
HP:0000142,obstetrics and gynecology specialist evaluation
HP:0000139,obstetrics and gynecology specialist evaluation
HP:0000137,obstetrics and gynecology specialist evaluation
HP:0025416,obstetrics and gynecology specialist evaluation
HP:0000130,obstetrics and gynecology specialist evaluation
HP:0100767,obstetrics and gynecology specialist evaluation
HP:0100603,obstetrics and gynecology specialist evaluation
HP:0100602,obstetrics and gynecology specialist evaluation
HP:0100601,obstetrics and gynecology specialist evaluation
HP:0008071,obstetrics and gynecology specialist evaluation
HP:0034059,obstetrics and gynecology specialist evaluation
HP:0001558,obstetrics and gynecology specialist evaluation
HP:0001989,obstetrics and gynecology specialist evaluation
HP:0011419,obstetrics and gynecology specialist evaluation
HP:0001787,obstetrics and gynecology specialist evaluation
HP:0030363,obstetrics and gynecology specialist evaluation
HP:0030364,obstetrics and gynecology specialist evaluation
HP:0030365,obstetrics and gynecology specialist evaluation
HP:0030366,obstetrics and gynecology specialist evaluation
HP:0010861,obstetrics and gynecology specialist evaluation
HP:0010860,obstetrics and gynecology specialist evaluation
HP:0030369,obstetrics and gynecology specialist evaluation
HP:0001623,obstetrics and gynecology specialist evaluation
HP:0001788,obstetrics and gynecology specialist evaluation
HP:0010859,obstetrics and gynecology specialist evaluation
HP:0012498,obstetrics and gynecology specialist evaluation
HP:0011410,obstetrics and gynecology specialist evaluation
HP:0005100,obstetrics and gynecology specialist evaluation
HP:0011412,obstetrics and gynecology specialist evaluation
HP:0011413,obstetrics and gynecology specialist evaluation
HP:0011411,obstetrics and gynecology specialist evaluation
HP:0030449,obstetrics and gynecology specialist evaluation
HP:0011414,obstetrics and gynecology specialist evaluation
HP:0001511,obstetrics and gynecology specialist evaluation
HP:0008846,obstetrics and gynecology specialist evaluation
HP:0008883,obstetrics and gynecology specialist evaluation
HP:0011408,obstetrics and gynecology specialist evaluation
HP:0011403,obstetrics and gynecology specialist evaluation
HP:0000769,obstetrics and gynecology specialist evaluation
HP:0010313,obstetrics and gynecology specialist evaluation
HP:0031109,obstetrics and gynecology specialist evaluation
HP:0031093,obstetrics and gynecology specialist evaluation
HP:0031094,obstetrics and gynecology specialist evaluation
HP:0003187,obstetrics and gynecology specialist evaluation
HP:0012813,obstetrics and gynecology specialist evaluation
HP:0012814,obstetrics and gynecology specialist evaluation
HP:0032408,obstetrics and gynecology specialist evaluation
HP:0010311,obstetrics and gynecology specialist evaluation
HP:0010312,obstetrics and gynecology specialist evaluation
HP:0012767,obstetrics and gynecology specialist evaluation
HP:0025723,obstetrics and gynecology specialist evaluation
HP:0025672,obstetrics and gynecology specialist evaluation
HP:0025724,obstetrics and gynecology specialist evaluation
HP:0034262,obstetrics and gynecology specialist evaluation
HP:0007549,obstetrics and gynecology specialist evaluation
HP:0012888,obstetrics and gynecology specialist evaluation
HP:0012884,obstetrics and gynecology specialist evaluation
HP:0033042,obstetrics and gynecology specialist evaluation
HP:0033043,obstetrics and gynecology specialist evaluation
HP:0012546,obstetrics and gynecology specialist evaluation
HP:0008072,obstetrics and gynecology specialist evaluation
HP:0012536,obstetrics and gynecology specialist evaluation
HP:0031456,obstetrics and gynecology specialist evaluation
HP:0031437,obstetrics and gynecology specialist evaluation
HP:0200067,obstetrics and gynecology specialist evaluation
HP:0040222,obstetrics and gynecology specialist evaluation
HP:0025729,obstetrics and gynecology specialist evaluation
HP:0025719,obstetrics and gynecology specialist evaluation
HP:0031088,obstetrics and gynecology specialist evaluation
HP:0031169,obstetrics and gynecology specialist evaluation
HP:0031110,obstetrics and gynecology specialist evaluation
HP:0032565,obstetrics and gynecology specialist evaluation
HP:0031259,obstetrics and gynecology specialist evaluation
HP:0010460,obstetrics and gynecology specialist evaluation
HP:0032131,obstetrics and gynecology specialist evaluation
HP:0030160,obstetrics and gynecology specialist evaluation
HP:0030158,obstetrics and gynecology specialist evaluation
HP:0030159,obstetrics and gynecology specialist evaluation
HP:0030011,obstetrics and gynecology specialist evaluation
HP:0030010,obstetrics and gynecology specialist evaluation
HP:0030009,obstetrics and gynecology specialist evaluation
HP:0030008,obstetrics and gynecology specialist evaluation
HP:0030683,obstetrics and gynecology specialist evaluation
HP:0030711,obstetrics and gynecology specialist evaluation
HP:0031923,obstetrics and gynecology specialist evaluation
HP:0034503,obstetrics and gynecology specialist evaluation
HP:0000617,ophthalmologist evaluation
HP:0007792,ophthalmologist evaluation
HP:0008003,ophthalmologist evaluation
HP:0007668,ophthalmologist evaluation
HP:0007179,ophthalmologist evaluation
HP:0007772,ophthalmologist evaluation
HP:0001152,ophthalmologist evaluation
HP:0001151,ophthalmologist evaluation
HP:0007944,ophthalmologist evaluation
HP:0007686,ophthalmologist evaluation
HP:0030211,ophthalmologist evaluation
HP:0006837,ophthalmologist evaluation
HP:0007728,ophthalmologist evaluation
HP:0002277,ophthalmologist evaluation
HP:0007695,ophthalmologist evaluation
HP:0011499,ophthalmologist evaluation
HP:0012074,ophthalmologist evaluation
HP:0000616,ophthalmologist evaluation
HP:0007932,ophthalmologist evaluation
HP:0025358,ophthalmologist evaluation
HP:0030946,ophthalmologist evaluation
HP:0025350,ophthalmologist evaluation
HP:0000639,ophthalmologist evaluation
HP:0012043,ophthalmologist evaluation
HP:0010533,ophthalmologist evaluation
HP:0012044,ophthalmologist evaluation
HP:0000640,ophthalmologist evaluation
HP:0008026,ophthalmologist evaluation
HP:0007859,ophthalmologist evaluation
HP:0006934,ophthalmologist evaluation
HP:0010545,ophthalmologist evaluation
HP:0010544,ophthalmologist evaluation
HP:0007811,ophthalmologist evaluation
HP:0010542,ophthalmologist evaluation
HP:0007286,ophthalmologist evaluation
HP:0000666,ophthalmologist evaluation
HP:0011477,ophthalmologist evaluation
HP:0030691,ophthalmologist evaluation
HP:0001583,ophthalmologist evaluation
HP:0025711,ophthalmologist evaluation
HP:0007979,ophthalmologist evaluation
HP:0007747,ophthalmologist evaluation
HP:0001361,ophthalmologist evaluation
HP:0000504,ophthalmologist evaluation
HP:0007924,ophthalmologist evaluation
HP:0000572,ophthalmologist evaluation
HP:0000662,ophthalmologist evaluation
HP:0007803,ophthalmologist evaluation
HP:0100704,ophthalmologist evaluation
HP:0011522,ophthalmologist evaluation
HP:0011521,ophthalmologist evaluation
HP:0011520,ophthalmologist evaluation
HP:0000551,ophthalmologist evaluation
HP:0032036,ophthalmologist evaluation
HP:0000552,ophthalmologist evaluation
HP:0030640,ophthalmologist evaluation
HP:0030641,ophthalmologist evaluation
HP:0011519,ophthalmologist evaluation
HP:0000651,ophthalmologist evaluation
HP:0200018,ophthalmologist evaluation
HP:0011518,ophthalmologist evaluation
HP:0011517,ophthalmologist evaluation
HP:0011516,ophthalmologist evaluation
HP:0011515,ophthalmologist evaluation
HP:0011514,ophthalmologist evaluation
HP:0030639,ophthalmologist evaluation
HP:0030638,ophthalmologist evaluation
HP:0000642,ophthalmologist evaluation
HP:0012508,ophthalmologist evaluation
HP:0007675,ophthalmologist evaluation
HP:0100576,ophthalmologist evaluation
HP:0032111,ophthalmologist evaluation
HP:0032112,ophthalmologist evaluation
HP:0032110,ophthalmologist evaluation
HP:0030514,ophthalmologist evaluation
HP:0030511,ophthalmologist evaluation
HP:0030513,ophthalmologist evaluation
HP:0030512,ophthalmologist evaluation
HP:0000529,ophthalmologist evaluation
HP:0032109,ophthalmologist evaluation
HP:0032108,ophthalmologist evaluation
HP:0007642,ophthalmologist evaluation
HP:0007641,ophthalmologist evaluation
HP:0000505,ophthalmologist evaluation
HP:0200068,ophthalmologist evaluation
HP:0030587,ophthalmologist evaluation
HP:0030586,ophthalmologist evaluation
HP:0030585,ophthalmologist evaluation
HP:0030584,ophthalmologist evaluation
HP:0012047,ophthalmologist evaluation
HP:0030786,ophthalmologist evaluation
HP:0007939,ophthalmologist evaluation
HP:0007830,ophthalmologist evaluation
HP:0025348,ophthalmologist evaluation
HP:0025349,ophthalmologist evaluation
HP:0025340,ophthalmologist evaluation
HP:0025339,ophthalmologist evaluation
HP:0025338,ophthalmologist evaluation
HP:0025337,ophthalmologist evaluation
HP:0001097,ophthalmologist evaluation
HP:0001096,ophthalmologist evaluation
HP:0000509,ophthalmologist evaluation
HP:0030953,ophthalmologist evaluation
HP:0007717,ophthalmologist evaluation
HP:0000511,ophthalmologist evaluation
HP:0025330,ophthalmologist evaluation
HP:0025331,ophthalmologist evaluation
HP:0000610,ophthalmologist evaluation
HP:0025567,ophthalmologist evaluation
HP:0025568,ophthalmologist evaluation
HP:0025569,ophthalmologist evaluation
HP:0007858,ophthalmologist evaluation
HP:0030491,ophthalmologist evaluation
HP:0200065,ophthalmologist evaluation
HP:0007903,ophthalmologist evaluation
HP:0000533,ophthalmologist evaluation
HP:0000532,ophthalmologist evaluation
HP:0000567,ophthalmologist evaluation
HP:0007777,ophthalmologist evaluation
HP:0007731,ophthalmologist evaluation
HP:0007950,ophthalmologist evaluation
HP:0031613,ophthalmologist evaluation
HP:0040030,ophthalmologist evaluation
HP:0030979,ophthalmologist evaluation
HP:0040031,ophthalmologist evaluation
HP:0025314,ophthalmologist evaluation
HP:0012424,ophthalmologist evaluation
HP:0025570,ophthalmologist evaluation
HP:0030952,ophthalmologist evaluation
HP:0007661,ophthalmologist evaluation
HP:0025492,ophthalmologist evaluation
HP:0007700,ophthalmologist evaluation
HP:0012376,ophthalmologist evaluation
HP:0008053,ophthalmologist evaluation
HP:0007990,ophthalmologist evaluation
HP:0008345,ophthalmologist evaluation
HP:0007779,ophthalmologist evaluation
HP:0007676,ophthalmologist evaluation
HP:0008041,ophthalmologist evaluation
HP:0007707,ophthalmologist evaluation
HP:0000659,ophthalmologist evaluation
HP:0100719,ophthalmologist evaluation
HP:0000558,ophthalmologist evaluation
HP:0000526,ophthalmologist evaluation
HP:0008062,ophthalmologist evaluation
HP:0008063,ophthalmologist evaluation
HP:0001087,ophthalmologist evaluation
HP:0008007,ophthalmologist evaluation
HP:0001492,ophthalmologist evaluation
HP:0001491,ophthalmologist evaluation
HP:0012155,ophthalmologist evaluation
HP:0004327,ophthalmologist evaluation
HP:0007710,ophthalmologist evaluation
HP:0011533,ophthalmologist evaluation
HP:0030673,ophthalmologist evaluation
HP:0030672,ophthalmologist evaluation
HP:0011531,ophthalmologist evaluation
HP:0030652,ophthalmologist evaluation
HP:0007773,ophthalmologist evaluation
HP:0030744,ophthalmologist evaluation
HP:0030743,ophthalmologist evaluation
HP:0030742,ophthalmologist evaluation
HP:0001489,ophthalmologist evaluation
HP:0007902,ophthalmologist evaluation
HP:0009922,ophthalmologist evaluation
HP:0030663,ophthalmologist evaluation
HP:0007841,ophthalmologist evaluation
HP:0030662,ophthalmologist evaluation
HP:0030661,ophthalmologist evaluation
HP:0031154,ophthalmologist evaluation
HP:0031153,ophthalmologist evaluation
HP:0200071,ophthalmologist evaluation
HP:0007968,ophthalmologist evaluation
HP:0030490,ophthalmologist evaluation
HP:0007964,ophthalmologist evaluation
HP:0000508,ophthalmologist evaluation
HP:0007838,ophthalmologist evaluation
HP:0007970,ophthalmologist evaluation
HP:0007687,ophthalmologist evaluation
HP:0007911,ophthalmologist evaluation
HP:0001488,ophthalmologist evaluation
HP:0000554,ophthalmologist evaluation
HP:0012121,ophthalmologist evaluation
HP:0012122,ophthalmologist evaluation
HP:0012123,ophthalmologist evaluation
HP:0012124,ophthalmologist evaluation
HP:0007813,ophthalmologist evaluation
HP:0001094,ophthalmologist evaluation
HP:0001477,ophthalmologist evaluation
HP:0000501,ophthalmologist evaluation
HP:0012108,ophthalmologist evaluation
HP:0012109,ophthalmologist evaluation
HP:0032119,ophthalmologist evaluation
HP:0025405,ophthalmologist evaluation
HP:0000496,ophthalmologist evaluation
HP:0025720,ophthalmologist evaluation
HP:0025721,ophthalmologist evaluation
HP:0000641,ophthalmologist evaluation
HP:0007885,ophthalmologist evaluation
HP:0030773,ophthalmologist evaluation
HP:0007650,ophthalmologist evaluation
HP:0007295,ophthalmologist evaluation
HP:0031768,ophthalmologist evaluation
HP:0031769,ophthalmologist evaluation
HP:0033851,ophthalmologist evaluation
HP:0000657,ophthalmologist evaluation
HP:0000542,ophthalmologist evaluation
HP:0000544,ophthalmologist evaluation
HP:0012470,ophthalmologist evaluation
HP:0000549,ophthalmologist evaluation
HP:0025518,ophthalmologist evaluation
HP:0012246,ophthalmologist evaluation
HP:0033980,ophthalmologist evaluation
HP:0025402,ophthalmologist evaluation
HP:0025404,ophthalmologist evaluation
HP:0500072,ophthalmologist evaluation
HP:0500073,ophthalmologist evaluation
HP:0500074,ophthalmologist evaluation
HP:0500075,ophthalmologist evaluation
HP:0007817,ophthalmologist evaluation
HP:0007338,ophthalmologist evaluation
HP:0007936,ophthalmologist evaluation
HP:0000570,ophthalmologist evaluation
HP:0000571,ophthalmologist evaluation
HP:0007704,ophthalmologist evaluation
HP:0010543,ophthalmologist evaluation
HP:0007824,ophthalmologist evaluation
HP:0025549,ophthalmologist evaluation
HP:0007941,ophthalmologist evaluation
HP:0007942,ophthalmologist evaluation
HP:0031931,ophthalmologist evaluation
HP:0007715,ophthalmologist evaluation
HP:0031705,ophthalmologist evaluation
HP:0031706,ophthalmologist evaluation
HP:0031707,ophthalmologist evaluation
HP:0031708,ophthalmologist evaluation
HP:0031709,ophthalmologist evaluation
HP:0007831,ophthalmologist evaluation
HP:0000590,ophthalmologist evaluation
HP:0000597,ophthalmologist evaluation
HP:0031710,ophthalmologist evaluation
HP:0000602,ophthalmologist evaluation
HP:0032104,ophthalmologist evaluation
HP:0000605,ophthalmologist evaluation
HP:0031832,ophthalmologist evaluation
HP:0031833,ophthalmologist evaluation
HP:0032105,ophthalmologist evaluation
HP:0007250,ophthalmologist evaluation
HP:0032114,ophthalmologist evaluation
HP:0032116,ophthalmologist evaluation
HP:0000619,ophthalmologist evaluation
HP:0012547,ophthalmologist evaluation
HP:0007738,ophthalmologist evaluation
HP:0000497,ophthalmologist evaluation
HP:0007975,ophthalmologist evaluation
HP:0000623,ophthalmologist evaluation
HP:0007867,ophthalmologist evaluation
HP:0032013,ophthalmologist evaluation
HP:0032014,ophthalmologist evaluation
HP:0000514,ophthalmologist evaluation
HP:0032015,ophthalmologist evaluation
HP:0000634,ophthalmologist evaluation
HP:0008507,ophthalmologist evaluation
HP:0011347,ophthalmologist evaluation
HP:0100533,ophthalmologist evaluation
HP:0034427,ophthalmologist evaluation
HP:0011859,ophthalmologist evaluation
HP:0500046,ophthalmologist evaluation
HP:0000491,ophthalmologist evaluation
HP:0025609,ophthalmologist evaluation
HP:0000498,ophthalmologist evaluation
HP:0025610,ophthalmologist evaluation
HP:0000492,ophthalmologist evaluation
HP:0030939,ophthalmologist evaluation
HP:0000502,ophthalmologist evaluation
HP:0000503,ophthalmologist evaluation
HP:0000524,ophthalmologist evaluation
HP:0007799,ophthalmologist evaluation
HP:0007721,ophthalmologist evaluation
HP:0430011,ophthalmologist evaluation
HP:0034363,ophthalmologist evaluation
HP:0009903,ophthalmologist evaluation
HP:0010637,ophthalmologist evaluation
HP:0012549,ophthalmologist evaluation
HP:0030947,ophthalmologist evaluation
HP:0032106,ophthalmologist evaluation
HP:0500070,ophthalmologist evaluation
HP:0500039,ophthalmologist evaluation
HP:0500040,ophthalmologist evaluation
HP:0007462,ophthalmologist evaluation
HP:0008054,ophthalmologist evaluation
HP:0012375,ophthalmologist evaluation
HP:0020125,ophthalmologist evaluation
HP:0031830,ophthalmologist evaluation
HP:0100583,ophthalmologist evaluation
HP:0100653,ophthalmologist evaluation
HP:0100654,ophthalmologist evaluation
HP:0430010,ophthalmologist evaluation
HP:0430008,ophthalmologist evaluation
HP:0430007,ophthalmologist evaluation
HP:0000621,ophthalmologist evaluation
HP:0030004,ophthalmologist evaluation
HP:0030003,ophthalmologist evaluation
HP:0030002,ophthalmologist evaluation
HP:0030001,ophthalmologist evaluation
HP:0031771,ophthalmologist evaluation
HP:0031770,ophthalmologist evaluation
HP:0030802,ophthalmologist evaluation
HP:0500069,ophthalmologist evaluation
HP:0040151,ophthalmologist evaluation
HP:0040150,ophthalmologist evaluation
HP:0000537,ophthalmologist evaluation
HP:0007835,ophthalmologist evaluation
HP:0011225,ophthalmologist evaluation
HP:0009755,ophthalmologist evaluation
HP:0010750,ophthalmologist evaluation
HP:0500045,ophthalmologist evaluation
HP:0500044,ophthalmologist evaluation
HP:0500043,ophthalmologist evaluation
HP:0025611,ophthalmologist evaluation
HP:0200006,ophthalmologist evaluation
HP:0200005,ophthalmologist evaluation
HP:0008050,ophthalmologist evaluation
HP:0012905,ophthalmologist evaluation
HP:0000582,ophthalmologist evaluation
HP:0012241,ophthalmologist evaluation
HP:0025608,ophthalmologist evaluation
HP:0025607,ophthalmologist evaluation
HP:3000072,ophthalmologist evaluation
HP:0000656,ophthalmologist evaluation
HP:0031738,ophthalmologist evaluation
HP:0031737,ophthalmologist evaluation
HP:0031736,ophthalmologist evaluation
HP:0034428,ophthalmologist evaluation
HP:0000286,ophthalmologist evaluation
HP:0000506,ophthalmologist evaluation
HP:0007874,ophthalmologist evaluation
HP:0007655,ophthalmologist evaluation
HP:0007651,ophthalmologist evaluation
HP:0000494,ophthalmologist evaluation
HP:0030822,ophthalmologist evaluation
HP:0030820,ophthalmologist evaluation
HP:0030821,ophthalmologist evaluation
HP:0000667,ophthalmologist evaluation
HP:0034251,ophthalmologist evaluation
HP:0008000,ophthalmologist evaluation
HP:0034252,ophthalmologist evaluation
HP:0008056,ophthalmologist evaluation
HP:0008047,ophthalmologist evaluation
HP:0008049,ophthalmologist evaluation
HP:3000058,ophthalmologist evaluation
HP:0012242,ophthalmologist evaluation
HP:0007647,ophthalmologist evaluation
HP:3000069,ophthalmologist evaluation
HP:0007886,ophthalmologist evaluation
HP:3000057,ophthalmologist evaluation
HP:0008038,ophthalmologist evaluation
HP:0007656,ophthalmologist evaluation
HP:0007732,ophthalmologist evaluation
HP:0025592,ophthalmologist evaluation
HP:0025593,ophthalmologist evaluation
HP:0025595,ophthalmologist evaluation
HP:0025594,ophthalmologist evaluation
HP:0025596,ophthalmologist evaluation
HP:0031741,ophthalmologist evaluation
HP:0025597,ophthalmologist evaluation
HP:0025598,ophthalmologist evaluation
HP:0025599,ophthalmologist evaluation
HP:0025591,ophthalmologist evaluation
HP:0025590,ophthalmologist evaluation
HP:0031746,ophthalmologist evaluation
HP:0031747,ophthalmologist evaluation
HP:0031748,ophthalmologist evaluation
HP:0031749,ophthalmologist evaluation
HP:0031750,ophthalmologist evaluation
HP:0031751,ophthalmologist evaluation
HP:0031752,ophthalmologist evaluation
HP:0031753,ophthalmologist evaluation
HP:0031754,ophthalmologist evaluation
HP:0031755,ophthalmologist evaluation
HP:0031756,ophthalmologist evaluation
HP:0031757,ophthalmologist evaluation
HP:0031758,ophthalmologist evaluation
HP:0031739,ophthalmologist evaluation
HP:0025601,ophthalmologist evaluation
HP:0025602,ophthalmologist evaluation
HP:0025603,ophthalmologist evaluation
HP:0025600,ophthalmologist evaluation
HP:0025606,ophthalmologist evaluation
HP:0031740,ophthalmologist evaluation
HP:0031742,ophthalmologist evaluation
HP:0031743,ophthalmologist evaluation
HP:0031744,ophthalmologist evaluation
HP:0031745,ophthalmologist evaluation
HP:0012372,ophthalmologist evaluation
HP:0012373,ophthalmologist evaluation
HP:0031785,ophthalmologist evaluation
HP:0025605,ophthalmologist evaluation
HP:0031786,ophthalmologist evaluation
HP:0030826,ophthalmologist evaluation
HP:0000478,ophthalmologist evaluation
HP:0000589,ophthalmologist evaluation
HP:0020006,ophthalmologist evaluation
HP:0010727,ophthalmologist evaluation
HP:0000377,otolaryngologist evaluation
HP:0000394,otolaryngologist evaluation
HP:0000395,otolaryngologist evaluation
HP:3000022,otolaryngologist evaluation
HP:0020206,otolaryngologist evaluation
HP:0008772,otolaryngologist evaluation
HP:0005103,otolaryngologist evaluation
HP:0004461,otolaryngologist evaluation
HP:0100830,otolaryngologist evaluation
HP:0400002,otolaryngologist evaluation
HP:0400003,otolaryngologist evaluation
HP:0400004,otolaryngologist evaluation
HP:0400005,otolaryngologist evaluation
HP:0100663,otolaryngologist evaluation
HP:0011234,otolaryngologist evaluation
HP:0011235,otolaryngologist evaluation
HP:0011236,otolaryngologist evaluation
HP:0011237,otolaryngologist evaluation
HP:0011238,otolaryngologist evaluation
HP:0011239,otolaryngologist evaluation
HP:0011233,otolaryngologist evaluation
HP:0040112,otolaryngologist evaluation
HP:0009901,otolaryngologist evaluation
HP:0009906,otolaryngologist evaluation
HP:0009907,otolaryngologist evaluation
HP:0009908,otolaryngologist evaluation
HP:0009909,otolaryngologist evaluation
HP:0011240,otolaryngologist evaluation
HP:0011241,otolaryngologist evaluation
HP:0011242,otolaryngologist evaluation
HP:0009738,otolaryngologist evaluation
HP:0009739,otolaryngologist evaluation
HP:0011245,otolaryngologist evaluation
HP:0011246,otolaryngologist evaluation
HP:0011247,otolaryngologist evaluation
HP:0011248,otolaryngologist evaluation
HP:0011249,otolaryngologist evaluation
HP:0011244,otolaryngologist evaluation
HP:0011243,otolaryngologist evaluation
HP:0008541,otolaryngologist evaluation
HP:0002265,otolaryngologist evaluation
HP:0100720,otolaryngologist evaluation
HP:0009912,otolaryngologist evaluation
HP:0009913,otolaryngologist evaluation
HP:0040080,otolaryngologist evaluation
HP:0011250,otolaryngologist evaluation
HP:0011251,otolaryngologist evaluation
HP:0011252,otolaryngologist evaluation
HP:0009748,otolaryngologist evaluation
HP:0011254,otolaryngologist evaluation
HP:0011253,otolaryngologist evaluation
HP:0100687,otolaryngologist evaluation
HP:0030677,otolaryngologist evaluation
HP:0030676,otolaryngologist evaluation
HP:0008551,otolaryngologist evaluation
HP:0000357,otolaryngologist evaluation
HP:0000358,otolaryngologist evaluation
HP:0040091,otolaryngologist evaluation
HP:0040093,otolaryngologist evaluation
HP:0200047,otolaryngologist evaluation
HP:0011263,otolaryngologist evaluation
HP:0011265,otolaryngologist evaluation
HP:0011266,otolaryngologist evaluation
HP:0011267,otolaryngologist evaluation
HP:0000400,otolaryngologist evaluation
HP:0008605,otolaryngologist evaluation
HP:0011269,otolaryngologist evaluation
HP:0011268,otolaryngologist evaluation
HP:0008608,otolaryngologist evaluation
HP:0040092,otolaryngologist evaluation
HP:0100015,otolaryngologist evaluation
HP:0000363,otolaryngologist evaluation
HP:0008569,otolaryngologist evaluation
HP:0000368,otolaryngologist evaluation
HP:0000369,otolaryngologist evaluation
HP:0011270,otolaryngologist evaluation
HP:0011271,otolaryngologist evaluation
HP:0011272,otolaryngologist evaluation
HP:0009892,otolaryngologist evaluation
HP:0009893,otolaryngologist evaluation
HP:0009894,otolaryngologist evaluation
HP:0009896,otolaryngologist evaluation
HP:0000411,otolaryngologist evaluation
HP:0010722,otolaryngologist evaluation
HP:0010723,otolaryngologist evaluation
HP:0008572,otolaryngologist evaluation
HP:0031510,otolaryngologist evaluation
HP:0031511,otolaryngologist evaluation
HP:0000378,otolaryngologist evaluation
HP:0030021,otolaryngologist evaluation
HP:0030022,otolaryngologist evaluation
HP:0030023,otolaryngologist evaluation
HP:0030025,otolaryngologist evaluation
HP:0000385,otolaryngologist evaluation
HP:0000387,otolaryngologist evaluation
HP:0008593,otolaryngologist evaluation
HP:0000174,otolaryngologist evaluation
HP:0000218,otolaryngologist evaluation
HP:0100789,otolaryngologist evaluation
HP:0031089,otolaryngologist evaluation
HP:0000220,otolaryngologist evaluation
HP:0100736,otolaryngologist evaluation
HP:0100737,otolaryngologist evaluation
HP:3000011,otolaryngologist evaluation
HP:3000012,otolaryngologist evaluation
HP:0002705,otolaryngologist evaluation
HP:3000073,otolaryngologist evaluation
HP:0000172,otolaryngologist evaluation
HP:0430014,otolaryngologist evaluation
HP:0002708,otolaryngologist evaluation
HP:0430016,otolaryngologist evaluation
HP:0430017,otolaryngologist evaluation
HP:0010809,otolaryngologist evaluation
HP:0002707,otolaryngologist evaluation
HP:0031046,otolaryngologist evaluation
HP:0010810,otolaryngologist evaluation
HP:0010811,otolaryngologist evaluation
HP:0010291,otolaryngologist evaluation
HP:0010292,otolaryngologist evaluation
HP:0034413,otolaryngologist evaluation
HP:0000189,otolaryngologist evaluation
HP:0010294,otolaryngologist evaluation
HP:0010293,otolaryngologist evaluation
HP:0010290,otolaryngologist evaluation
HP:0010812,otolaryngologist evaluation
HP:0000152,otolaryngologist evaluation
HP:0025424,otolaryngologist evaluation
HP:0410017,otolaryngologist evaluation
HP:0410018,otolaryngologist evaluation
HP:0025423,otolaryngologist evaluation
HP:0040262,otolaryngologist evaluation
HP:0040269,otolaryngologist evaluation
HP:0040297,otolaryngologist evaluation
HP:0100765,otolaryngologist evaluation
HP:0002321,otolaryngologist evaluation
HP:0010532,otolaryngologist evaluation
HP:0011479,otolaryngologist evaluation
HP:0007820,otolaryngologist evaluation
HP:0025572,otolaryngologist evaluation
HP:0001092,otolaryngologist evaluation
HP:0032514,otolaryngologist evaluation
HP:0007892,otolaryngologist evaluation
HP:0010748,otolaryngologist evaluation
HP:0011389,otolaryngologist evaluation
HP:0032100,otolaryngologist evaluation
HP:0008527,otolaryngologist evaluation
HP:0008615,otolaryngologist evaluation
HP:0008610,otolaryngologist evaluation
HP:0008504,otolaryngologist evaluation
HP:0008596,otolaryngologist evaluation
HP:0000410,otolaryngologist evaluation
HP:4000033,otolaryngologist evaluation
HP:4000032,otolaryngologist evaluation
HP:0008573,otolaryngologist evaluation
HP:0008555,otolaryngologist evaluation
HP:0008625,otolaryngologist evaluation
HP:0000399,otolaryngologist evaluation
HP:0007670,otolaryngologist evaluation
HP:0011476,otolaryngologist evaluation
HP:0011474,otolaryngologist evaluation
HP:0001756,otolaryngologist evaluation
HP:0001757,otolaryngologist evaluation
HP:0000408,otolaryngologist evaluation
HP:0000407,otolaryngologist evaluation
HP:0008587,otolaryngologist evaluation
HP:0001751,otolaryngologist evaluation
HP:0008568,otolaryngologist evaluation
HP:0040113,otolaryngologist evaluation
HP:0030183,otolaryngologist evaluation
HP:0008619,otolaryngologist evaluation
HP:0000614,otolaryngologist evaluation
HP:0000600,otolaryngologist evaluation
HP:0004408,otolaryngologist evaluation
HP:0012247,otolaryngologist evaluation
HP:0010635,otolaryngologist evaluation
HP:0034004,otolaryngologist evaluation
HP:0010632,otolaryngologist evaluation
HP:0004409,otolaryngologist evaluation
HP:0033693,otolaryngologist evaluation
HP:0000458,otolaryngologist evaluation
HP:0010633,otolaryngologist evaluation
HP:0010634,otolaryngologist evaluation
HP:0011452,otolaryngologist evaluation
HP:0000388,otolaryngologist evaluation
HP:0031353,otolaryngologist evaluation
HP:0000371,otolaryngologist evaluation
HP:0000389,otolaryngologist evaluation
HP:0032041,otolaryngologist evaluation
HP:0005483,otolaryngologist evaluation
HP:0008777,otolaryngologist evaluation
HP:0005349,otolaryngologist evaluation
HP:0008756,otolaryngologist evaluation
HP:0008754,otolaryngologist evaluation
HP:0008753,otolaryngologist evaluation
HP:0008752,otolaryngologist evaluation
HP:0008751,otolaryngologist evaluation
HP:0008750,otolaryngologist evaluation
HP:3000038,otolaryngologist evaluation
HP:0001607,otolaryngologist evaluation
HP:0034412,otolaryngologist evaluation
HP:0001601,otolaryngologist evaluation
HP:0008749,otolaryngologist evaluation
HP:0008747,otolaryngologist evaluation
HP:0008744,otolaryngologist evaluation
HP:0041157,otolaryngologist evaluation
HP:3000067,otolaryngologist evaluation
HP:0010565,otolaryngologist evaluation
HP:0010564,otolaryngologist evaluation
HP:0001600,otolaryngologist evaluation
HP:0006511,otolaryngologist evaluation
HP:0000364,otolaryngologist evaluation
HP:0034424,otolaryngologist evaluation
HP:0008629,otolaryngologist evaluation
HP:0000360,otolaryngologist evaluation
HP:0000359,otolaryngologist evaluation
HP:0000356,otolaryngologist evaluation
HP:0000370,otolaryngologist evaluation
HP:0040123,otolaryngologist evaluation
HP:0040122,otolaryngologist evaluation
HP:0040121,otolaryngologist evaluation
HP:0040120,otolaryngologist evaluation
HP:0004454,otolaryngologist evaluation
HP:0008529,otolaryngologist evaluation
HP:0040117,otolaryngologist evaluation
HP:0040099,otolaryngologist evaluation
HP:0040118,otolaryngologist evaluation
HP:0020123,otolaryngologist evaluation
HP:0040115,otolaryngologist evaluation
HP:0040116,otolaryngologist evaluation
HP:0040114,otolaryngologist evaluation
HP:0008609,otolaryngologist evaluation
HP:0040100,otolaryngologist evaluation
HP:0008773,otolaryngologist evaluation
HP:0000366,otolaryngologist evaluation
HP:0001739,otolaryngologist evaluation
HP:0000598,otolaryngologist evaluation
HP:0033152,otolaryngologist evaluation
HP:0033151,otolaryngologist evaluation
HP:0009591,otolaryngologist evaluation
HP:0100851,psychiatrist evaluation
HP:0012167,psychiatrist evaluation
HP:0012166,psychiatrist evaluation
HP:0041092,psychiatrist evaluation
HP:0040082,psychiatrist evaluation
HP:0000742,psychiatrist evaluation
HP:0000741,psychiatrist evaluation
HP:0006919,psychiatrist evaluation
HP:0031589,psychiatrist evaluation
HP:0031588,psychiatrist evaluation
HP:0000737,psychiatrist evaluation
HP:0012672,psychiatrist evaluation
HP:0031844,psychiatrist evaluation
HP:0033625,psychiatrist evaluation
HP:0033705,psychiatrist evaluation
HP:0012671,psychiatrist evaluation
HP:0000718,psychiatrist evaluation
HP:0030216,psychiatrist evaluation
HP:0012170,psychiatrist evaluation
HP:0000712,psychiatrist evaluation
HP:0030213,psychiatrist evaluation
HP:0100024,psychiatrist evaluation
HP:0033838,psychiatrist evaluation
HP:0100716,psychiatrist evaluation
HP:0000744,psychiatrist evaluation
HP:0000745,psychiatrist evaluation
HP:0008760,psychiatrist evaluation
HP:0012168,psychiatrist evaluation
HP:0012169,psychiatrist evaluation
HP:0410291,psychiatrist evaluation
HP:0000708,psychiatrist evaluation
HP:0007018,psychiatrist evaluation
HP:0031431,psychiatrist evaluation
HP:0031432,psychiatrist evaluation
HP:0031433,psychiatrist evaluation
HP:0033512,psychiatrist evaluation
HP:0033511,psychiatrist evaluation
HP:0033514,psychiatrist evaluation
HP:0033513,psychiatrist evaluation
HP:0033517,psychiatrist evaluation
HP:0033518,psychiatrist evaluation
HP:0033519,psychiatrist evaluation
HP:0033516,psychiatrist evaluation
HP:0033515,psychiatrist evaluation
HP:0100738,psychiatrist evaluation
HP:0100739,psychiatrist evaluation
HP:0033360,psychiatrist evaluation
HP:0030212,psychiatrist evaluation
HP:0030214,psychiatrist evaluation
HP:0030215,psychiatrist evaluation
HP:0031987,psychiatrist evaluation
HP:0030220,psychiatrist evaluation
HP:0030221,psychiatrist evaluation
HP:0100754,psychiatrist evaluation
HP:0030223,psychiatrist evaluation
HP:0100753,psychiatrist evaluation
HP:0030842,psychiatrist evaluation
HP:0025062,psychiatrist evaluation
HP:0002193,psychiatrist evaluation
HP:0006896,psychiatrist evaluation
HP:0033543,psychiatrist evaluation
HP:0031466,psychiatrist evaluation
HP:0031467,psychiatrist evaluation
HP:0031468,psychiatrist evaluation
HP:0031469,psychiatrist evaluation
HP:0002519,psychiatrist evaluation
HP:0032936,psychiatrist evaluation
HP:0030858,psychiatrist evaluation
HP:0032937,psychiatrist evaluation
HP:0032938,psychiatrist evaluation
HP:0032939,psychiatrist evaluation
HP:0030082,psychiatrist evaluation
HP:0030083,psychiatrist evaluation
HP:0002367,psychiatrist evaluation
HP:0031472,psychiatrist evaluation
HP:0032940,psychiatrist evaluation
HP:0032941,psychiatrist evaluation
HP:0032942,psychiatrist evaluation
HP:0011999,psychiatrist evaluation
HP:0031473,psychiatrist evaluation
HP:4000069,psychiatrist evaluation
HP:4000068,psychiatrist evaluation
HP:0012075,psychiatrist evaluation
HP:0012076,psychiatrist evaluation
HP:0012077,psychiatrist evaluation
HP:0012154,psychiatrist evaluation
HP:0007302,psychiatrist evaluation
HP:4000078,psychiatrist evaluation
HP:4000079,psychiatrist evaluation
HP:0000613,psychiatrist evaluation
HP:4000077,psychiatrist evaluation
HP:4000070,psychiatrist evaluation
HP:0030955,psychiatrist evaluation
HP:0040202,psychiatrist evaluation
HP:0010865,psychiatrist evaluation
HP:0032505,psychiatrist evaluation
HP:0032508,psychiatrist evaluation
HP:0032509,psychiatrist evaluation
HP:0000709,psychiatrist evaluation
HP:0000711,psychiatrist evaluation
HP:0000713,psychiatrist evaluation
HP:0000710,psychiatrist evaluation
HP:0000716,psychiatrist evaluation
HP:0000717,psychiatrist evaluation
HP:0000719,psychiatrist evaluation
HP:0033051,psychiatrist evaluation
HP:0033052,psychiatrist evaluation
HP:0033053,psychiatrist evaluation
HP:0033055,psychiatrist evaluation
HP:0033056,psychiatrist evaluation
HP:0006803,psychiatrist evaluation
HP:0000721,psychiatrist evaluation
HP:0000722,psychiatrist evaluation
HP:0000723,psychiatrist evaluation
HP:0032521,psychiatrist evaluation
HP:0000725,psychiatrist evaluation
HP:0033676,psychiatrist evaluation
HP:0001959,psychiatrist evaluation
HP:0000729,psychiatrist evaluation
HP:0001345,psychiatrist evaluation
HP:0000732,psychiatrist evaluation
HP:0000734,psychiatrist evaluation
HP:0000738,psychiatrist evaluation
HP:0000736,psychiatrist evaluation
HP:0033070,psychiatrist evaluation
HP:0033071,psychiatrist evaluation
HP:0033694,psychiatrist evaluation
HP:0012523,psychiatrist evaluation
HP:0000746,psychiatrist evaluation
HP:0000748,psychiatrist evaluation
HP:0000749,psychiatrist evaluation
HP:0025382,psychiatrist evaluation
HP:0000751,psychiatrist evaluation
HP:0000752,psychiatrist evaluation
HP:0000753,psychiatrist evaluation
HP:0000757,psychiatrist evaluation
HP:0031943,psychiatrist evaluation
HP:0008765,psychiatrist evaluation
HP:0008768,psychiatrist evaluation
HP:0025479,psychiatrist evaluation
HP:0100710,psychiatrist evaluation
HP:0011856,psychiatrist evaluation
HP:4000009,psychiatrist evaluation
HP:0008770,psychiatrist evaluation
HP:0006932,psychiatrist evaluation
HP:0100022,neurologist evaluation
HP:0100660,neurologist evaluation
HP:0000743,neurologist evaluation
HP:0012407,neurologist evaluation
HP:0002066,neurologist evaluation
HP:0002064,neurologist evaluation
HP:0033683,neurologist evaluation
HP:0006915,neurologist evaluation
HP:0002346,neurologist evaluation
HP:0002345,neurologist evaluation
HP:0031848,neurologist evaluation
HP:0031847,neurologist evaluation
HP:0003376,neurologist evaluation
HP:0001308,neurologist evaluation
HP:0100703,neurologist evaluation
HP:0007098,neurologist evaluation
HP:0000733,neurologist evaluation
HP:0001304,neurologist evaluation
HP:0001483,neurologist evaluation
HP:0200101,neurologist evaluation
HP:0030188,neurologist evaluation
HP:0030187,neurologist evaluation
HP:0030186,neurologist evaluation
HP:0030185,neurologist evaluation
HP:0007089,neurologist evaluation
HP:0033206,neurologist evaluation
HP:0033205,neurologist evaluation
HP:0033204,neurologist evaluation
HP:0033203,neurologist evaluation
HP:0033202,neurologist evaluation
HP:0033201,neurologist evaluation
HP:0033200,neurologist evaluation
HP:0007083,neurologist evaluation
HP:0006794,neurologist evaluation
HP:0034183,neurologist evaluation
HP:0006844,neurologist evaluation
HP:0002322,neurologist evaluation
HP:0031829,neurologist evaluation
HP:0031828,neurologist evaluation
HP:0031827,neurologist evaluation
HP:0031826,neurologist evaluation
HP:0031825,neurologist evaluation
HP:0002600,neurologist evaluation
HP:0012049,neurologist evaluation
HP:0012048,neurologist evaluation
HP:0012046,neurologist evaluation
HP:0011808,neurologist evaluation
HP:0012323,neurologist evaluation
HP:0002268,neurologist evaluation
HP:0002317,neurologist evaluation
HP:0007351,neurologist evaluation
HP:0007350,neurologist evaluation
HP:0002310,neurologist evaluation
HP:0002544,neurologist evaluation
HP:0030218,neurologist evaluation
HP:0002540,neurologist evaluation
HP:0031990,neurologist evaluation
HP:0008945,neurologist evaluation
HP:0033414,neurologist evaluation
HP:0033413,neurologist evaluation
HP:0033412,neurologist evaluation
HP:0033411,neurologist evaluation
HP:0004373,neurologist evaluation
HP:0002305,neurologist evaluation
HP:0002304,neurologist evaluation
HP:0100288,neurologist evaluation
HP:0002487,neurologist evaluation
HP:0002533,neurologist evaluation
HP:0031986,neurologist evaluation
HP:0002530,neurologist evaluation
HP:0031008,neurologist evaluation
HP:0031007,neurologist evaluation
HP:0000643,neurologist evaluation
HP:0007054,neurologist evaluation
HP:0031004,neurologist evaluation
HP:0030665,neurologist evaluation
HP:0007289,neurologist evaluation
HP:0002476,neurologist evaluation
HP:0002527,neurologist evaluation
HP:0030147,neurologist evaluation
HP:0002522,neurologist evaluation
HP:0032549,neurologist evaluation
HP:0011449,neurologist evaluation
HP:0011448,neurologist evaluation
HP:0011445,neurologist evaluation
HP:0011728,neurologist evaluation
HP:0012477,neurologist evaluation
HP:0040148,neurologist evaluation
HP:0007326,neurologist evaluation
HP:0007325,neurologist evaluation
HP:0025682,neurologist evaluation
HP:0006801,neurologist evaluation
HP:0100035,neurologist evaluation
HP:0100034,neurologist evaluation
HP:0100033,neurologist evaluation
HP:0002515,neurologist evaluation
HP:0040141,neurologist evaluation
HP:0002510,neurologist evaluation
HP:0033054,neurologist evaluation
HP:0031960,neurologist evaluation
HP:0031166,neurologist evaluation
HP:0007034,neurologist evaluation
HP:0033330,neurologist evaluation
HP:0002172,neurologist evaluation
HP:0002174,neurologist evaluation
HP:0002505,neurologist evaluation
HP:0007311,neurologist evaluation
HP:0012462,neurologist evaluation
HP:0002457,neurologist evaluation
HP:0011099,neurologist evaluation
HP:0100023,neurologist evaluation
HP:0100021,neurologist evaluation
HP:0002451,neurologist evaluation
HP:0034360,neurologist evaluation
HP:0031959,neurologist evaluation
HP:0031958,neurologist evaluation
HP:0031957,neurologist evaluation
HP:0031954,neurologist evaluation
HP:0031955,neurologist evaluation
HP:0031953,neurologist evaluation
HP:0031952,neurologist evaluation
HP:0003487,neurologist evaluation
HP:0012179,neurologist evaluation
HP:0033329,neurologist evaluation
HP:0025387,neurologist evaluation
HP:0002169,neurologist evaluation
HP:0012172,neurologist evaluation
HP:0012171,neurologist evaluation
HP:0007308,neurologist evaluation
HP:0032006,neurologist evaluation
HP:0032005,neurologist evaluation
HP:0002395,neurologist evaluation
HP:0100248,neurologist evaluation
HP:0006962,neurologist evaluation
HP:0006961,neurologist evaluation
HP:0031947,neurologist evaluation
HP:0025097,neurologist evaluation
HP:0012164,neurologist evaluation
HP:0030903,neurologist evaluation
HP:0030904,neurologist evaluation
HP:0030906,neurologist evaluation
HP:0012392,neurologist evaluation
HP:0012391,neurologist evaluation
HP:0030905,neurologist evaluation
HP:0009878,neurologist evaluation
HP:0007240,neurologist evaluation
HP:0030902,neurologist evaluation
HP:0000317,neurologist evaluation
HP:0002380,neurologist evaluation
HP:0010553,neurologist evaluation
HP:0032507,neurologist evaluation
HP:0032506,neurologist evaluation
HP:0030051,neurologist evaluation
HP:0009072,neurologist evaluation
HP:0001348,neurologist evaluation
HP:0001347,neurologist evaluation
HP:0007000,neurologist evaluation
HP:0034052,neurologist evaluation
HP:0002378,neurologist evaluation
HP:0002141,neurologist evaluation
HP:0002375,neurologist evaluation
HP:0002374,neurologist evaluation
HP:0010546,neurologist evaluation
HP:0010828,neurologist evaluation
HP:0020037,neurologist evaluation
HP:0003739,neurologist evaluation
HP:0001288,neurologist evaluation
HP:0001336,neurologist evaluation
HP:0001337,neurologist evaluation
HP:0025357,neurologist evaluation
HP:0001284,neurologist evaluation
HP:0001335,neurologist evaluation
HP:0025403,neurologist evaluation
HP:0001332,neurologist evaluation
HP:0004305,neurologist evaluation
HP:0002136,neurologist evaluation
HP:0045084,neurologist evaluation
HP:0200085,neurologist evaluation
HP:0002080,neurologist evaluation
HP:0002599,neurologist evaluation
HP:0012651,neurologist evaluation
HP:0002362,neurologist evaluation
HP:0002411,neurologist evaluation
HP:0010531,neurologist evaluation
HP:0010530,neurologist evaluation
HP:0000473,neurologist evaluation
HP:0008767,neurologist evaluation
HP:0008762,neurologist evaluation
HP:0033230,neurologist evaluation
HP:0007166,neurologist evaluation
HP:0002072,neurologist evaluation
HP:0031629,neurologist evaluation
HP:0002356,neurologist evaluation
HP:0002355,neurologist evaluation
HP:0031856,neurologist evaluation
HP:0010521,neurologist evaluation
HP:0003438,neurologist evaluation
HP:0033229,neurologist evaluation
HP:0033228,neurologist evaluation
HP:0001315,neurologist evaluation
HP:0001266,neurologist evaluation
HP:0001265,neurologist evaluation
HP:0002486,neurologist evaluation
HP:0011809,neurologist evaluation
HP:0003730,neurologist evaluation
HP:0003719,neurologist evaluation
HP:0012902,neurologist evaluation
HP:0012899,neurologist evaluation
HP:0012904,neurologist evaluation
HP:0012903,neurologist evaluation
HP:0012901,neurologist evaluation
HP:0012900,neurologist evaluation
HP:0003760,neurologist evaluation
HP:0010548,neurologist evaluation
HP:0003740,neurologist evaluation
HP:0002483,neurologist evaluation
HP:0002480,neurologist evaluation
HP:0002167,neurologist evaluation
HP:0002427,neurologist evaluation
HP:0033848,neurologist evaluation
HP:0033849,neurologist evaluation
HP:0030784,neurologist evaluation
HP:0002474,neurologist evaluation
HP:0006863,neurologist evaluation
HP:0002381,neurologist evaluation
HP:0001260,neurologist evaluation
HP:0031814,neurologist evaluation
HP:0010863,neurologist evaluation
HP:0002546,neurologist evaluation
HP:0002526,neurologist evaluation
HP:0008376,neurologist evaluation
HP:0007024,neurologist evaluation
HP:0011345,neurologist evaluation
HP:0011346,neurologist evaluation
HP:0010523,neurologist evaluation
HP:0031937,neurologist evaluation
HP:0010526,neurologist evaluation
HP:0001618,neurologist evaluation
HP:0010529,neurologist evaluation
HP:0002465,neurologist evaluation
HP:0002300,neurologist evaluation
HP:0002168,neurologist evaluation
HP:0025268,neurologist evaluation
HP:0000750,neurologist evaluation
HP:0001344,neurologist evaluation
HP:0002371,neurologist evaluation
HP:0011350,neurologist evaluation
HP:0011352,neurologist evaluation
HP:0011351,neurologist evaluation
HP:0006977,neurologist evaluation
HP:0002425,neurologist evaluation
HP:0003797,neurologist evaluation
HP:0008946,neurologist evaluation
HP:0006785,neurologist evaluation
HP:0003724,neurologist evaluation
HP:0002463,neurologist evaluation
HP:0030391,neurologist evaluation
HP:0001324,neurologist evaluation
HP:0003484,neurologist evaluation
HP:0012799,neurologist evaluation
HP:0012515,neurologist evaluation
HP:0003731,neurologist evaluation
HP:0007188,neurologist evaluation
HP:0004347,neurologist evaluation
HP:0004878,neurologist evaluation
HP:0008963,neurologist evaluation
HP:0003391,neurologist evaluation
HP:0003392,neurologist evaluation
HP:0003547,neurologist evaluation
HP:0007340,neurologist evaluation
HP:0033416,neurologist evaluation
HP:0010628,neurologist evaluation
HP:0002601,neurologist evaluation
HP:0002747,neurologist evaluation
HP:0030664,neurologist evaluation
HP:0003749,neurologist evaluation
HP:0003690,neurologist evaluation
HP:0011727,neurologist evaluation
HP:0003701,neurologist evaluation
HP:0009053,neurologist evaluation
HP:0004889,neurologist evaluation
HP:0003704,neurologist evaluation
HP:0003694,neurologist evaluation
HP:0031372,neurologist evaluation
HP:0031374,neurologist evaluation
HP:0000467,neurologist evaluation
HP:0002460,neurologist evaluation
HP:0006597,neurologist evaluation
HP:0003752,neurologist evaluation
HP:0009113,neurologist evaluation
HP:0031189,neurologist evaluation
HP:0002421,neurologist evaluation
HP:0003323,neurologist evaluation
HP:0003324,neurologist evaluation
HP:0009063,neurologist evaluation
HP:0003327,neurologist evaluation
HP:0003325,neurologist evaluation
HP:0010547,neurologist evaluation
HP:0003810,neurologist evaluation
HP:0030192,neurologist evaluation
HP:0030193,neurologist evaluation
HP:0030194,neurologist evaluation
HP:0009023,neurologist evaluation
HP:0030196,neurologist evaluation
HP:0030197,neurologist evaluation
HP:0031108,neurologist evaluation
HP:0009027,neurologist evaluation
HP:0030195,neurologist evaluation
HP:0004661,neurologist evaluation
HP:0030199,neurologist evaluation
HP:0030198,neurologist evaluation
HP:0030200,neurologist evaluation
HP:0001283,neurologist evaluation
HP:0003473,neurologist evaluation
HP:0012496,neurologist evaluation
HP:0012497,neurologist evaluation
HP:0012507,neurologist evaluation
HP:0008994,neurologist evaluation
HP:0003722,neurologist evaluation
HP:0009073,neurologist evaluation
HP:0008997,neurologist evaluation
HP:0430025,neurologist evaluation
HP:0008959,neurologist evaluation
HP:0001349,neurologist evaluation
HP:0002203,neurologist evaluation
HP:0001328,neurologist evaluation
HP:0010794,neurologist evaluation
HP:0010522,neurologist evaluation
HP:0002442,neurologist evaluation
HP:0000726,neurologist evaluation
HP:0007123,neurologist evaluation
HP:0030219,neurologist evaluation
HP:0002145,neurologist evaluation
HP:0002439,neurologist evaluation
HP:0000727,neurologist evaluation
HP:0003470,neurologist evaluation
HP:0003768,neurologist evaluation
HP:0012820,neurologist evaluation
HP:0012821,neurologist evaluation
HP:0012822,neurologist evaluation
HP:0007209,neurologist evaluation
HP:0008153,neurologist evaluation
HP:0007215,neurologist evaluation
HP:0008757,neurologist evaluation
HP:0001604,neurologist evaluation
HP:0001605,neurologist evaluation
HP:0002448,neurologist evaluation
HP:0001250,neurologist evaluation
HP:0032720,neurologist evaluation
HP:0032721,neurologist evaluation
HP:0032722,neurologist evaluation
HP:0032723,neurologist evaluation
HP:0032724,neurologist evaluation
HP:0032725,neurologist evaluation
HP:0032726,neurologist evaluation
HP:0002373,neurologist evaluation
HP:0032727,neurologist evaluation
HP:0032728,neurologist evaluation
HP:0032729,neurologist evaluation
HP:0002121,neurologist evaluation
HP:0002123,neurologist evaluation
HP:0032730,neurologist evaluation
HP:0033259,neurologist evaluation
HP:0032731,neurologist evaluation
HP:0032732,neurologist evaluation
HP:0032733,neurologist evaluation
HP:0032734,neurologist evaluation
HP:0032736,neurologist evaluation
HP:0032737,neurologist evaluation
HP:0002384,neurologist evaluation
HP:0011097,neurologist evaluation
HP:0032738,neurologist evaluation
HP:0032739,neurologist evaluation
HP:0032735,neurologist evaluation
HP:0002133,neurologist evaluation
HP:0032740,neurologist evaluation
HP:0032741,neurologist evaluation
HP:0032742,neurologist evaluation
HP:0031951,neurologist evaluation
HP:0032743,neurologist evaluation
HP:0032744,neurologist evaluation
HP:0031165,neurologist evaluation
HP:0032747,neurologist evaluation
HP:0032748,neurologist evaluation
HP:0032749,neurologist evaluation
HP:0032745,neurologist evaluation
HP:0032746,neurologist evaluation
HP:0025613,neurologist evaluation
HP:0032750,neurologist evaluation
HP:0032751,neurologist evaluation
HP:0032752,neurologist evaluation
HP:0032753,neurologist evaluation
HP:0032754,neurologist evaluation
HP:0032755,neurologist evaluation
HP:0032756,neurologist evaluation
HP:0032757,neurologist evaluation
HP:0032758,neurologist evaluation
HP:0032759,neurologist evaluation
HP:0100622,neurologist evaluation
HP:0032760,neurologist evaluation
HP:0032761,neurologist evaluation
HP:0032762,neurologist evaluation
HP:0032763,neurologist evaluation
HP:0032764,neurologist evaluation
HP:0032765,neurologist evaluation
HP:0032766,neurologist evaluation
HP:0032767,neurologist evaluation
HP:0032768,neurologist evaluation
HP:0032769,neurologist evaluation
HP:0011145,neurologist evaluation
HP:0011146,neurologist evaluation
HP:0011147,neurologist evaluation
HP:0011149,neurologist evaluation
HP:0032770,neurologist evaluation
HP:0032771,neurologist evaluation
HP:0032772,neurologist evaluation
HP:0032773,neurologist evaluation
HP:0032774,neurologist evaluation
HP:0032775,neurologist evaluation
HP:0032776,neurologist evaluation
HP:0032777,neurologist evaluation
HP:0032778,neurologist evaluation
HP:0032779,neurologist evaluation
HP:0002173,neurologist evaluation
HP:0011150,neurologist evaluation
HP:0011151,neurologist evaluation
HP:0011152,neurologist evaluation
HP:0011153,neurologist evaluation
HP:0011154,neurologist evaluation
HP:0012469,neurologist evaluation
HP:0011157,neurologist evaluation
HP:0011158,neurologist evaluation
HP:0011159,neurologist evaluation
HP:0032780,neurologist evaluation
HP:0032781,neurologist evaluation
HP:0032782,neurologist evaluation
HP:0032783,neurologist evaluation
HP:0032784,neurologist evaluation
HP:0032785,neurologist evaluation
HP:0032786,neurologist evaluation
HP:0032787,neurologist evaluation
HP:0032788,neurologist evaluation
HP:0032789,neurologist evaluation
HP:0031475,neurologist evaluation
HP:0032800,neurologist evaluation
HP:0032801,neurologist evaluation
HP:0032802,neurologist evaluation
HP:0032803,neurologist evaluation
HP:0032804,neurologist evaluation
HP:0032805,neurologist evaluation
HP:0032806,neurologist evaluation
HP:0032807,neurologist evaluation
HP:0032808,neurologist evaluation
HP:0032809,neurologist evaluation
HP:0011168,neurologist evaluation
HP:0011169,neurologist evaluation
HP:0011163,neurologist evaluation
HP:0011161,neurologist evaluation
HP:0011160,neurologist evaluation
HP:0011167,neurologist evaluation
HP:0011166,neurologist evaluation
HP:0011165,neurologist evaluation
HP:0032790,neurologist evaluation
HP:0032791,neurologist evaluation
HP:0032792,neurologist evaluation
HP:0032793,neurologist evaluation
HP:0032794,neurologist evaluation
HP:0032795,neurologist evaluation
HP:0032796,neurologist evaluation
HP:0032797,neurologist evaluation
HP:0032798,neurologist evaluation
HP:0032799,neurologist evaluation
HP:0032810,neurologist evaluation
HP:0032811,neurologist evaluation
HP:0032812,neurologist evaluation
HP:0032813,neurologist evaluation
HP:0032814,neurologist evaluation
HP:0032815,neurologist evaluation
HP:0032816,neurologist evaluation
HP:0032817,neurologist evaluation
HP:0032818,neurologist evaluation
HP:0032819,neurologist evaluation
HP:0011174,neurologist evaluation
HP:0011173,neurologist evaluation
HP:0011172,neurologist evaluation
HP:0011171,neurologist evaluation
HP:0011175,neurologist evaluation
HP:0011170,neurologist evaluation
HP:0007207,neurologist evaluation
HP:0002199,neurologist evaluation
HP:0002197,neurologist evaluation
HP:0007193,neurologist evaluation
HP:0033346,neurologist evaluation
HP:0033347,neurologist evaluation
HP:0033348,neurologist evaluation
HP:0032820,neurologist evaluation
HP:0032821,neurologist evaluation
HP:0032822,neurologist evaluation
HP:0032824,neurologist evaluation
HP:0032825,neurologist evaluation
HP:0032826,neurologist evaluation
HP:0032827,neurologist evaluation
HP:0032828,neurologist evaluation
HP:0032829,neurologist evaluation
HP:0032823,neurologist evaluation
HP:0032830,neurologist evaluation
HP:0032831,neurologist evaluation
HP:0032832,neurologist evaluation
HP:0032833,neurologist evaluation
HP:0032834,neurologist evaluation
HP:0032835,neurologist evaluation
HP:0032836,neurologist evaluation
HP:0032837,neurologist evaluation
HP:0032838,neurologist evaluation
HP:0032839,neurologist evaluation
HP:0012002,neurologist evaluation
HP:0012003,neurologist evaluation
HP:0012004,neurologist evaluation
HP:0012005,neurologist evaluation
HP:0012006,neurologist evaluation
HP:0012007,neurologist evaluation
HP:0012008,neurologist evaluation
HP:0032840,neurologist evaluation
HP:0032841,neurologist evaluation
HP:0032842,neurologist evaluation
HP:0032843,neurologist evaluation
HP:0032844,neurologist evaluation
HP:0032845,neurologist evaluation
HP:0032846,neurologist evaluation
HP:0032847,neurologist evaluation
HP:0032848,neurologist evaluation
HP:0032849,neurologist evaluation
HP:0020207,neurologist evaluation
HP:0020208,neurologist evaluation
HP:0020209,neurologist evaluation
HP:0032850,neurologist evaluation
HP:0032851,neurologist evaluation
HP:0032852,neurologist evaluation
HP:0032853,neurologist evaluation
HP:0032854,neurologist evaluation
HP:0032857,neurologist evaluation
HP:0032858,neurologist evaluation
HP:0032859,neurologist evaluation
HP:0032855,neurologist evaluation
HP:0032856,neurologist evaluation
HP:0025190,neurologist evaluation
HP:0020210,neurologist evaluation
HP:0020211,neurologist evaluation
HP:0020212,neurologist evaluation
HP:0020213,neurologist evaluation
HP:0020214,neurologist evaluation
HP:0020215,neurologist evaluation
HP:0020216,neurologist evaluation
HP:0020217,neurologist evaluation
HP:0020218,neurologist evaluation
HP:0020219,neurologist evaluation
HP:0032860,neurologist evaluation
HP:0032861,neurologist evaluation
HP:0032862,neurologist evaluation
HP:0032863,neurologist evaluation
HP:0032864,neurologist evaluation
HP:0032865,neurologist evaluation
HP:0032868,neurologist evaluation
HP:0032869,neurologist evaluation
HP:0032866,neurologist evaluation
HP:0032867,neurologist evaluation
HP:0002266,neurologist evaluation
HP:0020220,neurologist evaluation
HP:0020221,neurologist evaluation
HP:0032870,neurologist evaluation
HP:0032871,neurologist evaluation
HP:0032872,neurologist evaluation
HP:0032873,neurologist evaluation
HP:0032874,neurologist evaluation
HP:0032876,neurologist evaluation
HP:0032877,neurologist evaluation
HP:0032878,neurologist evaluation
HP:0032879,neurologist evaluation
HP:0007270,neurologist evaluation
HP:0032880,neurologist evaluation
HP:0032882,neurologist evaluation
HP:0032883,neurologist evaluation
HP:0032884,neurologist evaluation
HP:0032885,neurologist evaluation
HP:0032886,neurologist evaluation
HP:0032887,neurologist evaluation
HP:0032888,neurologist evaluation
HP:0032889,neurologist evaluation
HP:0032900,neurologist evaluation
HP:0032901,neurologist evaluation
HP:0032902,neurologist evaluation
HP:0032903,neurologist evaluation
HP:0032904,neurologist evaluation
HP:0032905,neurologist evaluation
HP:0032906,neurologist evaluation
HP:0032907,neurologist evaluation
HP:0012847,neurologist evaluation
HP:0032908,neurologist evaluation
HP:0032909,neurologist evaluation
HP:0032890,neurologist evaluation
HP:0032891,neurologist evaluation
HP:0032892,neurologist evaluation
HP:0032893,neurologist evaluation
HP:0032894,neurologist evaluation
HP:0032895,neurologist evaluation
HP:0032896,neurologist evaluation
HP:0032897,neurologist evaluation
HP:0032898,neurologist evaluation
HP:0032899,neurologist evaluation
HP:0032910,neurologist evaluation
HP:0032911,neurologist evaluation
HP:0032912,neurologist evaluation
HP:0032913,neurologist evaluation
HP:0032914,neurologist evaluation
HP:0032915,neurologist evaluation
HP:0032916,neurologist evaluation
HP:0032917,neurologist evaluation
HP:0032918,neurologist evaluation
HP:0032919,neurologist evaluation
HP:0032920,neurologist evaluation
HP:0032921,neurologist evaluation
HP:0032922,neurologist evaluation
HP:0032923,neurologist evaluation
HP:0032924,neurologist evaluation
HP:0032925,neurologist evaluation
HP:0032926,neurologist evaluation
HP:0032927,neurologist evaluation
HP:0032659,neurologist evaluation
HP:0032656,neurologist evaluation
HP:0032658,neurologist evaluation
HP:0032660,neurologist evaluation
HP:0032661,neurologist evaluation
HP:0032662,neurologist evaluation
HP:0032663,neurologist evaluation
HP:0032664,neurologist evaluation
HP:0032665,neurologist evaluation
HP:0033722,neurologist evaluation
HP:0032666,neurologist evaluation
HP:0032667,neurologist evaluation
HP:0032668,neurologist evaluation
HP:0032669,neurologist evaluation
HP:0002069,neurologist evaluation
HP:0032670,neurologist evaluation
HP:0032671,neurologist evaluation
HP:0032672,neurologist evaluation
HP:0007332,neurologist evaluation
HP:0032673,neurologist evaluation
HP:0007334,neurologist evaluation
HP:0032677,neurologist evaluation
HP:0032678,neurologist evaluation
HP:0032679,neurologist evaluation
HP:0006813,neurologist evaluation
HP:0002349,neurologist evaluation
HP:0032680,neurologist evaluation
HP:0032681,neurologist evaluation
HP:0032682,neurologist evaluation
HP:0032684,neurologist evaluation
HP:0032685,neurologist evaluation
HP:0032686,neurologist evaluation
HP:0032687,neurologist evaluation
HP:0032688,neurologist evaluation
HP:0032689,neurologist evaluation
HP:0032700,neurologist evaluation
HP:0032701,neurologist evaluation
HP:0032702,neurologist evaluation
HP:0032704,neurologist evaluation
HP:0032705,neurologist evaluation
HP:0032706,neurologist evaluation
HP:0032707,neurologist evaluation
HP:0032708,neurologist evaluation
HP:0032709,neurologist evaluation
HP:0032690,neurologist evaluation
HP:0032691,neurologist evaluation
HP:0032692,neurologist evaluation
HP:0032693,neurologist evaluation
HP:0032694,neurologist evaluation
HP:0032696,neurologist evaluation
HP:0032698,neurologist evaluation
HP:0032699,neurologist evaluation
HP:0007359,neurologist evaluation
HP:0010819,neurologist evaluation
HP:0010818,neurologist evaluation
HP:0032710,neurologist evaluation
HP:0032711,neurologist evaluation
HP:0032712,neurologist evaluation
HP:0032713,neurologist evaluation
HP:0032714,neurologist evaluation
HP:0032715,neurologist evaluation
HP:0032716,neurologist evaluation
HP:0032717,neurologist evaluation
HP:0032718,neurologist evaluation
HP:0032719,neurologist evaluation
HP:0010820,neurologist evaluation
HP:0010821,neurologist evaluation
HP:0001327,neurologist evaluation
HP:0025186,neurologist evaluation
HP:0002423,neurologist evaluation
HP:0003560,neurologist evaluation
HP:0008970,neurologist evaluation
HP:0007081,neurologist evaluation
HP:0003741,neurologist evaluation
HP:0003737,neurologist evaluation
HP:0009069,neurologist evaluation
HP:0001297,neurologist evaluation
HP:0002140,neurologist evaluation
HP:0002401,neurologist evaluation
HP:0002326,neurologist evaluation
HP:0032570,neurologist evaluation
HP:0032325,neurologist evaluation
HP:0033762,neurologist evaluation
HP:0003715,neurologist evaluation
HP:0003394,neurologist evaluation
HP:0003435,neurologist evaluation
HP:0031989,neurologist evaluation
HP:0003710,neurologist evaluation
HP:0003449,neurologist evaluation
HP:0011964,neurologist evaluation
HP:0008991,neurologist evaluation
HP:0001298,neurologist evaluation
HP:0007239,neurologist evaluation
HP:0007069,neurologist evaluation
HP:0006846,neurologist evaluation
HP:0006929,neurologist evaluation
HP:0006965,neurologist evaluation
HP:0006976,neurologist evaluation
HP:0006789,neurologist evaluation
HP:0007030,neurologist evaluation
HP:0007111,neurologist evaluation
HP:0200134,neurologist evaluation
HP:0007105,neurologist evaluation
HP:0007335,neurologist evaluation
HP:0001276,neurologist evaluation
HP:0025013,neurologist evaluation
HP:0002063,neurologist evaluation
HP:0002509,neurologist evaluation
HP:0007158,neurologist evaluation
HP:0007076,neurologist evaluation
HP:0006895,neurologist evaluation
HP:0002396,neurologist evaluation
HP:0011444,neurologist evaluation
HP:0031867,neurologist evaluation
HP:0200049,neurologist evaluation
HP:0001268,neurologist evaluation
HP:0002344,neurologist evaluation
HP:0007064,neurologist evaluation
HP:0002361,neurologist evaluation
HP:0007086,neurologist evaluation
HP:0007307,neurologist evaluation
HP:0007272,neurologist evaluation
HP:0002333,neurologist evaluation
HP:0001300,neurologist evaluation
HP:0002548,neurologist evaluation
HP:0002354,neurologist evaluation
HP:0010534,neurologist evaluation
HP:0007017,neurologist evaluation
HP:0033687,neurologist evaluation
HP:0033688,neurologist evaluation
HP:0033689,neurologist evaluation
HP:0002549,neurologist evaluation
HP:0033690,neurologist evaluation
HP:0033691,neurologist evaluation
HP:0033692,neurologist evaluation
HP:0012640,neurologist evaluation
HP:0012641,neurologist evaluation
HP:0002516,neurologist evaluation
HP:0002511,neurologist evaluation
HP:0002512,neurologist evaluation
HP:0002524,neurologist evaluation
HP:0003808,neurologist evaluation
HP:0011804,neurologist evaluation
HP:0003482,neurologist evaluation
HP:0030206,neurologist evaluation
HP:0030205,neurologist evaluation
HP:0003800,neurologist evaluation
HP:0009141,neurologist evaluation
HP:0003458,neurologist evaluation
HP:0003457,neurologist evaluation
HP:0033235,neurologist evaluation
HP:0100287,neurologist evaluation
HP:0100285,neurologist evaluation
HP:0100284,neurologist evaluation
HP:0100283,neurologist evaluation
HP:0030007,neurologist evaluation
HP:0030006,neurologist evaluation
HP:0003445,neurologist evaluation
HP:0003444,neurologist evaluation
HP:0030000,neurologist evaluation
HP:0007066,neurologist evaluation
HP:0004302,neurologist evaluation
HP:0003559,neurologist evaluation
HP:0003551,neurologist evaluation
HP:0003552,neurologist evaluation
HP:0003698,neurologist evaluation
HP:0003388,neurologist evaluation
HP:0003403,neurologist evaluation
HP:0003548,neurologist evaluation
HP:0003689,neurologist evaluation
HP:0003688,neurologist evaluation
HP:0002359,neurologist evaluation
HP:0008969,neurologist evaluation
HP:0008967,neurologist evaluation
HP:0006921,neurologist evaluation
HP:0007156,neurologist evaluation
HP:0033767,neurologist evaluation
HP:0009046,neurologist evaluation
HP:0011443,neurologist evaluation
HP:0002370,neurologist evaluation
HP:0001350,neurologist evaluation
HP:0007015,neurologist evaluation
HP:0007057,neurologist evaluation
HP:0040200,neurologist evaluation
HP:0002275,neurologist evaluation
HP:0007010,neurologist evaluation
HP:0040201,neurologist evaluation
HP:0007164,neurologist evaluation
HP:0002312,neurologist evaluation
HP:0002311,neurologist evaluation
HP:0410015,neurologist evaluation
HP:0410016,neurologist evaluation
HP:3000025,neurologist evaluation
HP:0410014,neurologist evaluation
HP:0410010,neurologist evaluation
HP:0045052,neurologist evaluation
HP:0045054,neurologist evaluation
HP:0045053,neurologist evaluation
HP:3000035,neurologist evaluation
HP:0410008,neurologist evaluation
HP:0410009,neurologist evaluation
HP:0001311,neurologist evaluation
HP:0002637,neurologist evaluation
HP:0002315,neurologist evaluation
HP:0030907,neurologist evaluation
HP:0002076,neurologist evaluation
HP:0002077,neurologist evaluation
HP:0012459,neurologist evaluation
HP:0012199,neurologist evaluation
HP:0002083,neurologist evaluation
HP:0012228,neurologist evaluation
HP:0002331,neurologist evaluation
HP:0000182,neurologist evaluation
HP:0000183,neurologist evaluation
HP:0410043,neurologist evaluation
HP:0001446,neurologist evaluation
HP:0002011,neurologist evaluation
HP:0100543,neurologist evaluation
HP:0033844,neurologist evaluation
HP:0031843,neurologist evaluation
HP:0033630,neurologist evaluation
HP:0100561,neurologist evaluation
HP:0002067,neurologist evaluation
HP:0002062,neurologist evaluation
HP:0002071,neurologist evaluation
HP:0007153,neurologist evaluation
HP:0002267,neurologist evaluation
HP:0002143,neurologist evaluation
HP:0003474,neurologist evaluation
HP:0002127,neurologist evaluation
HP:0003406,neurologist evaluation
HP:0002186,neurologist evaluation
HP:0032588,neurologist evaluation
HP:0000658,neurologist evaluation
HP:0030217,neurologist evaluation
HP:0007301,neurologist evaluation
HP:0011098,neurologist evaluation
HP:0002180,neurologist evaluation
HP:0002196,neurologist evaluation
HP:0002318,neurologist evaluation
HP:0005788,neurologist evaluation
HP:0030709,neurologist evaluation
HP:0002270,neurologist evaluation
HP:0002269,neurologist evaluation
HP:0002200,neurologist evaluation
HP:0003198,neurologist evaluation
HP:0008978,neurologist evaluation
HP:0009071,neurologist evaluation
HP:0030237,neurologist evaluation
HP:0031177,neurologist evaluation
HP:0009077,neurologist evaluation
HP:0033466,neurologist evaluation
HP:0011397,neurologist evaluation
HP:0001465,neurologist evaluation
HP:0009060,neurologist evaluation
HP:0009054,neurologist evaluation
HP:0012688,neurologist evaluation
HP:0001291,neurologist evaluation
HP:0011348,neurologist evaluation
HP:0001437,neurologist evaluation
HP:0009031,neurologist evaluation
HP:0011916,neurologist evaluation
HP:0008116,neurologist evaluation
HP:0009131,neurologist evaluation
HP:0005255,neurologist evaluation
HP:0005256,neurologist evaluation
HP:0011957,neurologist evaluation
HP:0009011,neurologist evaluation
HP:0011959,neurologist evaluation
HP:0009026,neurologist evaluation
HP:0008953,neurologist evaluation
HP:0009028,neurologist evaluation
HP:0012645,neurologist evaluation
HP:0009005,neurologist evaluation
HP:0012638,neurologist evaluation
HP:0000759,neurologist evaluation
HP:0000707,neurologist evaluation
HP:0011468,neurologist evaluation
HP:0011446,neurologist evaluation
HP:0031908,neurologist evaluation
HP:0031868,neurologist evaluation
HP:0010524,neurologist evaluation
HP:0010525,neurologist evaluation
HP:0010528,neurologist evaluation
HP:0010527,neurologist evaluation
HP:0030222,neurologist evaluation
HP:0011442,neurologist evaluation
HP:0009127,neurologist evaluation
HP:3000048,neurologist evaluation
HP:0034347,neurologist evaluation
HP:0034351,neurologist evaluation
HP:0045010,neurologist evaluation
HP:0012285,neurologist evaluation
HP:0002936,neurologist evaluation
HP:0012333,neurologist evaluation
HP:0002503,neurologist evaluation
HP:0007232,neurologist evaluation
HP:0006904,neurologist evaluation
HP:0007236,neurologist evaluation
HP:0006006,neurologist evaluation
HP:0032120,neurologist evaluation
HP:0030177,neurologist evaluation
HP:0006958,neurologist evaluation
HP:0004463,neurologist evaluation
HP:0004466,neurologist evaluation
HP:0003134,neurologist evaluation
HP:0032121,neurologist evaluation
HP:0033673,neurologist evaluation
HP:0033672,neurologist evaluation
HP:0032504,neurologist evaluation
HP:0011730,neurologist evaluation
HP:0011812,neurologist evaluation
HP:0011811,neurologist evaluation
HP:0011810,neurologist evaluation
HP:0034482,neurologist evaluation
HP:0025322,vascular surgeon evaluation
HP:0002641,vascular surgeon evaluation
HP:0002619,vascular surgeon evaluation
HP:0002626,vascular surgeon evaluation
HP:0002624,vascular surgeon evaluation
HP:0000795,urologist evaluation
HP:0012854,urologist evaluation
HP:0012853,urologist evaluation
HP:0000052,urologist evaluation
HP:0000051,urologist evaluation
HP:0100627,urologist evaluation
HP:0010957,urologist evaluation
HP:0025417,urologist evaluation
HP:0008716,urologist evaluation
HP:0025415,urologist evaluation
HP:0025414,urologist evaluation
HP:0025413,urologist evaluation
HP:0008648,urologist evaluation
HP:0000808,urologist evaluation
HP:0000807,urologist evaluation
HP:0012227,urologist evaluation
HP:0008664,urologist evaluation
HP:0000047,urologist evaluation
HP:0008661,urologist evaluation
HP:0003244,urologist evaluation
HP:0000068,urologist evaluation
HP:0000067,urologist evaluation
HP:0100779,urologist evaluation
HP:0008706,urologist evaluation
HP:0500006,urologist evaluation
HP:0010481,urologist evaluation
HP:0010480,urologist evaluation
HP:0008722,urologist evaluation
HP:0000039,urologist evaluation
HP:0030723,urologist evaluation
HP:0000796,urologist evaluation
HP:0008743,urologist evaluation
HP:0034378,urologist evaluation
HP:0000076,urologist evaluation
HP:0033742,urologist evaluation
HP:0033740,urologist evaluation
HP:0033741,urologist evaluation
HP:0033739,urologist evaluation
HP:0033738,urologist evaluation
HP:0033737,urologist evaluation
HP:0033736,urologist evaluation
HP:0033735,urologist evaluation
HP:0033734,urologist evaluation
HP:0033733,urologist evaluation
HP:0000079,urologist evaluation
HP:0000078,urologist evaluation
HP:0000069,urologist evaluation
HP:0000022,urologist evaluation
HP:0000024,urologist evaluation
HP:0000019,urologist evaluation
HP:0000014,urologist evaluation
HP:0000031,urologist evaluation
HP:0000009,urologist evaluation
HP:0041047,urologist evaluation
HP:0002839,urologist evaluation
HP:0025488,urologist evaluation
HP:0005340,urologist evaluation
HP:0000012,urologist evaluation
HP:0000011,urologist evaluation
HP:0010678,urologist evaluation
HP:0010677,urologist evaluation
HP:0000805,urologist evaluation
HP:0100518,urologist evaluation
HP:0100515,urologist evaluation
HP:0000010,urologist evaluation
HP:0012787,urologist evaluation
HP:0012786,urologist evaluation
HP:0000008,urologist evaluation
HP:0025487,urologist evaluation
HP:0000119,urologist evaluation
HP:0100548,urologist evaluation
HP:0002836,urologist evaluation
HP:0010475,urologist evaluation
HP:0100589,urologist evaluation
HP:0025634,urologist evaluation
HP:0025633,urologist evaluation
HP:0011277,urologist evaluation
HP:0012573,urologist evaluation
HP:0030036,urologist evaluation
HP:0008272,urologist evaluation
HP:0005574,urologist evaluation
HP:0005575,urologist evaluation
HP:0031033,urologist evaluation
HP:0001827,urologist evaluation
HP:0008639,urologist evaluation
HP:0008633,urologist evaluation
HP:0010936,urologist evaluation
HP:0010935,urologist evaluation
HP:0008711,urologist evaluation
HP:0008775,urologist evaluation
HP:0020126,urologist evaluation
HP:0008687,urologist evaluation
HP:0034479,urologist evaluation
HP:0009714,urologist evaluation
HP:0030424,urologist evaluation
HP:0034480,urologist evaluation
HP:0010461,urologist evaluation
HP:4000094,urologist evaluation
HP:0100790,surgeon evaluation
HP:0100672,surgeon evaluation
HP:0100645,surgeon evaluation
HP:0011019,cytogenetic analysis
HP:0003451,cytogenetic analysis
HP:0200024,cytogenetic analysis
HP:0003616,cytogenetic analysis
HP:0002916,cytogenetic analysis
HP:0003220,cytogenetic analysis
HP:0010998,cytogenetic analysis
HP:0040012,chromosomal breakage analysis
HP:0003221,chromosomal breakage analysis
HP:0010997,chromosomal breakage analysis
HP:0003564,chromosomal breakage analysis
HP:0011133,chromosomal breakage analysis
HP:0033606,bone marrow examination
HP:0410253,bone marrow examination
HP:0033607,bone marrow examination
HP:0012145,bone marrow examination
HP:0031020,bone marrow examination
HP:0005528,bone marrow examination
HP:0001876,bone marrow examination
HP:0001915,bone marrow examination
HP:0011974,bone marrow examination
HP:0001980,bone marrow examination
HP:0012129,bone marrow examination
HP:0012131,bone marrow examination
HP:0012410,bone marrow examination
HP:0012132,bone marrow examination
HP:0012133,bone marrow examination
HP:0200143,bone marrow examination
HP:0012130,bone marrow examination
HP:0031688,bone marrow examination
HP:0025034,bone marrow examination
HP:0034278,bone marrow examination
HP:0025035,bone marrow examination
HP:0003352,bone marrow examination
HP:0032180,blood chemistry measurement
HP:0012726,blood chemistry measurement
HP:0032385,blood chemistry measurement
HP:0500140,blood chemistry measurement
HP:0500141,blood chemistry measurement
HP:0500142,blood chemistry measurement
HP:0032386,blood chemistry measurement
HP:0500144,blood chemistry measurement
HP:0500143,blood chemistry measurement
HP:0500145,blood chemistry measurement
HP:0500147,blood chemistry measurement
HP:0500148,blood chemistry measurement
HP:0002148,blood chemistry measurement
HP:0002149,blood chemistry measurement
HP:0500149,blood chemistry measurement
HP:0032387,blood chemistry measurement
HP:0003612,blood chemistry measurement
HP:0002900,blood chemistry measurement
HP:0002901,blood chemistry measurement
HP:0002902,blood chemistry measurement
HP:0032254,blood chemistry measurement
HP:0002904,blood chemistry measurement
HP:0002905,blood chemistry measurement
HP:0002908,blood chemistry measurement
HP:0500150,blood chemistry measurement
HP:0500151,blood chemistry measurement
HP:0500152,blood chemistry measurement
HP:0002152,blood chemistry measurement
HP:0002153,blood chemistry measurement
HP:0002154,blood chemistry measurement
HP:0002155,blood chemistry measurement
HP:0004339,blood chemistry measurement
HP:0002157,blood chemistry measurement
HP:0004338,blood chemistry measurement
HP:0500153,blood chemistry measurement
HP:0500159,blood chemistry measurement
HP:0500158,blood chemistry measurement
HP:0025465,blood chemistry measurement
HP:0500155,blood chemistry measurement
HP:0500154,blood chemistry measurement
HP:0500157,blood chemistry measurement
HP:0500156,blood chemistry measurement
HP:0034441,blood chemistry measurement
HP:0031544,blood chemistry measurement
HP:0034446,blood chemistry measurement
HP:0002912,blood chemistry measurement
HP:0034448,blood chemistry measurement
HP:0034449,blood chemistry measurement
HP:0410282,blood chemistry measurement
HP:0002917,blood chemistry measurement
HP:0002918,blood chemistry measurement
HP:0031419,blood chemistry measurement
HP:0002160,blood chemistry measurement
HP:0002161,blood chemistry measurement
HP:0410288,blood chemistry measurement
HP:0410289,blood chemistry measurement
HP:0010569,blood chemistry measurement
HP:0500162,blood chemistry measurement
HP:0500161,blood chemistry measurement
HP:0500163,blood chemistry measurement
HP:0500160,blood chemistry measurement
HP:0200150,blood chemistry measurement
HP:0034450,blood chemistry measurement
HP:0030984,blood chemistry measurement
HP:0030985,blood chemistry measurement
HP:0410154,blood chemistry measurement
HP:0032273,blood chemistry measurement
HP:0034456,blood chemistry measurement
HP:0025201,blood chemistry measurement
HP:0025202,blood chemistry measurement
HP:0010571,blood chemistry measurement
HP:0031424,blood chemistry measurement
HP:0004352,blood chemistry measurement
HP:0004353,blood chemistry measurement
HP:0004354,blood chemistry measurement
HP:0031425,blood chemistry measurement
HP:0031426,blood chemistry measurement
HP:0004357,blood chemistry measurement
HP:0011013,blood chemistry measurement
HP:0025345,blood chemistry measurement
HP:0025346,blood chemistry measurement
HP:0025347,blood chemistry measurement
HP:0004359,blood chemistry measurement
HP:0034321,blood chemistry measurement
HP:0025483,blood chemistry measurement
HP:0025484,blood chemistry measurement
HP:0005961,blood chemistry measurement
HP:0011012,blood chemistry measurement
HP:0034463,blood chemistry measurement
HP:0031438,blood chemistry measurement
HP:0004363,blood chemistry measurement
HP:0004364,blood chemistry measurement
HP:0004365,blood chemistry measurement
HP:0004366,blood chemistry measurement
HP:0500180,blood chemistry measurement
HP:0004368,blood chemistry measurement
HP:0004369,blood chemistry measurement
HP:0500182,blood chemistry measurement
HP:0500181,blood chemistry measurement
HP:0011023,blood chemistry measurement
HP:0034333,blood chemistry measurement
HP:0011022,blood chemistry measurement
HP:0011021,blood chemistry measurement
HP:0031439,blood chemistry measurement
HP:0031300,blood chemistry measurement
HP:0025498,blood chemistry measurement
HP:0003658,blood chemistry measurement
HP:0020148,blood chemistry measurement
HP:0008732,blood chemistry measurement
HP:0410176,blood chemistry measurement
HP:0410177,blood chemistry measurement
HP:0410178,blood chemistry measurement
HP:0410179,blood chemistry measurement
HP:0033626,blood chemistry measurement
HP:0020149,blood chemistry measurement
HP:0011030,blood chemistry measurement
HP:0011031,blood chemistry measurement
HP:0032025,blood chemistry measurement
HP:0005984,blood chemistry measurement
HP:0012509,blood chemistry measurement
HP:0020158,blood chemistry measurement
HP:0011936,blood chemistry measurement
HP:0003530,blood chemistry measurement
HP:0011042,blood chemistry measurement
HP:0003537,blood chemistry measurement
HP:0410050,blood chemistry measurement
HP:0410052,blood chemistry measurement
HP:0410053,blood chemistry measurement
HP:0410054,blood chemistry measurement
HP:0033502,blood chemistry measurement
HP:0033504,blood chemistry measurement
HP:0410057,blood chemistry measurement
HP:0032179,blood chemistry measurement
HP:0040300,blood chemistry measurement
HP:0033507,blood chemistry measurement
HP:0040302,blood chemistry measurement
HP:0040303,blood chemistry measurement
HP:0033506,blood chemistry measurement
HP:0033643,blood chemistry measurement
HP:0010472,blood chemistry measurement
HP:0003542,blood chemistry measurement
HP:0100493,blood chemistry measurement
HP:0410061,blood chemistry measurement
HP:0034365,blood chemistry measurement
HP:0410063,blood chemistry measurement
HP:0410064,blood chemistry measurement
HP:0410065,blood chemistry measurement
HP:0410068,blood chemistry measurement
HP:0410069,blood chemistry measurement
HP:0020179,blood chemistry measurement
HP:0034371,blood chemistry measurement
HP:0020180,blood chemistry measurement
HP:0032193,blood chemistry measurement
HP:0020181,blood chemistry measurement
HP:0020183,blood chemistry measurement
HP:0020182,blood chemistry measurement
HP:0020184,blood chemistry measurement
HP:0011965,blood chemistry measurement
HP:0011966,blood chemistry measurement
HP:0011967,blood chemistry measurement
HP:0003563,blood chemistry measurement
HP:0003566,blood chemistry measurement
HP:0031210,blood chemistry measurement
HP:0031211,blood chemistry measurement
HP:0034383,blood chemistry measurement
HP:0033534,blood chemistry measurement
HP:0020197,blood chemistry measurement
HP:0003572,blood chemistry measurement
HP:0003573,blood chemistry measurement
HP:0030781,blood chemistry measurement
HP:0033405,blood chemistry measurement
HP:0031222,blood chemistry measurement
HP:0033406,blood chemistry measurement
HP:0012556,blood chemistry measurement
HP:0040206,blood chemistry measurement
HP:0004912,blood chemistry measurement
HP:0033410,blood chemistry measurement
HP:0030794,blood chemistry measurement
HP:0030795,blood chemistry measurement
HP:0030796,blood chemistry measurement
HP:0033417,blood chemistry measurement
HP:0033418,blood chemistry measurement
HP:0033419,blood chemistry measurement
HP:0040210,blood chemistry measurement
HP:0003452,blood chemistry measurement
HP:0003455,blood chemistry measurement
HP:0004921,blood chemistry measurement
HP:0004922,blood chemistry measurement
HP:0004923,blood chemistry measurement
HP:0034276,blood chemistry measurement
HP:0034277,blood chemistry measurement
HP:0032094,blood chemistry measurement
HP:0032096,blood chemistry measurement
HP:0025020,blood chemistry measurement
HP:0032097,blood chemistry measurement
HP:0032098,blood chemistry measurement
HP:0031242,blood chemistry measurement
HP:0031243,blood chemistry measurement
HP:0040228,blood chemistry measurement
HP:0011864,blood chemistry measurement
HP:0003462,blood chemistry measurement
HP:0003465,blood chemistry measurement
HP:0032996,blood chemistry measurement
HP:0032997,blood chemistry measurement
HP:0032998,blood chemistry measurement
HP:0033435,blood chemistry measurement
HP:0033436,blood chemistry measurement
HP:0033437,blood chemistry measurement
HP:0033438,blood chemistry measurement
HP:0033439,blood chemistry measurement
HP:0003333,blood chemistry measurement
HP:0003472,blood chemistry measurement
HP:0033300,blood chemistry measurement
HP:0033301,blood chemistry measurement
HP:0033302,blood chemistry measurement
HP:0034290,blood chemistry measurement
HP:0034291,blood chemistry measurement
HP:0034292,blood chemistry measurement
HP:0033305,blood chemistry measurement
HP:0033307,blood chemistry measurement
HP:0033306,blood chemistry measurement
HP:0033440,blood chemistry measurement
HP:0034297,blood chemistry measurement
HP:0034298,blood chemistry measurement
HP:0033444,blood chemistry measurement
HP:0033443,blood chemistry measurement
HP:0033446,blood chemistry measurement
HP:0033445,blood chemistry measurement
HP:0033447,blood chemistry measurement
HP:0033442,blood chemistry measurement
HP:0033441,blood chemistry measurement
HP:0005527,blood chemistry measurement
HP:0034025,blood chemistry measurement
HP:0034026,blood chemistry measurement
HP:0003348,blood chemistry measurement
HP:0012463,blood chemistry measurement
HP:0033450,blood chemistry measurement
HP:0033451,blood chemistry measurement
HP:0033452,blood chemistry measurement
HP:0012464,blood chemistry measurement
HP:0031138,blood chemistry measurement
HP:0033459,blood chemistry measurement
HP:0010900,blood chemistry measurement
HP:0010901,blood chemistry measurement
HP:0010902,blood chemistry measurement
HP:0003217,blood chemistry measurement
HP:0010904,blood chemistry measurement
HP:0010903,blood chemistry measurement
HP:0010906,blood chemistry measurement
HP:0003354,blood chemistry measurement
HP:0010908,blood chemistry measurement
HP:0010907,blood chemistry measurement
HP:0010909,blood chemistry measurement
HP:0033324,blood chemistry measurement
HP:0033325,blood chemistry measurement
HP:0033326,blood chemistry measurement
HP:0033460,blood chemistry measurement
HP:0033461,blood chemistry measurement
HP:0033462,blood chemistry measurement
HP:0006254,blood chemistry measurement
HP:0033464,blood chemistry measurement
HP:0033465,blood chemistry measurement
HP:0010910,blood chemistry measurement
HP:0010911,blood chemistry measurement
HP:0010912,blood chemistry measurement
HP:0010913,blood chemistry measurement
HP:0003228,blood chemistry measurement
HP:0003362,blood chemistry measurement
HP:0010915,blood chemistry measurement
HP:0031903,blood chemistry measurement
HP:0010914,blood chemistry measurement
HP:0010919,blood chemistry measurement
HP:0034048,blood chemistry measurement
HP:0010918,blood chemistry measurement
HP:0010917,blood chemistry measurement
HP:0034184,blood chemistry measurement
HP:0010916,blood chemistry measurement
HP:0033332,blood chemistry measurement
HP:0012343,blood chemistry measurement
HP:0012202,blood chemistry measurement
HP:0033339,blood chemistry measurement
HP:0040130,blood chemistry measurement
HP:0005413,blood chemistry measurement
HP:0040133,blood chemistry measurement
HP:0003231,blood chemistry measurement
HP:0033479,blood chemistry measurement
HP:0003233,blood chemistry measurement
HP:0003234,blood chemistry measurement
HP:0003235,blood chemistry measurement
HP:0003236,blood chemistry measurement
HP:0040135,blood chemistry measurement
HP:0003238,blood chemistry measurement
HP:0010927,blood chemistry measurement
HP:0005559,blood chemistry measurement
HP:0010929,blood chemistry measurement
HP:0033340,blood chemistry measurement
HP:0033341,blood chemistry measurement
HP:0008315,blood chemistry measurement
HP:0031028,blood chemistry measurement
HP:0031029,blood chemistry measurement
HP:0033480,blood chemistry measurement
HP:0033484,blood chemistry measurement
HP:0001951,blood chemistry measurement
HP:0003107,blood chemistry measurement
HP:0040145,blood chemistry measurement
HP:0040146,blood chemistry measurement
HP:0040147,blood chemistry measurement
HP:0010930,blood chemistry measurement
HP:0010931,blood chemistry measurement
HP:0010932,blood chemistry measurement
HP:0010933,blood chemistry measurement
HP:0031030,blood chemistry measurement
HP:0031031,blood chemistry measurement
HP:0031032,blood chemistry measurement
HP:0031034,blood chemistry measurement
HP:0031036,blood chemistry measurement
HP:0031037,blood chemistry measurement
HP:0033356,blood chemistry measurement
HP:0003111,blood chemistry measurement
HP:0003112,blood chemistry measurement
HP:0003113,blood chemistry measurement
HP:0032640,blood chemistry measurement
HP:0003119,blood chemistry measurement
HP:0003259,blood chemistry measurement
HP:0034075,blood chemistry measurement
HP:0040299,blood chemistry measurement
HP:0008331,blood chemistry measurement
HP:0012238,blood chemistry measurement
HP:0012239,blood chemistry measurement
HP:0031185,blood chemistry measurement
HP:0003124,blood chemistry measurement
HP:0012100,blood chemistry measurement
HP:0003260,blood chemistry measurement
HP:0031800,blood chemistry measurement
HP:0012101,blood chemistry measurement
HP:0032657,blood chemistry measurement
HP:0003265,blood chemistry measurement
HP:0031945,blood chemistry measurement
HP:0008344,blood chemistry measurement
HP:0003138,blood chemistry measurement
HP:0012113,blood chemistry measurement
HP:0040176,blood chemistry measurement
HP:0040178,blood chemistry measurement
HP:0012116,blood chemistry measurement
HP:0012117,blood chemistry measurement
HP:0033103,blood chemistry measurement
HP:0010964,blood chemistry measurement
HP:0010965,blood chemistry measurement
HP:0010966,blood chemistry measurement
HP:0010967,blood chemistry measurement
HP:0033107,blood chemistry measurement
HP:0033109,blood chemistry measurement
HP:0033108,blood chemistry measurement
HP:0040179,blood chemistry measurement
HP:0040177,blood chemistry measurement
HP:0001987,blood chemistry measurement
HP:0033381,blood chemistry measurement
HP:0033382,blood chemistry measurement
HP:0008358,blood chemistry measurement
HP:0033386,blood chemistry measurement
HP:0033387,blood chemistry measurement
HP:0003141,blood chemistry measurement
HP:0003146,blood chemistry measurement
HP:0003281,blood chemistry measurement
HP:0010836,blood chemistry measurement
HP:0010837,blood chemistry measurement
HP:0010838,blood chemistry measurement
HP:0003286,blood chemistry measurement
HP:0033110,blood chemistry measurement
HP:0033112,blood chemistry measurement
HP:0033115,blood chemistry measurement
HP:0008360,blood chemistry measurement
HP:0010979,blood chemistry measurement
HP:0031969,blood chemistry measurement
HP:0030361,blood chemistry measurement
HP:0031831,blood chemistry measurement
HP:0010980,blood chemistry measurement
HP:0010981,blood chemistry measurement
HP:0033123,blood chemistry measurement
HP:0033124,blood chemistry measurement
HP:0031970,blood chemistry measurement
HP:0011422,blood chemistry measurement
HP:0012277,blood chemistry measurement
HP:0012278,blood chemistry measurement
HP:0012279,blood chemistry measurement
HP:0011424,blood chemistry measurement
HP:0011423,blood chemistry measurement
HP:0031085,blood chemistry measurement
HP:0032418,blood chemistry measurement
HP:0032419,blood chemistry measurement
HP:0030235,blood chemistry measurement
HP:0030234,blood chemistry measurement
HP:0004639,blood chemistry measurement
HP:0010995,blood chemistry measurement
HP:0010996,blood chemistry measurement
HP:0033139,blood chemistry measurement
HP:0025628,blood chemistry measurement
HP:0032420,blood chemistry measurement
HP:0032421,blood chemistry measurement
HP:0032422,blood chemistry measurement
HP:0032423,blood chemistry measurement
HP:0032424,blood chemistry measurement
HP:0032425,blood chemistry measurement
HP:0032426,blood chemistry measurement
HP:0032427,blood chemistry measurement
HP:0032428,blood chemistry measurement
HP:0032429,blood chemistry measurement
HP:0025627,blood chemistry measurement
HP:0025626,blood chemistry measurement
HP:0045014,blood chemistry measurement
HP:0012153,blood chemistry measurement
HP:0030389,blood chemistry measurement
HP:0008250,blood chemistry measurement
HP:0033144,blood chemistry measurement
HP:0033145,blood chemistry measurement
HP:0033146,blood chemistry measurement
HP:0033147,blood chemistry measurement
HP:0033148,blood chemistry measurement
HP:0032430,blood chemistry measurement
HP:0032431,blood chemistry measurement
HP:0032432,blood chemistry measurement
HP:0032433,blood chemistry measurement
HP:0032436,blood chemistry measurement
HP:0032437,blood chemistry measurement
HP:0040081,blood chemistry measurement
HP:0030390,blood chemistry measurement
HP:0032575,blood chemistry measurement
HP:0012024,blood chemistry measurement
HP:0012025,blood chemistry measurement
HP:0012026,blood chemistry measurement
HP:0100610,blood chemistry measurement
HP:0010876,blood chemistry measurement
HP:0025641,blood chemistry measurement
HP:0033153,blood chemistry measurement
HP:0033154,blood chemistry measurement
HP:0033155,blood chemistry measurement
HP:0033157,blood chemistry measurement
HP:0032304,blood chemistry measurement
HP:0032305,blood chemistry measurement
HP:0032306,blood chemistry measurement
HP:0033298,blood chemistry measurement
HP:0033299,blood chemistry measurement
HP:0031875,blood chemistry measurement
HP:0031876,blood chemistry measurement
HP:0031877,blood chemistry measurement
HP:0032311,blood chemistry measurement
HP:0032312,blood chemistry measurement
HP:0008277,blood chemistry measurement
HP:0025659,blood chemistry measurement
HP:0008279,blood chemistry measurement
HP:0045045,blood chemistry measurement
HP:0045046,blood chemistry measurement
HP:0010894,blood chemistry measurement
HP:0010895,blood chemistry measurement
HP:0012184,blood chemistry measurement
HP:0010896,blood chemistry measurement
HP:0010893,blood chemistry measurement
HP:0012187,blood chemistry measurement
HP:0031886,blood chemistry measurement
HP:0031887,blood chemistry measurement
HP:0031888,blood chemistry measurement
HP:0031889,blood chemistry measurement
HP:0033175,blood chemistry measurement
HP:0033177,blood chemistry measurement
HP:0033179,blood chemistry measurement
HP:0410341,blood chemistry measurement
HP:0410342,blood chemistry measurement
HP:0410343,blood chemistry measurement
HP:0010899,blood chemistry measurement
HP:0010898,blood chemistry measurement
HP:0003072,blood chemistry measurement
HP:0003073,blood chemistry measurement
HP:0010892,blood chemistry measurement
HP:0003075,blood chemistry measurement
HP:0410206,blood chemistry measurement
HP:0003077,blood chemistry measurement
HP:0410205,blood chemistry measurement
HP:0008282,blood chemistry measurement
HP:0008281,blood chemistry measurement
HP:0008285,blood chemistry measurement
HP:0008288,blood chemistry measurement
HP:0032462,blood chemistry measurement
HP:0045056,blood chemistry measurement
HP:0045057,blood chemistry measurement
HP:0032463,blood chemistry measurement
HP:0008158,blood chemistry measurement
HP:0008297,blood chemistry measurement
HP:0008162,blood chemistry measurement
HP:0033191,blood chemistry measurement
HP:0033192,blood chemistry measurement
HP:0032205,blood chemistry measurement
HP:0032345,blood chemistry measurement
HP:0012071,blood chemistry measurement
HP:0025550,blood chemistry measurement
HP:0500249,blood chemistry measurement
HP:0100529,blood chemistry measurement
HP:0011227,blood chemistry measurement
HP:0008176,blood chemistry measurement
HP:0032491,blood chemistry measurement
HP:0032493,blood chemistry measurement
HP:0500250,blood chemistry measurement
HP:0008180,blood chemistry measurement
HP:0008181,blood chemistry measurement
HP:0033833,blood chemistry measurement
HP:0031794,blood chemistry measurement
HP:0033083,blood chemistry measurement
HP:0031795,blood chemistry measurement
HP:0031798,blood chemistry measurement
HP:0032233,blood chemistry measurement
HP:0032234,blood chemistry measurement
HP:0020222,blood chemistry measurement
HP:0031799,blood chemistry measurement
HP:0032232,blood chemistry measurement
HP:0500132,blood chemistry measurement
HP:0500133,blood chemistry measurement
HP:0500134,blood chemistry measurement
HP:0500135,blood chemistry measurement
HP:0500136,blood chemistry measurement
HP:0500138,blood chemistry measurement
HP:0500139,blood chemistry measurement
HP:0033983,blood chemistry measurement
HP:0032240,blood chemistry measurement
HP:0032244,blood chemistry measurement
HP:0410174,blood chemistry measurement
HP:0001946,blood chemistry measurement
HP:0410175,blood chemistry measurement
HP:0032533,blood chemistry measurement
HP:0033408,blood chemistry measurement
HP:0410172,blood chemistry measurement
HP:0410207,blood chemistry measurement
HP:0410208,blood chemistry measurement
HP:0410283,blood chemistry measurement
HP:0410284,blood chemistry measurement
HP:0410286,blood chemistry measurement
HP:0020153,blood chemistry measurement
HP:0410399,blood chemistry measurement
HP:0500116,blood chemistry measurement
HP:0032450,blood chemistry measurement
HP:0500100,blood chemistry measurement
HP:0410173,blood chemistry measurement
HP:0410216,blood chemistry measurement
HP:0410217,blood chemistry measurement
HP:0100508,blood chemistry measurement
HP:0003223,blood chemistry measurement
HP:0200118,blood chemistry measurement
HP:0003145,blood chemistry measurement
HP:0008372,blood chemistry measurement
HP:0100496,blood chemistry measurement
HP:0100497,blood chemistry measurement
HP:0040126,blood chemistry measurement
HP:0012335,blood chemistry measurement
HP:0008326,blood chemistry measurement
HP:0032476,blood chemistry measurement
HP:0032477,blood chemistry measurement
HP:0100502,blood chemistry measurement
HP:0100503,blood chemistry measurement
HP:0100504,blood chemistry measurement
HP:0100505,blood chemistry measurement
HP:0100506,blood chemistry measurement
HP:0100507,blood chemistry measurement
HP:0100509,blood chemistry measurement
HP:0045063,blood chemistry measurement
HP:0004905,blood chemistry measurement
HP:0004340,blood chemistry measurement
HP:0004341,blood chemistry measurement
HP:0100831,blood chemistry measurement
HP:0040087,blood chemistry measurement
HP:0011892,blood chemistry measurement
HP:0031414,blood chemistry measurement
HP:0012052,blood chemistry measurement
HP:0012053,blood chemistry measurement
HP:0032164,blood chemistry measurement
HP:0031415,blood chemistry measurement
HP:0100512,blood chemistry measurement
HP:0100513,blood chemistry measurement
HP:0100510,blood chemistry measurement
HP:0100511,blood chemistry measurement
HP:0100514,blood chemistry measurement
HP:0001943,blood chemistry measurement
HP:0001985,blood chemistry measurement
HP:0004914,blood chemistry measurement
HP:0001998,blood chemistry measurement
HP:0012734,blood chemistry measurement
HP:0001958,blood chemistry measurement
HP:0003162,blood chemistry measurement
HP:0012051,blood chemistry measurement
HP:0001988,blood chemistry measurement
HP:0001993,blood chemistry measurement
HP:0005979,blood chemistry measurement
HP:0001953,blood chemistry measurement
HP:0005974,blood chemistry measurement
HP:0001941,blood chemistry measurement
HP:0004897,blood chemistry measurement
HP:0004898,blood chemistry measurement
HP:0004910,blood chemistry measurement
HP:0005967,blood chemistry measurement
HP:0004911,blood chemistry measurement
HP:0004913,blood chemistry measurement
HP:0001942,blood chemistry measurement
HP:0004916,blood chemistry measurement
HP:0001947,blood chemistry measurement
HP:0004918,blood chemistry measurement
HP:0003128,blood chemistry measurement
HP:0008341,blood chemistry measurement
HP:0005972,blood chemistry measurement
HP:0012466,blood chemistry measurement
HP:0012467,blood chemistry measurement
HP:0012468,blood chemistry measurement
HP:0004901,blood chemistry measurement
HP:0011997,blood chemistry measurement
HP:0004925,blood chemistry measurement
HP:0004902,blood chemistry measurement
HP:0001995,blood chemistry measurement
HP:0004900,blood chemistry measurement
HP:0001994,blood chemistry measurement
HP:0002049,blood chemistry measurement
HP:0001996,blood chemistry measurement
HP:0005976,blood chemistry measurement
HP:0002151,blood chemistry measurement
HP:0032368,blood chemistry measurement
HP:0004920,blood chemistry measurement
HP:0001986,blood chemistry measurement
HP:0004906,blood chemistry measurement
HP:0033354,urine chemistry measurement
HP:0030156,urine chemistry measurement
HP:0410313,urine chemistry measurement
HP:0031991,urine chemistry measurement
HP:0410314,urine chemistry measurement
HP:0031890,urine chemistry measurement
HP:0410316,urine chemistry measurement
HP:0410318,urine chemistry measurement
HP:0410317,urine chemistry measurement
HP:0410315,urine chemistry measurement
HP:0040156,urine chemistry measurement
HP:0040155,urine chemistry measurement
HP:0003606,urine chemistry measurement
HP:0003607,urine chemistry measurement
HP:0025157,urine chemistry measurement
HP:0034027,urine chemistry measurement
HP:0034028,urine chemistry measurement
HP:0003108,urine chemistry measurement
HP:0008301,urine chemistry measurement
HP:0033704,urine chemistry measurement
HP:0025466,urine chemistry measurement
HP:0008305,urine chemistry measurement
HP:0010473,urine chemistry measurement
HP:0010471,urine chemistry measurement
HP:0008309,urine chemistry measurement
HP:0003614,urine chemistry measurement
HP:0033303,urine chemistry measurement
HP:0033407,urine chemistry measurement
HP:0033100,urine chemistry measurement
HP:0033101,urine chemistry measurement
HP:0033409,urine chemistry measurement
HP:0003215,urine chemistry measurement
HP:0003218,urine chemistry measurement
HP:0003219,urine chemistry measurement
HP:0020077,urine chemistry measurement
HP:0020078,urine chemistry measurement
HP:0020079,urine chemistry measurement
HP:0025376,urine chemistry measurement
HP:0410132,urine chemistry measurement
HP:0003527,urine chemistry measurement
HP:0033213,urine chemistry measurement
HP:0003126,urine chemistry measurement
HP:0034049,urine chemistry measurement
HP:0010897,urine chemistry measurement
HP:0002909,urine chemistry measurement
HP:0410345,urine chemistry measurement
HP:0410346,urine chemistry measurement
HP:0410347,urine chemistry measurement
HP:0410348,urine chemistry measurement
HP:0000093,urine chemistry measurement
HP:0033220,urine chemistry measurement
HP:0034457,urine chemistry measurement
HP:0034458,urine chemistry measurement
HP:0003532,urine chemistry measurement
HP:0003535,urine chemistry measurement
HP:0003639,urine chemistry measurement
HP:0033627,urine chemistry measurement
HP:0034050,urine chemistry measurement
HP:0003131,urine chemistry measurement
HP:0012401,urine chemistry measurement
HP:0012402,urine chemistry measurement
HP:0012404,urine chemistry measurement
HP:0012405,urine chemistry measurement
HP:0003239,urine chemistry measurement
HP:0003137,urine chemistry measurement
HP:0012406,urine chemistry measurement
HP:0012403,urine chemistry measurement
HP:0002913,urine chemistry measurement
HP:4000058,urine chemistry measurement
HP:0410350,urine chemistry measurement
HP:0002919,urine chemistry measurement
HP:0003641,urine chemistry measurement
HP:0034461,urine chemistry measurement
HP:0008339,urine chemistry measurement
HP:0003541,urine chemistry measurement
HP:0034464,urine chemistry measurement
HP:0034465,urine chemistry measurement
HP:0034466,urine chemistry measurement
HP:0012610,urine chemistry measurement
HP:0034467,urine chemistry measurement
HP:0012612,urine chemistry measurement
HP:0012613,urine chemistry measurement
HP:0003344,urine chemistry measurement
HP:0003345,urine chemistry measurement
HP:0003646,urine chemistry measurement
HP:0032401,urine chemistry measurement
HP:0032403,urine chemistry measurement
HP:0032405,urine chemistry measurement
HP:0032302,urine chemistry measurement
HP:0032303,urine chemistry measurement
HP:0410156,urine chemistry measurement
HP:0410153,urine chemistry measurement
HP:0032208,urine chemistry measurement
HP:0003149,urine chemistry measurement
HP:0410059,urine chemistry measurement
HP:0410055,urine chemistry measurement
HP:0410051,urine chemistry measurement
HP:0012217,urine chemistry measurement
HP:0002927,urine chemistry measurement
HP:0003652,urine chemistry measurement
HP:0032414,urine chemistry measurement
HP:0410060,urine chemistry measurement
HP:0410062,urine chemistry measurement
HP:0410066,urine chemistry measurement
HP:0003355,urine chemistry measurement
HP:0410067,urine chemistry measurement
HP:0003150,urine chemistry measurement
HP:0003359,urine chemistry measurement
HP:0012321,urine chemistry measurement
HP:0003153,urine chemistry measurement
HP:0012120,urine chemistry measurement
HP:0008353,urine chemistry measurement
HP:0012023,urine chemistry measurement
HP:0012127,urine chemistry measurement
HP:0008155,urine chemistry measurement
HP:0003461,urine chemistry measurement
HP:0033456,urine chemistry measurement
HP:0033457,urine chemistry measurement
HP:0003361,urine chemistry measurement
HP:0033458,urine chemistry measurement
HP:0033355,urine chemistry measurement
HP:0410074,urine chemistry measurement
HP:0410072,urine chemistry measurement
HP:0410070,urine chemistry measurement
HP:0033156,urine chemistry measurement
HP:0032528,urine chemistry measurement
HP:0003163,urine chemistry measurement
HP:0033159,urine chemistry measurement
HP:0003166,urine chemistry measurement
HP:0003167,urine chemistry measurement
HP:0003168,urine chemistry measurement
HP:0003161,urine chemistry measurement
HP:0003268,urine chemistry measurement
HP:0012237,urine chemistry measurement
HP:0008160,urine chemistry measurement
HP:0032638,urine chemistry measurement
HP:0011814,urine chemistry measurement
HP:0034497,urine chemistry measurement
HP:0033160,urine chemistry measurement
HP:0033161,urine chemistry measurement
HP:0033162,urine chemistry measurement
HP:0012543,urine chemistry measurement
HP:0033065,urine chemistry measurement
HP:0033066,urine chemistry measurement
HP:0031811,urine chemistry measurement
HP:0031812,urine chemistry measurement
HP:0003076,urine chemistry measurement
HP:0008273,urine chemistry measurement
HP:0032349,urine chemistry measurement
HP:0003080,urine chemistry measurement
HP:0002156,urine chemistry measurement
HP:0033984,urine chemistry measurement
HP:0002159,urine chemistry measurement
HP:0011935,urine chemistry measurement
HP:0032350,urine chemistry measurement
HP:0003491,urine chemistry measurement
HP:0032351,urine chemistry measurement
HP:0033384,urine chemistry measurement
HP:0033385,urine chemistry measurement
HP:0032352,urine chemistry measurement
HP:0032353,urine chemistry measurement
HP:0033187,urine chemistry measurement
HP:0003297,urine chemistry measurement
HP:0003296,urine chemistry measurement
HP:0033088,urine chemistry measurement
HP:0033089,urine chemistry measurement
HP:0012061,urine chemistry measurement
HP:0008293,urine chemistry measurement
HP:0012066,urine chemistry measurement
HP:0012067,urine chemistry measurement
HP:0012068,urine chemistry measurement
HP:0012069,urine chemistry measurement
HP:0033594,urine chemistry measurement
HP:0033596,urine chemistry measurement
HP:0011942,urine chemistry measurement
HP:0011943,urine chemistry measurement
HP:0032567,urine chemistry measurement
HP:0033090,urine chemistry measurement
HP:0040301,urine chemistry measurement
HP:0033091,urine chemistry measurement
HP:0033092,urine chemistry measurement
HP:0033094,urine chemistry measurement
HP:0033095,urine chemistry measurement
HP:0033096,urine chemistry measurement
HP:0033097,urine chemistry measurement
HP:0033098,urine chemistry measurement
HP:0033099,urine chemistry measurement
HP:0031946,urine chemistry measurement
HP:0033093,urine chemistry measurement
HP:0012070,urine chemistry measurement
HP:0012073,urine chemistry measurement
HP:0032572,urine chemistry measurement
HP:0032573,urine chemistry measurement
HP:0032574,urine chemistry measurement
HP:0032472,urine chemistry measurement
HP:0032473,urine chemistry measurement
HP:0032371,urine chemistry measurement
HP:0032272,urine chemistry measurement
HP:0032377,urine chemistry measurement
HP:0032278,urine chemistry measurement
HP:0032480,urine chemistry measurement
HP:0010934,urine chemistry measurement
HP:0045011,urine chemistry measurement
HP:0020129,urine chemistry measurement
HP:0045012,urine chemistry measurement
HP:0012592,urine chemistry measurement
HP:0012593,urine chemistry measurement
HP:0012594,urine chemistry measurement
HP:0012595,urine chemistry measurement
HP:0012596,urine chemistry measurement
HP:0012597,urine chemistry measurement
HP:0500251,urine chemistry measurement
HP:0500252,urine chemistry measurement
HP:0500253,urine chemistry measurement
HP:0500254,urine chemistry measurement
HP:0500255,urine chemistry measurement
HP:0500256,urine chemistry measurement
HP:0500257,urine chemistry measurement
HP:0020130,urine chemistry measurement
HP:0025630,urine chemistry measurement
HP:0025631,urine chemistry measurement
HP:0011976,urine chemistry measurement
HP:0011977,urine chemistry measurement
HP:0011978,urine chemistry measurement
HP:0011979,urine chemistry measurement
HP:0032397,urine chemistry measurement
HP:0025638,urine chemistry measurement
HP:0004818,urine chemistry measurement
HP:0031870,urine chemistry measurement
HP:0031979,urine chemistry measurement
HP:0011279,urine chemistry measurement
HP:0034006,urine chemistry measurement
HP:0020147,urine chemistry measurement
HP:0045034,urine chemistry measurement
HP:0031980,urine chemistry measurement
HP:0031981,urine chemistry measurement
HP:0011281,urine chemistry measurement
HP:0410309,urine chemistry measurement
HP:0040144,urine chemistry measurement
HP:0500170,urine chemistry measurement
HP:0020150,urine chemistry measurement
HP:0031840,urine chemistry measurement
HP:0500111,urine chemistry measurement
HP:0500113,urine chemistry measurement
HP:0500112,urine chemistry measurement
HP:0034296,urine chemistry measurement
HP:0410171,urine chemistry measurement
HP:0410239,urine chemistry measurement
HP:0500110,urine chemistry measurement
HP:0500108,urine chemistry measurement
HP:0500109,urine chemistry measurement
HP:0031841,urine chemistry measurement
HP:0410290,urine chemistry measurement
HP:0012072,urine chemistry measurement
HP:0033111,urine chemistry measurement
HP:0008336,urine chemistry measurement
HP:0001992,urine chemistry measurement
HP:0003159,urine chemistry measurement
HP:0003648,urine chemistry measurement
HP:0012591,urine chemistry measurement
HP:0012600,urine chemistry measurement
HP:0012637,urine chemistry measurement
HP:0002914,urine chemistry measurement
HP:0003127,urine chemistry measurement
HP:0011280,urine chemistry measurement
HP:0002150,urine chemistry measurement
HP:0003109,urine chemistry measurement
HP:0005567,urine chemistry measurement
HP:0012599,urine chemistry measurement
HP:0012598,urine chemistry measurement
HP:0003513,urine chemistry measurement
HP:0003081,urine chemistry measurement
HP:0012365,urine chemistry measurement
HP:0012364,urine chemistry measurement
HP:0012609,urine chemistry measurement
HP:0012608,urine chemistry measurement
HP:0012607,urine chemistry measurement
HP:0012606,urine chemistry measurement
HP:0012605,urine chemistry measurement
HP:0012604,urine chemistry measurement
HP:0012603,urine chemistry measurement
HP:0012602,urine chemistry measurement
HP:0012601,urine chemistry measurement
HP:0003571,urine chemistry measurement
HP:0025640,urine chemistry measurement
HP:0025639,urine chemistry measurement
HP:0045036,urine chemistry measurement
HP:0045035,urine chemistry measurement
HP:0010839,urine chemistry measurement
HP:0003110,urine chemistry measurement
HP:0003158,urine chemistry measurement
HP:0033358,urine chemistry measurement
HP:0033359,urine chemistry measurement
HP:0012461,urine chemistry measurement
HP:0032943,urine chemistry measurement
HP:0032944,urine chemistry measurement
HP:0034613,urine chemistry measurement
HP:0034612,urine chemistry measurement
HP:0034598,urine chemistry measurement
HP:0034586,urine chemistry measurement
HP:0034565,urine chemistry measurement
HP:0034664,urine chemistry measurement
HP:0034663,urine chemistry measurement
HP:0034662,urine chemistry measurement
HP:0034661,urine chemistry measurement
HP:0034660,urine chemistry measurement
HP:0034652,urine chemistry measurement
HP:0034659,urine chemistry measurement
HP:0034658,urine chemistry measurement
HP:0034657,urine chemistry measurement
HP:0034656,urine chemistry measurement
HP:0034655,urine chemistry measurement
HP:0034654,urine chemistry measurement
HP:0034653,urine chemistry measurement
HP:0034651,urine chemistry measurement
HP:0034650,urine chemistry measurement
HP:0034648,urine chemistry measurement
HP:0034649,urine chemistry measurement
HP:0012119,hemoglobin measurement
HP:0033212,total iron binding capacity measurement
HP:0033211,total iron binding capacity measurement
HP:0025196,total iron binding capacity measurement
HP:0100494,blood cell measurement
HP:0004447,blood cell measurement
HP:0001927,blood cell measurement
HP:0004822,blood cell measurement
HP:0004839,blood cell measurement
HP:0004823,blood cell measurement
HP:0004835,blood cell measurement
HP:0032566,blood cell measurement
HP:0030058,blood cell measurement
HP:0020122,blood cell measurement
HP:0032563,blood cell measurement
HP:0001981,blood cell measurement
HP:0004446,blood cell measurement
HP:0004445,blood cell measurement
HP:0004444,blood cell measurement
HP:0005540,blood cell measurement
HP:0034280,blood cell measurement
HP:0004821,blood cell measurement
HP:0001877,blood cell measurement
HP:0011905,blood cell measurement
HP:0011907,blood cell measurement
HP:0045048,blood cell measurement
HP:0045047,blood cell measurement
HP:0011906,blood cell measurement
HP:0011904,blood cell measurement
HP:0011903,blood cell measurement
HP:0011902,blood cell measurement
HP:0001901,blood cell measurement
HP:0001900,blood cell measurement
HP:0011273,blood cell measurement
HP:0020082,blood cell measurement
HP:0020081,blood cell measurement
HP:0020080,blood cell measurement
HP:0031965,blood cell measurement
HP:0010970,blood cell measurement
HP:0010971,blood cell measurement
HP:0032550,blood cell measurement
HP:0030271,blood cell measurement
HP:0005518,blood cell measurement
HP:0031851,blood cell measurement
HP:0031850,blood cell measurement
HP:0032146,blood cell measurement
HP:0020063,blood cell measurement
HP:0020062,blood cell measurement
HP:0020061,blood cell measurement
HP:0020060,blood cell measurement
HP:0020058,blood cell measurement
HP:0020059,blood cell measurement
HP:0005507,blood cell measurement
HP:0004312,blood cell measurement
HP:0033281,blood cell measurement
HP:0032519,blood cell measurement
HP:0025066,blood cell measurement
HP:0025065,blood cell measurement
HP:0005560,blood cell measurement
HP:0001923,blood cell measurement
HP:0031898,blood cell measurement
HP:0001899,blood cell measurement
HP:0001898,blood cell measurement
HP:0001896,blood cell measurement
HP:0025546,blood cell measurement
HP:0025547,blood cell measurement
HP:0025548,blood cell measurement
HP:0040217,blood cell measurement
HP:0004311,blood cell measurement
HP:0011955,blood cell measurement
HP:0030326,blood cell measurement
HP:0033046,blood cell measurement
HP:0002955,blood cell measurement
HP:0100313,blood cell measurement
HP:0001982,blood cell measurement
HP:0040139,blood cell measurement
HP:0040138,blood cell measurement
HP:0012220,blood cell measurement
HP:0001922,blood cell measurement
HP:0011876,blood cell measurement
HP:0005537,blood cell measurement
HP:0011877,blood cell measurement
HP:0001902,blood cell measurement
HP:0010974,blood cell measurement
HP:0008264,blood cell measurement
HP:0005512,blood cell measurement
HP:0031408,blood cell measurement
HP:0031019,blood cell measurement
HP:0003203,blood cell measurement
HP:0011992,blood cell measurement
HP:0032499,blood cell measurement
HP:0011993,blood cell measurement
HP:0011990,blood cell measurement
HP:0040238,blood cell measurement
HP:0040235,blood cell measurement
HP:0012552,blood cell measurement
HP:0012551,blood cell measurement
HP:0005400,blood cell measurement
HP:0001912,blood cell measurement
HP:0001911,blood cell measurement
HP:0001879,blood cell measurement
HP:0034253,blood cell measurement
HP:0001874,blood cell measurement
HP:0041046,blood cell measurement
HP:0041045,blood cell measurement
HP:0041042,blood cell measurement
HP:0011447,blood cell measurement
HP:0032438,blood cell measurement
HP:0003256,blood coagulation test
HP:0040229,blood coagulation test
HP:0030780,blood coagulation test
HP:0030130,blood coagulation test
HP:0030131,blood coagulation test
HP:0030132,blood coagulation test
HP:0030133,blood coagulation test
HP:0030134,blood coagulation test
HP:0030135,blood coagulation test
HP:0030136,blood coagulation test
HP:0030977,blood coagulation test
HP:0030976,blood coagulation test
HP:0004855,blood coagulation test
HP:0003337,blood coagulation test
HP:0012146,blood coagulation test
HP:0012147,blood coagulation test
HP:0003225,blood coagulation test
HP:0008330,blood coagulation test
HP:0040230,blood coagulation test
HP:0040233,blood coagulation test
HP:0040234,blood coagulation test
HP:0040237,blood coagulation test
HP:0040239,blood coagulation test
HP:0010988,blood coagulation test
HP:0010989,blood coagulation test
HP:0011898,blood coagulation test
HP:0011899,blood coagulation test
HP:0011858,blood coagulation test
HP:0005543,blood coagulation test
HP:0031899,blood coagulation test
HP:0034422,blood coagulation test
HP:0040240,blood coagulation test
HP:0008151,blood coagulation test
HP:0032198,blood coagulation test
HP:0033061,blood coagulation test
HP:0033062,blood coagulation test
HP:0010990,blood coagulation test
HP:0040246,blood coagulation test
HP:0040245,blood coagulation test
HP:0040244,blood coagulation test
HP:0032199,blood coagulation test
HP:0003125,blood coagulation test
HP:0011900,blood coagulation test
HP:0034287,blood coagulation test
HP:0040250,blood coagulation test
HP:0008354,blood coagulation test
HP:0001929,blood coagulation test
HP:0011901,blood coagulation test
HP:0008357,blood coagulation test
HP:0008169,blood coagulation test
HP:0012200,blood coagulation test
HP:0011871,blood coagulation test
HP:0004841,blood coagulation test
HP:0030129,blood coagulation test
HP:0012175,blood coagulation test
HP:0001976,blood coagulation test
HP:0008321,blood coagulation test
HP:0011996,blood coagulation test
HP:0040225,blood coagulation test
HP:0040226,blood coagulation test
HP:0040227,blood coagulation test
HP:0031126,blood coagulation test
HP:0100520,24-hour urine collection
HP:0011037,24-hour urine collection
HP:0100519,24-hour urine collection
HP:0010876,protein measurement in blood
HP:0034620,protein measurement in blood
HP:0034615,protein measurement in blood
HP:0034619,protein measurement in blood
HP:0034618,protein measurement in blood
HP:0034608,protein measurement in blood
HP:0034603,protein measurement in blood
HP:0034602,protein measurement in blood
HP:0034590,protein measurement in blood
HP:0034591,protein measurement in blood
HP:0001963,hearing examination
HP:0000365,hearing examination
HP:0008591,hearing examination
HP:0012781,hearing examination
HP:0008598,hearing examination
HP:0011975,hearing examination
HP:0012712,hearing examination
HP:0040119,hearing examination
HP:0012716,hearing examination
HP:0012717,hearing examination
HP:0012713,hearing examination
HP:0012714,hearing examination
HP:0012715,hearing examination
HP:0008607,hearing examination
HP:0001730,hearing examination
HP:0005101,hearing examination
HP:0000405,hearing examination
HP:0008513,hearing examination
HP:0009900,hearing examination
HP:0012779,hearing examination
HP:0008542,hearing examination
HP:0005115,electrocardiography
HP:0005110,electrocardiography
HP:0011690,electrocardiography
HP:0001692,electrocardiography
HP:0011691,electrocardiography
HP:0004763,electrocardiography
HP:0031671,electrocardiography
HP:0011696,electrocardiography
HP:0011697,electrocardiography
HP:0011698,electrocardiography
HP:0011699,electrocardiography
HP:0025478,electrocardiography
HP:0031672,electrocardiography
HP:0031673,electrocardiography
HP:0031674,electrocardiography
HP:0011694,electrocardiography
HP:0011716,electrocardiography
HP:0011717,electrocardiography
HP:0011693,electrocardiography
HP:0011692,electrocardiography
HP:0004749,electrocardiography
HP:0006671,electrocardiography
HP:0006699,electrocardiography
HP:0004754,electrocardiography
HP:0004755,electrocardiography
HP:0004757,electrocardiography
HP:0011688,electrocardiography
HP:0011700,electrocardiography
HP:0011687,electrocardiography
HP:0011701,electrocardiography
HP:0011725,electrocardiography
HP:0011689,electrocardiography
HP:0004756,electrocardiography
HP:0004751,electrocardiography
HP:0034040,electrocardiography
HP:0031677,electrocardiography
HP:0031676,electrocardiography
HP:0004758,electrocardiography
HP:0031675,electrocardiography
HP:0011841,electrocardiography
HP:0011709,electrocardiography
HP:0004752,electrocardiography
HP:0003115,electrocardiography
HP:0005165,electrocardiography
HP:0033568,electrocardiography
HP:0033569,electrocardiography
HP:0033567,electrocardiography
HP:0005135,electrocardiography
HP:0033566,electrocardiography
HP:0034308,electrocardiography
HP:0012251,electrocardiography
HP:0012250,electrocardiography
HP:0034304,electrocardiography
HP:0034303,electrocardiography
HP:0033122,electrocardiography
HP:0031601,electrocardiography
HP:0031600,electrocardiography
HP:0031547,electrocardiography
HP:0001657,electrocardiography
HP:0005184,electrocardiography
HP:0003140,electrocardiography
HP:0012249,electrocardiography
HP:0012248,electrocardiography
HP:0010872,electrocardiography
HP:0012272,electrocardiography
HP:0032197,electrocardiography
HP:0032196,electrocardiography
HP:0032195,electrocardiography
HP:0025071,electrocardiography
HP:0025072,electrocardiography
HP:0025073,electrocardiography
HP:0025078,electrocardiography
HP:0025077,electrocardiography
HP:0025076,electrocardiography
HP:0025075,electrocardiography
HP:0025074,electrocardiography
HP:0031599,electrocardiography
HP:0006677,electrocardiography
HP:0031598,electrocardiography
HP:0025070,electrocardiography
HP:0031597,electrocardiography
HP:0031596,electrocardiography
HP:0031595,electrocardiography
HP:0031594,electrocardiography
HP:0031593,electrocardiography
HP:0012266,electrocardiography
HP:0033570,electrocardiography
HP:0012232,electrocardiography
HP:0004308,electrocardiography
HP:0006696,electrocardiography
HP:0004309,electrocardiography
HP:0006688,electrocardiography
HP:0006684,electrocardiography
HP:0006682,electrocardiography
HP:0001649,electrocardiography
HP:0005155,electrocardiography
HP:0034041,electrocardiography
HP:0001664,electrocardiography
HP:0001663,electrocardiography
HP:0005147,electrocardiography
HP:0034306,electrocardiography
HP:0034039,electrocardiography
HP:0001716,electrocardiography
HP:0012722,electrocardiography
HP:0012723,electrocardiography
HP:0005170,electrocardiography
HP:0005172,electrocardiography
HP:0011710,electrocardiography
HP:0011711,electrocardiography
HP:0011712,electrocardiography
HP:0005178,electrocardiography
HP:0011713,electrocardiography
HP:0011715,electrocardiography
HP:0006681,electrocardiography
HP:0001709,electrocardiography
HP:0011704,electrocardiography
HP:0011705,electrocardiography
HP:0011706,electrocardiography
HP:0011707,electrocardiography
HP:0011708,electrocardiography
HP:0034305,electrocardiography
HP:0001678,electrocardiography
HP:0011675,electrocardiography
HP:0031860,electrocardiography
HP:0031861,electrocardiography
HP:0031862,electrocardiography
HP:0001688,electrocardiography
HP:0040182,electrocardiography
HP:0001695,electrocardiography
HP:0031628,electrocardiography
HP:0001662,electrocardiography
HP:0011702,electrocardiography
HP:0011703,electrocardiography
HP:0002360,assessment for sleep disturbance
HP:0002494,assessment for sleep disturbance
HP:0031354,assessment for sleep disturbance
HP:0030765,assessment for sleep disturbance
HP:0031355,assessment for sleep disturbance
HP:0031356,assessment for sleep disturbance
HP:0031873,assessment for sleep disturbance
HP:0031874,assessment for sleep disturbance
HP:0010535,assessment for sleep disturbance
HP:0010536,assessment for sleep disturbance
HP:0025267,assessment for sleep disturbance
HP:0031849,assessment for sleep disturbance
HP:0025233,assessment for sleep disturbance
HP:0025234,assessment for sleep disturbance
HP:0025235,assessment for sleep disturbance
HP:0025236,assessment for sleep disturbance
HP:0025237,assessment for sleep disturbance
HP:0025372,assessment for sleep disturbance
HP:0007200,assessment for sleep disturbance
HP:0033063,assessment for sleep disturbance
HP:0006979,assessment for sleep disturbance
HP:0030050,assessment for sleep disturbance
HP:0012452,assessment for sleep disturbance
HP:0100785,assessment for sleep disturbance
HP:0100786,assessment for sleep disturbance
HP:0002870,assessment for sleep disturbance
HP:0001262,assessment for sleep disturbance
HP:0002353,electroencephalography
HP:0011211,electroencephalography
HP:0011179,electroencephalography
HP:0011213,electroencephalography
HP:0011214,electroencephalography
HP:0011215,electroencephalography
HP:0011212,electroencephalography
HP:0011178,electroencephalography
HP:0011210,electroencephalography
HP:0012009,electroencephalography
HP:0012001,electroencephalography
HP:0031518,electroencephalography
HP:0011180,electroencephalography
HP:0011181,electroencephalography
HP:0011182,electroencephalography
HP:0002372,electroencephalography
HP:0011184,electroencephalography
HP:0011185,electroencephalography
HP:0011183,electroencephalography
HP:0011187,electroencephalography
HP:0011188,electroencephalography
HP:0011189,electroencephalography
HP:0025644,electroencephalography
HP:0011186,electroencephalography
HP:0011289,electroencephalography
HP:0001326,electroencephalography
HP:0012015,electroencephalography
HP:0012016,electroencephalography
HP:0012017,electroencephalography
HP:0012018,electroencephalography
HP:0012011,electroencephalography
HP:0012012,electroencephalography
HP:0012013,electroencephalography
HP:0012014,electroencephalography
HP:0011288,electroencephalography
HP:0011287,electroencephalography
HP:0012010,electroencephalography
HP:0011190,electroencephalography
HP:0011191,electroencephalography
HP:0011192,electroencephalography
HP:0011193,electroencephalography
HP:0011194,electroencephalography
HP:0011195,electroencephalography
HP:0011196,electroencephalography
HP:0011197,electroencephalography
HP:0011198,electroencephalography
HP:0011199,electroencephalography
HP:0002521,electroencephalography
HP:0011295,electroencephalography
HP:0011294,electroencephalography
HP:0011293,electroencephalography
HP:0010841,electroencephalography
HP:0011292,electroencephalography
HP:0010843,electroencephalography
HP:0010844,electroencephalography
HP:0010845,electroencephalography
HP:0010846,electroencephalography
HP:0010847,electroencephalography
HP:0010848,electroencephalography
HP:0010849,electroencephalography
HP:0011296,electroencephalography
HP:0011291,electroencephalography
HP:0011290,electroencephalography
HP:0031491,electroencephalography
HP:0033716,electroencephalography
HP:0033718,electroencephalography
HP:0033717,electroencephalography
HP:0033719,electroencephalography
HP:0031535,electroencephalography
HP:0002392,electroencephalography
HP:0010850,electroencephalography
HP:0033720,electroencephalography
HP:0033721,electroencephalography
HP:0010852,electroencephalography
HP:0010851,electroencephalography
HP:0010855,electroencephalography
HP:0010856,electroencephalography
HP:0010857,electroencephalography
HP:0010858,electroencephalography
HP:0010854,electroencephalography
HP:0010853,electroencephalography
HP:0025373,electroencephalography
HP:0011200,electroencephalography
HP:0011201,electroencephalography
HP:0011202,electroencephalography
HP:0011203,electroencephalography
HP:0012557,electroencephalography
HP:0011204,electroencephalography
HP:0011206,electroencephalography
HP:0011207,electroencephalography
HP:0011208,electroencephalography
HP:0011209,electroencephalography
HP:0011205,electroencephalography
HP:0012000,electroencephalography
HP:0011176,electroencephalography
HP:0011177,electroencephalography
HP:0001083,slit-lamp examination
HP:0012019,slit-lamp examination
HP:0008494,slit-lamp examination
HP:0001132,slit-lamp examination
HP:0008019,slit-lamp examination
HP:0000518,slit-lamp examination
HP:0025571,slit-lamp examination
HP:0001115,slit-lamp examination
HP:0001118,slit-lamp examination
HP:0100020,slit-lamp examination
HP:0007780,slit-lamp examination
HP:0007889,slit-lamp examination
HP:0000519,slit-lamp examination
HP:0007787,slit-lamp examination
HP:0007657,slit-lamp examination
HP:0007935,slit-lamp examination
HP:0007834,slit-lamp examination
HP:0025558,slit-lamp examination
HP:0025559,slit-lamp examination
HP:0010693,slit-lamp examination
HP:0010694,slit-lamp examination
HP:0010695,slit-lamp examination
HP:0010696,slit-lamp examination
HP:0010697,slit-lamp examination
HP:0008031,slit-lamp examination
HP:0010698,slit-lamp examination
HP:0010699,slit-lamp examination
HP:0000523,slit-lamp examination
HP:0007795,slit-lamp examination
HP:0011141,slit-lamp examination
HP:0011142,slit-lamp examination
HP:0011143,slit-lamp examination
HP:0011144,slit-lamp examination
HP:0007971,slit-lamp examination
HP:0007948,slit-lamp examination
HP:0010920,slit-lamp examination
HP:0001134,slit-lamp examination
HP:0007819,slit-lamp examination
HP:0010923,slit-lamp examination
HP:0010924,slit-lamp examination
HP:0010925,slit-lamp examination
HP:0010926,slit-lamp examination
HP:0010922,slit-lamp examination
HP:0010921,slit-lamp examination
HP:0007976,slit-lamp examination
HP:0100017,slit-lamp examination
HP:0100018,slit-lamp examination
HP:0100019,slit-lamp examination
HP:0007648,slit-lamp examination
HP:0011526,slit-lamp examination
HP:0030961,slit-lamp examination
HP:0001142,slit-lamp examination
HP:0034375,slit-lamp examination
HP:0011527,slit-lamp examination
HP:0011501,slit-lamp examination
HP:0011502,slit-lamp examination
HP:0001120,slit-lamp examination
HP:0000485,slit-lamp examination
HP:0000482,slit-lamp examination
HP:0009915,slit-lamp examination
HP:0001101,slit-lamp examination
HP:0100832,slit-lamp examination
HP:0030832,slit-lamp examination
HP:0011488,slit-lamp examination
HP:0011490,slit-lamp examination
HP:0007915,slit-lamp examination
HP:0011491,slit-lamp examination
HP:0025341,slit-lamp examination
HP:0031159,slit-lamp examination
HP:0011489,slit-lamp examination
HP:0012039,slit-lamp examination
HP:0012038,slit-lamp examination
HP:0012040,slit-lamp examination
HP:0007905,slit-lamp examination
HP:0025319,slit-lamp examination
HP:0000593,slit-lamp examination
HP:0025562,slit-lamp examination
HP:0025561,slit-lamp examination
HP:0025560,slit-lamp examination
HP:0012631,slit-lamp examination
HP:0012630,slit-lamp examination
HP:0007765,slit-lamp examination
HP:0031702,slit-lamp examination
HP:0031701,slit-lamp examination
HP:0008037,slit-lamp examination
HP:0031621,slit-lamp examination
HP:0031620,slit-lamp examination
HP:0007833,slit-lamp examination
HP:0000594,slit-lamp examination
HP:0025311,slit-lamp examination
HP:0031619,slit-lamp examination
HP:0031618,slit-lamp examination
HP:0031616,slit-lamp examination
HP:0031615,slit-lamp examination
HP:0011485,slit-lamp examination
HP:0011484,slit-lamp examination
HP:0011483,slit-lamp examination
HP:0025566,slit-lamp examination
HP:0025565,slit-lamp examination
HP:0025564,slit-lamp examination
HP:0025563,slit-lamp examination
HP:0025309,slit-lamp examination
HP:0025310,slit-lamp examination
HP:0100534,slit-lamp examination
HP:0100532,slit-lamp examination
HP:0000525,slit-lamp examination
HP:0000635,slit-lamp examination
HP:0001089,slit-lamp examination
HP:0001088,slit-lamp examination
HP:0012635,slit-lamp examination
HP:0012634,slit-lamp examination
HP:0008034,slit-lamp examination
HP:0012775,slit-lamp examination
HP:0009918,slit-lamp examination
HP:0009917,slit-lamp examination
HP:0009916,slit-lamp examination
HP:0100693,slit-lamp examination
HP:0500007,slit-lamp examination
HP:0011497,slit-lamp examination
HP:0012805,slit-lamp examination
HP:0011500,slit-lamp examination
HP:0000555,slit-lamp examination
HP:0000615,slit-lamp examination
HP:0000612,slit-lamp examination
HP:0011525,slit-lamp examination
HP:0011523,slit-lamp examination
HP:0007759,slit-lamp examination
HP:0008011,slit-lamp examination
HP:0007827,slit-lamp examination
HP:0007760,slit-lamp examination
HP:0000585,slit-lamp examination
HP:0008511,slit-lamp examination
HP:0011494,slit-lamp examination
HP:0007881,slit-lamp examination
HP:0011493,slit-lamp examination
HP:0007856,slit-lamp examination
HP:0000531,slit-lamp examination
HP:0032935,slit-lamp examination
HP:0001084,slit-lamp examination
HP:0100691,slit-lamp examination
HP:0000484,slit-lamp examination
HP:0000483,slit-lamp examination
HP:0000563,slit-lamp examination
HP:0500041,slit-lamp examination
HP:0031789,slit-lamp examination
HP:0031788,slit-lamp examination
HP:0031787,slit-lamp examination
HP:0007720,slit-lamp examination
HP:0031792,slit-lamp examination
HP:0031791,slit-lamp examination
HP:0031790,slit-lamp examination
HP:0025612,slit-lamp examination
HP:0100692,slit-lamp examination
HP:0011486,slit-lamp examination
HP:0011487,slit-lamp examination
HP:0100689,slit-lamp examination
HP:0004328,slit-lamp examination
HP:0007755,slit-lamp examination
HP:0034327,slit-lamp examination
HP:0007727,slit-lamp examination
HP:0007812,slit-lamp examination
HP:0010726,slit-lamp examination
HP:0007705,slit-lamp examination
HP:0200066,slit-lamp examination
HP:0008048,slit-lamp examination
HP:0000584,slit-lamp examination
HP:0000495,slit-lamp examination
HP:0008039,slit-lamp examination
HP:0000481,slit-lamp examination
HP:0500008,slit-lamp examination
HP:0200032,slit-lamp examination
HP:0000647,slit-lamp examination
HP:0200020,slit-lamp examination
HP:0000627,slit-lamp examination
HP:0032107,slit-lamp examination
HP:0007873,slit-lamp examination
HP:0007690,slit-lamp examination
HP:0011495,slit-lamp examination
HP:0011496,slit-lamp examination
HP:0011492,slit-lamp examination
HP:0000517,slit-lamp examination
HP:0007957,slit-lamp examination
HP:0040004,slit-lamp examination
HP:0012804,slit-lamp examination
HP:0012629,slit-lamp examination
HP:0012628,slit-lamp examination
HP:0012627,slit-lamp examination
HP:0500081,slit-lamp examination
HP:0012776,slit-lamp examination
HP:0007774,slit-lamp examination
HP:0000553,slit-lamp examination
HP:0008055,slit-lamp examination
HP:0000591,slit-lamp examination
HP:0000592,slit-lamp examination
HP:0030823,slit-lamp examination
HP:0025513,slit-lamp examination
HP:0025534,slit-lamp examination
HP:0030854,slit-lamp examination
HP:0030855,slit-lamp examination
HP:0030856,slit-lamp examination
HP:0007832,slit-lamp examination
HP:0410257,blood cell count
HP:0410258,blood cell count
HP:0001875,blood cell count
HP:0001904,blood cell count
HP:0410256,blood cell count
HP:0410255,blood cell count
HP:0410254,blood cell count
HP:0040289,blood cell count
HP:0410252,blood cell count
HP:0100828,blood cell count
HP:0100827,blood cell count
HP:0005404,blood cell count
HP:0012176,blood cell count
HP:0100495,blood cell count
HP:0031824,blood cell count
HP:0011873,blood cell count
HP:0001973,blood cell count
HP:0004854,blood cell count
HP:0040185,blood cell count
HP:0011874,blood cell count
HP:0001873,blood cell count
HP:0004813,blood cell count
HP:0004859,blood cell count
HP:0001905,blood cell count
HP:0001894,blood cell count
HP:0004809,blood cell count
HP:0011893,blood cell count
HP:0012235,blood cell count
HP:0032151,blood cell count
HP:0012234,blood cell count
HP:0031808,blood cell count
HP:0031807,blood cell count
HP:0031806,blood cell count
HP:0005403,blood cell count
HP:0031891,blood cell count
HP:0030252,blood cell count
HP:0030251,blood cell count
HP:0032372,blood cell count
HP:0011897,blood cell count
HP:0032061,blood cell count
HP:0020064,blood cell count
HP:0001913,blood cell count
HP:0032129,blood cell count
HP:0032128,blood cell count
HP:0032127,blood cell count
HP:0032126,blood cell count
HP:0025539,blood cell count
HP:0032125,blood cell count
HP:0032124,blood cell count
HP:0005541,blood cell count
HP:0033207,blood cell count
HP:0030388,blood cell count
HP:0030387,blood cell count
HP:0030386,blood cell count
HP:0030385,blood cell count
HP:0030384,blood cell count
HP:0030383,blood cell count
HP:0030381,blood cell count
HP:0030380,blood cell count
HP:0031545,blood cell count
HP:0030374,blood cell count
HP:0030375,blood cell count
HP:0030377,blood cell count
HP:0030379,blood cell count
HP:0030378,blood cell count
HP:0030376,blood cell count
HP:0030372,blood cell count
HP:0030373,blood cell count
HP:4000034,blood cell count
HP:0030371,blood cell count
HP:0030370,blood cell count
HP:0001974,blood cell count
HP:0005365,blood cell count
HP:0020178,blood cell count
HP:0032310,blood cell count
HP:0040088,blood cell count
HP:0010975,blood cell count
HP:0010976,blood cell count
HP:0011839,blood cell count
HP:0001882,blood cell count
HP:0001880,blood cell count
HP:0001888,blood cell count
HP:0032309,blood cell count
HP:0032239,blood cell count
HP:0032238,blood cell count
HP:0032237,blood cell count
HP:0032236,blood cell count
HP:0011991,blood cell count
HP:0025617,blood cell count
HP:0025619,blood cell count
HP:0025618,blood cell count
HP:0040089,blood cell count
HP:0040219,blood cell count
HP:0040218,blood cell count
HP:0500033,blood cell count
HP:0100957,biopsy of kidney
HP:0005564,biopsy of kidney
HP:0005565,biopsy of kidney
HP:0000108,biopsy of kidney
HP:0008659,biopsy of kidney
HP:0005932,biopsy of kidney
HP:0025361,biopsy of kidney
HP:0025362,biopsy of kidney
HP:0000090,biopsy of kidney
HP:0100880,biopsy of kidney
HP:0012783,biopsy of kidney
HP:0012782,biopsy of kidney
HP:0000099,biopsy of kidney
HP:0008653,biopsy of kidney
HP:0012579,biopsy of kidney
HP:0012578,biopsy of kidney
HP:0033731,biopsy of kidney
HP:0033732,biopsy of kidney
HP:0033730,biopsy of kidney
HP:0033729,biopsy of kidney
HP:0033728,biopsy of kidney
HP:0033727,biopsy of kidney
HP:0033726,biopsy of kidney
HP:0000793,biopsy of kidney
HP:0000095,biopsy of kidney
HP:0033544,biopsy of kidney
HP:0033545,biopsy of kidney
HP:0033489,biopsy of kidney
HP:0033487,biopsy of kidney
HP:0033488,biopsy of kidney
HP:0033485,biopsy of kidney
HP:0033486,biopsy of kidney
HP:0033234,biopsy of kidney
HP:0033232,biopsy of kidney
HP:0033604,biopsy of kidney
HP:0033603,biopsy of kidney
HP:0033602,biopsy of kidney
HP:0033601,biopsy of kidney
HP:0033600,biopsy of kidney
HP:0033233,biopsy of kidney
HP:0033231,biopsy of kidney
HP:0000096,biopsy of kidney
HP:0000097,biopsy of kidney
HP:0033295,biopsy of kidney
HP:0033294,biopsy of kidney
HP:0033293,biopsy of kidney
HP:0033292,biopsy of kidney
HP:0033291,biopsy of kidney
HP:0033290,biopsy of kidney
HP:0033227,biopsy of kidney
HP:0030762,biopsy of kidney
HP:0030949,biopsy of kidney
HP:0033288,biopsy of kidney
HP:0033599,biopsy of kidney
HP:0033598,biopsy of kidney
HP:0025006,biopsy of kidney
HP:0033289,biopsy of kidney
HP:0025005,biopsy of kidney
HP:0033287,biopsy of kidney
HP:0033286,biopsy of kidney
HP:0033285,biopsy of kidney
HP:0033284,biopsy of kidney
HP:0033283,biopsy of kidney
HP:0033282,biopsy of kidney
HP:0033219,biopsy of kidney
HP:0033218,biopsy of kidney
HP:0033217,biopsy of kidney
HP:0033216,biopsy of kidney
HP:0033215,biopsy of kidney
HP:0100611,biopsy of kidney
HP:0033277,biopsy of kidney
HP:0008636,biopsy of kidney
HP:0033275,biopsy of kidney
HP:0033274,biopsy of kidney
HP:0033273,biopsy of kidney
HP:0033272,biopsy of kidney
HP:0033271,biopsy of kidney
HP:0033270,biopsy of kidney
HP:0025364,biopsy of kidney
HP:0025363,biopsy of kidney
HP:0004746,biopsy of kidney
HP:0033269,biopsy of kidney
HP:0033267,biopsy of kidney
HP:0033268,biopsy of kidney
HP:0033323,biopsy of kidney
HP:0033322,biopsy of kidney
HP:0033321,biopsy of kidney
HP:0033320,biopsy of kidney
HP:0033501,biopsy of kidney
HP:0033500,biopsy of kidney
HP:0032583,biopsy of kidney
HP:0000111,biopsy of kidney
HP:0001967,biopsy of kidney
HP:0001966,biopsy of kidney
HP:0004737,biopsy of kidney
HP:0000794,biopsy of kidney
HP:0012577,biopsy of kidney
HP:0012576,biopsy of kidney
HP:0012574,biopsy of kidney
HP:0030162,biopsy of kidney
HP:0033498,biopsy of kidney
HP:0033499,biopsy of kidney
HP:0004722,biopsy of kidney
HP:0033497,biopsy of kidney
HP:0033496,biopsy of kidney
HP:0033495,biopsy of kidney
HP:0033494,biopsy of kidney
HP:0033493,biopsy of kidney
HP:0033548,biopsy of kidney
HP:0033491,biopsy of kidney
HP:0033490,biopsy of kidney
HP:0033549,biopsy of kidney
HP:0033546,biopsy of kidney
HP:0033547,biopsy of kidney
HP:0030034,biopsy of kidney
HP:0000091,biopsy of kidney
HP:0032962,biopsy of kidney
HP:0020132,biopsy of kidney
HP:0020131,biopsy of kidney
HP:0032960,biopsy of kidney
HP:0008660,biopsy of kidney
HP:0000092,biopsy of kidney
HP:0032647,biopsy of kidney
HP:0032609,biopsy of kidney
HP:0032608,biopsy of kidney
HP:0032607,biopsy of kidney
HP:0032606,biopsy of kidney
HP:0032605,biopsy of kidney
HP:0032604,biopsy of kidney
HP:0032603,biopsy of kidney
HP:0032602,biopsy of kidney
HP:0032601,biopsy of kidney
HP:0032600,biopsy of kidney
HP:0005576,biopsy of kidney
HP:0032959,biopsy of kidney
HP:0032956,biopsy of kidney
HP:0032955,biopsy of kidney
HP:0032954,biopsy of kidney
HP:0032953,biopsy of kidney
HP:0032952,biopsy of kidney
HP:0032951,biopsy of kidney
HP:0032950,biopsy of kidney
HP:0032636,biopsy of kidney
HP:0032635,biopsy of kidney
HP:0032634,biopsy of kidney
HP:0032633,biopsy of kidney
HP:0004743,biopsy of kidney
HP:0032631,biopsy of kidney
HP:0032630,biopsy of kidney
HP:0001970,biopsy of kidney
HP:0041050,biopsy of kidney
HP:0008682,biopsy of kidney
HP:0032629,biopsy of kidney
HP:0032628,biopsy of kidney
HP:0032627,biopsy of kidney
HP:0032626,biopsy of kidney
HP:0032625,biopsy of kidney
HP:0032624,biopsy of kidney
HP:0032623,biopsy of kidney
HP:0032622,biopsy of kidney
HP:0032621,biopsy of kidney
HP:0001969,biopsy of kidney
HP:0032599,biopsy of kidney
HP:0032598,biopsy of kidney
HP:0032597,biopsy of kidney
HP:0032596,biopsy of kidney
HP:0032595,biopsy of kidney
HP:0032594,biopsy of kidney
HP:0032590,biopsy of kidney
HP:0004729,biopsy of kidney
HP:0020205,biopsy of kidney
HP:0020204,biopsy of kidney
HP:0032611,biopsy of kidney
HP:0032610,biopsy of kidney
HP:0032589,biopsy of kidney
HP:0005583,biopsy of kidney
HP:0025418,biopsy of kidney
HP:0002048,biopsy of kidney
HP:0004734,biopsy of kidney
HP:0001917,biopsy of kidney
HP:0032614,biopsy of kidney
HP:0032613,biopsy of kidney
HP:0000799,biopsy of kidney
HP:0033064,biopsy of kidney
HP:0033069,biopsy of kidney
HP:0012575,biopsy of kidney
HP:0031263,biopsy of kidney
HP:0031264,biopsy of kidney
HP:0032417,biopsy of kidney
HP:0032648,biopsy of kidney
HP:0033265,biopsy of kidney
HP:0033266,biopsy of kidney
HP:0033483,biopsy of kidney
HP:0033312,biopsy of kidney
HP:0033314,biopsy of kidney
HP:0033319,biopsy of kidney
HP:0033313,biopsy of kidney
HP:0033316,biopsy of kidney
HP:0033315,biopsy of kidney
HP:0033318,biopsy of kidney
HP:0033317,biopsy of kidney
HP:0033492,biopsy of kidney
HP:0033296,biopsy of kidney
HP:0033297,biopsy of kidney
HP:0020133,biopsy of kidney
HP:0005563,biopsy of kidney
HP:0033223,biopsy of kidney
HP:0033224,biopsy of kidney
HP:0033225,biopsy of kidney
HP:0033226,biopsy of kidney
HP:0033396,biopsy of kidney
HP:0033397,biopsy of kidney
HP:0033237,biopsy of kidney
HP:0033238,biopsy of kidney
HP:0033239,biopsy of kidney
HP:0031265,biopsy of kidney
HP:0031266,biopsy of kidney
HP:0033837,biopsy of kidney
HP:0033927,biopsy of kidney
HP:0033928,biopsy of kidney
HP:0033929,biopsy of kidney
HP:0033914,biopsy of kidney
HP:0033915,biopsy of kidney
HP:0033896,biopsy of kidney
HP:0033897,biopsy of kidney
HP:0033898,biopsy of kidney
HP:0033899,biopsy of kidney
HP:0033901,biopsy of kidney
HP:0033902,biopsy of kidney
HP:0033903,biopsy of kidney
HP:0033905,biopsy of kidney
HP:0033948,biopsy of kidney
HP:0033949,biopsy of kidney
HP:0033886,biopsy of kidney
HP:0033930,biopsy of kidney
HP:0033931,biopsy of kidney
HP:0033932,biopsy of kidney
HP:0033933,biopsy of kidney
HP:0032644,biopsy of kidney
HP:0032949,biopsy of kidney
HP:0032591,biopsy of kidney
HP:0032616,biopsy of kidney
HP:0032581,biopsy of kidney
HP:0032585,biopsy of kidney
HP:0032584,biopsy of kidney
HP:0032617,biopsy of kidney
HP:0032637,biopsy of kidney
HP:0032948,biopsy of kidney
HP:0032947,biopsy of kidney
HP:0032946,biopsy of kidney
HP:0032945,biopsy of kidney
HP:0032646,biopsy of kidney
HP:0032645,biopsy of kidney
HP:0032643,biopsy of kidney
HP:0032642,biopsy of kidney
HP:0032641,biopsy of kidney
HP:0032587,biopsy of kidney
HP:0032586,biopsy of kidney
HP:0032618,biopsy of kidney
HP:0032632,biopsy of kidney
HP:0009741,biopsy of kidney
HP:0010946,kidney CT
HP:0000765,chest examination
HP:0033072,urine specimen collection
HP:0032068,urine specimen collection
HP:0031967,urine specimen collection
HP:0031504,urine specimen collection
HP:0025454,cerebrospinal fluid specimen collection
HP:0500190,cerebrospinal fluid specimen collection
HP:0500193,cerebrospinal fluid specimen collection
HP:0500192,cerebrospinal fluid specimen collection
HP:0500199,cerebrospinal fluid specimen collection
HP:0500198,cerebrospinal fluid specimen collection
HP:0410058,cerebrospinal fluid specimen collection
HP:0410056,cerebrospinal fluid specimen collection
HP:0009709,cerebrospinal fluid specimen collection
HP:0410071,cerebrospinal fluid specimen collection
HP:0410073,cerebrospinal fluid specimen collection
HP:0410075,cerebrospinal fluid specimen collection
HP:0500201,cerebrospinal fluid specimen collection
HP:0500202,cerebrospinal fluid specimen collection
HP:0500203,cerebrospinal fluid specimen collection
HP:0500204,cerebrospinal fluid specimen collection
HP:0500205,cerebrospinal fluid specimen collection
HP:0500200,cerebrospinal fluid specimen collection
HP:0032531,cerebrospinal fluid specimen collection
HP:0032532,cerebrospinal fluid specimen collection
HP:0033503,cerebrospinal fluid specimen collection
HP:0030086,cerebrospinal fluid specimen collection
HP:0030085,cerebrospinal fluid specimen collection
HP:0500207,cerebrospinal fluid specimen collection
HP:0500206,cerebrospinal fluid specimen collection
HP:0500209,cerebrospinal fluid specimen collection
HP:0500208,cerebrospinal fluid specimen collection
HP:0410199,cerebrospinal fluid specimen collection
HP:0025455,cerebrospinal fluid specimen collection
HP:0003785,cerebrospinal fluid specimen collection
HP:0500210,cerebrospinal fluid specimen collection
HP:0500211,cerebrospinal fluid specimen collection
HP:0500212,cerebrospinal fluid specimen collection
HP:0500213,cerebrospinal fluid specimen collection
HP:0500214,cerebrospinal fluid specimen collection
HP:0500215,cerebrospinal fluid specimen collection
HP:0500216,cerebrospinal fluid specimen collection
HP:0500217,cerebrospinal fluid specimen collection
HP:0500218,cerebrospinal fluid specimen collection
HP:0500219,cerebrospinal fluid specimen collection
HP:0040203,cerebrospinal fluid specimen collection
HP:0040204,cerebrospinal fluid specimen collection
HP:0040205,cerebrospinal fluid specimen collection
HP:0034200,cerebrospinal fluid specimen collection
HP:0034201,cerebrospinal fluid specimen collection
HP:0040209,cerebrospinal fluid specimen collection
HP:0040208,cerebrospinal fluid specimen collection
HP:0040207,cerebrospinal fluid specimen collection
HP:0500220,cerebrospinal fluid specimen collection
HP:0012654,cerebrospinal fluid specimen collection
HP:0012655,cerebrospinal fluid specimen collection
HP:0012656,cerebrospinal fluid specimen collection
HP:0500224,cerebrospinal fluid specimen collection
HP:0500225,cerebrospinal fluid specimen collection
HP:0500226,cerebrospinal fluid specimen collection
HP:0500227,cerebrospinal fluid specimen collection
HP:0500228,cerebrospinal fluid specimen collection
HP:0500229,cerebrospinal fluid specimen collection
HP:0500221,cerebrospinal fluid specimen collection
HP:0032274,cerebrospinal fluid specimen collection
HP:0034390,cerebrospinal fluid specimen collection
HP:0500223,cerebrospinal fluid specimen collection
HP:0500222,cerebrospinal fluid specimen collection
HP:0011972,cerebrospinal fluid specimen collection
HP:0500117,cerebrospinal fluid specimen collection
HP:0500230,cerebrospinal fluid specimen collection
HP:0500231,cerebrospinal fluid specimen collection
HP:0500232,cerebrospinal fluid specimen collection
HP:0500233,cerebrospinal fluid specimen collection
HP:0500234,cerebrospinal fluid specimen collection
HP:0500235,cerebrospinal fluid specimen collection
HP:0500236,cerebrospinal fluid specimen collection
HP:0500237,cerebrospinal fluid specimen collection
HP:0500184,cerebrospinal fluid specimen collection
HP:0002490,cerebrospinal fluid specimen collection
HP:0500183,cerebrospinal fluid specimen collection
HP:0500186,cerebrospinal fluid specimen collection
HP:0500185,cerebrospinal fluid specimen collection
HP:0500188,cerebrospinal fluid specimen collection
HP:0500187,cerebrospinal fluid specimen collection
HP:0034455,cerebrospinal fluid specimen collection
HP:0500189,cerebrospinal fluid specimen collection
HP:0031884,cerebrospinal fluid specimen collection
HP:0031885,cerebrospinal fluid specimen collection
HP:0500240,cerebrospinal fluid specimen collection
HP:0500241,cerebrospinal fluid specimen collection
HP:0500242,cerebrospinal fluid specimen collection
HP:0500243,cerebrospinal fluid specimen collection
HP:0500244,cerebrospinal fluid specimen collection
HP:0500245,cerebrospinal fluid specimen collection
HP:0500246,cerebrospinal fluid specimen collection
HP:0500247,cerebrospinal fluid specimen collection
HP:0012446,cerebrospinal fluid specimen collection
HP:0500248,cerebrospinal fluid specimen collection
HP:0034460,cerebrospinal fluid specimen collection
HP:0500195,cerebrospinal fluid specimen collection
HP:0034462,cerebrospinal fluid specimen collection
HP:0500194,cerebrospinal fluid specimen collection
HP:0500197,cerebrospinal fluid specimen collection
HP:0500196,cerebrospinal fluid specimen collection
HP:0500191,cerebrospinal fluid specimen collection
HP:0002575,bronchoscopy
HP:0025426,bronchoscopy
HP:0033377,bronchoscopy
HP:0006533,bronchoscopy
HP:0002786,bronchoscopy
HP:0033990,bronchoscopy
HP:0006539,bronchoscopy
HP:0033621,bronchoscopy
HP:0030715,bronchoscopy
HP:0002837,bronchoscopy
HP:0033999,bronchoscopy
HP:0002110,bronchoscopy
HP:0410397,bronchoscopy
HP:0100501,bronchoscopy
HP:0033979,bronchoscopy
HP:0032969,bronchoscopy
HP:0010776,bronchoscopy
HP:0025696,bronchoscopy
HP:0033542,bronchoscopy
HP:0025698,bronchoscopy
HP:0025697,bronchoscopy
HP:0033653,bronchoscopy
HP:0033652,bronchoscopy
HP:0010777,bronchoscopy
HP:0033614,bronchoscopy
HP:0033615,bronchoscopy
HP:0033616,bronchoscopy
HP:0033617,bronchoscopy
HP:0032970,bronchoscopy
HP:0033618,bronchoscopy
HP:0002780,bronchoscopy
HP:0033378,bronchoscopy
HP:0025420,bronchoscopy
HP:0100819,colonoscopy
HP:0033279,colonoscopy
HP:0034451,colonoscopy
HP:0034452,colonoscopy
HP:0025407,colonoscopy
HP:0034255,colonoscopy
HP:0005218,colonoscopy
HP:0025025,colonoscopy
HP:0025026,colonoscopy
HP:0004792,colonoscopy
HP:0100590,colonoscopy
HP:0000143,colonoscopy
HP:0010447,colonoscopy
HP:0002584,colonoscopy
HP:0012849,colonoscopy
HP:0002583,colonoscopy
HP:0100281,colonoscopy
HP:0100282,colonoscopy
HP:0004387,colonoscopy
HP:0033165,colonoscopy
HP:0033164,colonoscopy
HP:0100279,colonoscopy
HP:0033256,colonoscopy
HP:0002037,colonoscopy
HP:0002034,colonoscopy
HP:0002035,colonoscopy
HP:0005224,colonoscopy
HP:0032551,colonoscopy
HP:0025024,colonoscopy
HP:0025023,colonoscopy
HP:0033150,colonoscopy
HP:0012851,colonoscopy
HP:0034301,colonoscopy
HP:0001549,colonoscopy
HP:0012550,colonoscopy
HP:0032564,colonoscopy
HP:0033134,laparoscopy
HP:0034477,laparoscopy
HP:0012027,laryngoscopy
HP:0005950,laryngoscopy
HP:0005945,laryngoscopy
HP:0005956,laryngoscopy
HP:0001602,laryngoscopy
HP:0004894,laryngoscopy
HP:0100640,laryngoscopy
HP:0033000,laryngoscopy
HP:0008755,laryngoscopy
HP:0009555,laryngoscopy
HP:0002020,esophagogastroduodenoscopy
HP:0002036,esophagogastroduodenoscopy
HP:0002032,esophagogastroduodenoscopy
HP:0002040,esophagogastroduodenoscopy
HP:0100762,esophagogastroduodenoscopy
HP:0006000,ureteroscopy
HP:0030735,ureteroscopy
HP:0002025,proctoscopy
HP:0004871,rectoscopy
HP:0033254,anoscopy
HP:0100594,esophagoscopy
HP:0004791,esophagoscopy
HP:0100628,esophagoscopy
HP:0100633,esophagoscopy
HP:0012859,esophagoscopy
HP:0002779,tracheobronchoscopy
HP:0002777,tracheobronchoscopy
HP:0002778,tracheobronchoscopy
HP:0034000,tracheobronchoscopy
HP:0034531,tracheobronchoscopy
HP:0003172,pelvic radiograph procedure
HP:0008817,pelvic radiograph procedure
HP:0008822,pelvic radiograph procedure
HP:0008823,pelvic radiograph procedure
HP:0008830,pelvic radiograph procedure
HP:0003173,pelvic radiograph procedure
HP:0008785,pelvic radiograph procedure
HP:0030042,pelvic radiograph procedure
HP:0003183,pelvic radiograph procedure
HP:0008788,pelvic radiograph procedure
HP:0100958,pelvic radiograph procedure
HP:0009104,pelvic radiograph procedure
HP:0009105,pelvic radiograph procedure
HP:0002867,pelvic radiograph procedure
HP:0033701,pelvic radiograph procedure
HP:0008786,pelvic radiograph procedure
HP:0000946,pelvic radiograph procedure
HP:0008818,pelvic radiograph procedure
HP:0100866,pelvic radiograph procedure
HP:0012449,pelvic radiograph procedure
HP:0012317,pelvic radiograph procedure
HP:0003796,pelvic radiograph procedure
HP:0008808,pelvic radiograph procedure
HP:0009780,pelvic radiograph procedure
HP:0008794,pelvic radiograph procedure
HP:0011867,pelvic radiograph procedure
HP:0100781,pelvic radiograph procedure
HP:0003277,pelvic radiograph procedure
HP:0002866,pelvic radiograph procedure
HP:0002868,pelvic radiograph procedure
HP:0002869,pelvic radiograph procedure
HP:0003177,pelvic radiograph procedure
HP:0041233,pelvic radiograph procedure
HP:0008821,pelvic radiograph procedure
HP:0008824,pelvic radiograph procedure
HP:0031026,pelvic radiograph procedure
HP:0002644,pelvic radiograph procedure
HP:0009106,pelvic radiograph procedure
HP:0009103,pelvic radiograph procedure
HP:0040017,pelvic radiograph procedure
HP:0040016,pelvic radiograph procedure
HP:0008807,pelvic radiograph procedure
HP:0003375,pelvic radiograph procedure
HP:0034044,pelvic radiograph procedure
HP:0030043,pelvic radiograph procedure
HP:0008472,pelvic radiograph procedure
HP:0003365,pelvic radiograph procedure
HP:0003279,pelvic radiograph procedure
HP:0003278,pelvic radiograph procedure
HP:0003275,pelvic radiograph procedure
HP:0003274,pelvic radiograph procedure
HP:0003272,pelvic radiograph procedure
HP:0008839,pelvic radiograph procedure
HP:0010779,pelvic radiograph procedure
HP:0033640,pelvic radiograph procedure
HP:0008833,pelvic radiograph procedure
HP:0034374,pelvic radiograph procedure
HP:0003182,pelvic radiograph procedure
HP:0003185,pelvic radiograph procedure
HP:0041146,pelvic radiograph procedure
HP:0041145,pelvic radiograph procedure
HP:0002831,pelvic radiograph procedure
HP:0003180,pelvic radiograph procedure
HP:0030883,pelvic radiograph procedure
HP:0040163,pelvic radiograph procedure
HP:0003179,pelvic radiograph procedure
HP:0002826,pelvic radiograph procedure
HP:0002825,pelvic radiograph procedure
HP:0003170,pelvic radiograph procedure
HP:0008798,pelvic radiograph procedure
HP:0010453,pelvic radiograph procedure
HP:0010454,pelvic radiograph procedure
HP:0010455,pelvic radiograph procedure
HP:0008519,pelvic radiograph procedure
HP:0010456,pelvic radiograph procedure
HP:0002683,skull radiograph procedure
HP:0002007,skull radiograph procedure
HP:0002697,skull radiograph procedure
HP:0012294,skull radiograph procedure
HP:0002696,skull radiograph procedure
HP:0002691,skull radiograph procedure
HP:0001363,skull radiograph procedure
HP:0001362,skull radiograph procedure
HP:0000269,skull radiograph procedure
HP:0000268,skull radiograph procedure
HP:0000267,skull radiograph procedure
HP:0004422,skull radiograph procedure
HP:0000263,skull radiograph procedure
HP:0000262,skull radiograph procedure
HP:0030312,skull radiograph procedure
HP:0002684,skull radiograph procedure
HP:0002682,skull radiograph procedure
HP:0001357,skull radiograph procedure
HP:0011218,skull radiograph procedure
HP:0430000,skull radiograph procedure
HP:0011217,skull radiograph procedure
HP:0004493,skull radiograph procedure
HP:0000250,skull radiograph procedure
HP:0010539,skull radiograph procedure
HP:0004490,skull radiograph procedure
HP:0005623,skull radiograph procedure
HP:0005474,skull radiograph procedure
HP:0005472,skull radiograph procedure
HP:0002678,skull radiograph procedure
HP:0005890,skull radiograph procedure
HP:0002676,skull radiograph procedure
HP:0011327,skull radiograph procedure
HP:0011326,skull radiograph procedure
HP:0011325,skull radiograph procedure
HP:0011324,skull radiograph procedure
HP:0011320,skull radiograph procedure
HP:0011322,skull radiograph procedure
HP:0011321,skull radiograph procedure
HP:0030716,skull radiograph procedure
HP:0030799,skull radiograph procedure
HP:0034271,skull radiograph procedure
HP:0007285,skull radiograph procedure
HP:0000248,skull radiograph procedure
HP:0004484,skull radiograph procedure
HP:0004442,skull radiograph procedure
HP:0004443,skull radiograph procedure
HP:0004487,skull radiograph procedure
HP:0000244,skull radiograph procedure
HP:0000243,skull radiograph procedure
HP:0000242,skull radiograph procedure
HP:0005469,skull radiograph procedure
HP:0004440,skull radiograph procedure
HP:0005466,skull radiograph procedure
HP:0005465,skull radiograph procedure
HP:0011318,skull radiograph procedure
HP:0011319,skull radiograph procedure
HP:0033011,skull radiograph procedure
HP:0011317,skull radiograph procedure
HP:0011316,skull radiograph procedure
HP:0011315,skull radiograph procedure
HP:0004438,skull radiograph procedure
HP:0004437,skull radiograph procedure
HP:0004472,skull radiograph procedure
HP:0002694,skull radiograph procedure
HP:0034261,skull radiograph procedure
HP:0005439,skull radiograph procedure
HP:0010757,skull radiograph procedure
HP:0040008,skull radiograph procedure
HP:0002692,skull radiograph procedure
HP:0010669,skull radiograph procedure
HP:0010667,skull radiograph procedure
HP:0010650,skull radiograph procedure
HP:0410000,skull radiograph procedure
HP:0002645,skull radiograph procedure
HP:0002737,skull radiograph procedure
HP:0000326,skull radiograph procedure
HP:3000044,skull radiograph procedure
HP:0010759,skull radiograph procedure
HP:0010758,skull radiograph procedure
HP:0010756,skull radiograph procedure
HP:0010755,skull radiograph procedure
HP:0031257,skull radiograph procedure
HP:0430029,skull radiograph procedure
HP:0430028,skull radiograph procedure
HP:0009117,skull radiograph procedure
HP:0041165,skull radiograph procedure
HP:0010666,skull radiograph procedure
HP:0002010,skull radiograph procedure
HP:0000327,skull radiograph procedure
HP:0010940,skull radiograph procedure
HP:0004646,skull radiograph procedure
HP:0010941,skull radiograph procedure
HP:0005557,skull radiograph procedure
HP:0034260,skull radiograph procedure
HP:0000929,skull radiograph procedure
HP:0000240,skull radiograph procedure
HP:0040194,skull radiograph procedure
HP:0040196,skull radiograph procedure
HP:0040195,skull radiograph procedure
HP:0010668,skull radiograph procedure
HP:0010620,skull radiograph procedure
HP:0012370,skull radiograph procedure
HP:0009911,skull radiograph procedure
HP:0031604,skull radiograph procedure
HP:0032569,skull radiograph procedure
HP:0032045,skull radiograph procedure
HP:0011821,skull radiograph procedure
HP:0430013,skull radiograph procedure
HP:0430012,skull radiograph procedure
HP:0430005,skull radiograph procedure
HP:0430004,skull radiograph procedure
HP:0430003,skull radiograph procedure
HP:0430002,skull radiograph procedure
HP:0041234,skull radiograph procedure
HP:0030793,skull radiograph procedure
HP:0030791,skull radiograph procedure
HP:0041220,skull radiograph procedure
HP:0034190,fetal echocardiography
HP:0041095,fetal echocardiography
HP:0012021,fetal echocardiography
HP:0011726,fetal echocardiography
HP:0010947,fetal echocardiography
HP:0034191,fetal echocardiography
HP:0034196,fetal echocardiography
HP:0025675,fetal echocardiography
HP:0034566,Doppler ultrasonography
HP:0025104,examination by dermatologist
HP:0007616,examination by dermatologist
HP:0001052,examination by dermatologist
HP:0007413,examination by dermatologist
HP:0010733,examination by dermatologist
HP:0025105,examination by dermatologist
HP:0025106,examination by dermatologist
HP:0025107,examination by dermatologist
HP:0025108,examination by dermatologist
HP:0200036,examination by dermatologist
HP:0001114,examination by dermatologist
HP:0001482,examination by dermatologist
HP:0025554,examination by dermatologist
HP:0025027,examination by dermatologist
HP:0025014,examination by dermatologist
HP:0200016,examination by dermatologist
HP:0007470,examination by dermatologist
HP:0010732,examination by dermatologist
HP:0010604,examination by dermatologist
HP:0010605,examination by dermatologist
HP:0010606,examination by dermatologist
HP:0010607,examination by dermatologist
HP:0025103,examination by dermatologist
HP:0010608,examination by dermatologist
HP:0032217,examination by dermatologist
HP:0025529,examination by dermatologist
HP:0010647,examination by dermatologist
HP:0000977,examination by dermatologist
HP:0001027,examination by dermatologist
HP:0100679,examination by dermatologist
HP:0005989,examination by dermatologist
HP:0011930,examination by dermatologist
HP:0008067,examination by dermatologist
HP:0001582,examination by dermatologist
HP:0007407,examination by dermatologist
HP:0025182,examination by dermatologist
HP:0007595,examination by dermatologist
HP:0007522,examination by dermatologist
HP:0025087,examination by dermatologist
HP:0007392,examination by dermatologist
HP:0001065,examination by dermatologist
HP:0007425,examination by dermatologist
HP:0007516,examination by dermatologist
HP:0007517,examination by dermatologist
HP:0007458,examination by dermatologist
HP:0000974,examination by dermatologist
HP:0000973,examination by dermatologist
HP:0007605,examination by dermatologist
HP:0001025,examination by dermatologist
HP:0410133,examination by dermatologist
HP:0410134,examination by dermatologist
HP:0410135,examination by dermatologist
HP:0410136,examination by dermatologist
HP:0410137,examination by dermatologist
HP:0025081,examination by dermatologist
HP:0410138,examination by dermatologist
HP:0033167,examination by dermatologist
HP:0011971,examination by dermatologist
HP:0003764,examination by dermatologist
HP:0005606,examination by dermatologist
HP:0100898,examination by dermatologist
HP:0100814,examination by dermatologist
HP:0005603,examination by dermatologist
HP:0034275,examination by dermatologist
HP:0005600,examination by dermatologist
HP:0020154,examination by dermatologist
HP:0001074,examination by dermatologist
HP:0025471,examination by dermatologist
HP:0009721,examination by dermatologist
HP:0010817,examination by dermatologist
HP:0010816,examination by dermatologist
HP:0010815,examination by dermatologist
HP:0025510,examination by dermatologist
HP:0025511,examination by dermatologist
HP:0000995,examination by dermatologist
HP:0009920,examination by dermatologist
HP:0007481,examination by dermatologist
HP:0001062,examination by dermatologist
HP:0001597,examination by dermatologist
HP:0030254,examination by dermatologist
HP:0001805,examination by dermatologist
HP:0001807,examination by dermatologist
HP:0001808,examination by dermatologist
HP:0001809,examination by dermatologist
HP:0001806,examination by dermatologist
HP:0012542,examination by dermatologist
HP:0011367,examination by dermatologist
HP:0010624,examination by dermatologist
HP:0001810,examination by dermatologist
HP:0001231,examination by dermatologist
HP:0001812,examination by dermatologist
HP:0001232,examination by dermatologist
HP:0001814,examination by dermatologist
HP:0001816,examination by dermatologist
HP:0001817,examination by dermatologist
HP:0001818,examination by dermatologist
HP:0011313,examination by dermatologist
HP:0011312,examination by dermatologist
HP:0012553,examination by dermatologist
HP:0012554,examination by dermatologist
HP:0012555,examination by dermatologist
HP:0041093,examination by dermatologist
HP:0001792,examination by dermatologist
HP:0100803,examination by dermatologist
HP:0001795,examination by dermatologist
HP:0001820,examination by dermatologist
HP:0001821,examination by dermatologist
HP:0001799,examination by dermatologist
HP:0001798,examination by dermatologist
HP:0002164,examination by dermatologist
HP:0002165,examination by dermatologist
HP:0040036,examination by dermatologist
HP:0009723,examination by dermatologist
HP:0040039,examination by dermatologist
HP:0031282,examination by dermatologist
HP:0008400,examination by dermatologist
HP:0008401,examination by dermatologist
HP:0008402,examination by dermatologist
HP:0033327,examination by dermatologist
HP:0008404,examination by dermatologist
HP:0008407,examination by dermatologist
HP:0012742,examination by dermatologist
HP:0025088,examination by dermatologist
HP:0030803,examination by dermatologist
HP:0030804,examination by dermatologist
HP:0012746,examination by dermatologist
HP:0040040,examination by dermatologist
HP:0010793,examination by dermatologist
HP:0030807,examination by dermatologist
HP:0100643,examination by dermatologist
HP:0100644,examination by dermatologist
HP:0030806,examination by dermatologist
HP:0030805,examination by dermatologist
HP:0030808,examination by dermatologist
HP:0030055,examination by dermatologist
HP:0008383,examination by dermatologist
HP:0008386,examination by dermatologist
HP:0008410,examination by dermatologist
HP:0100797,examination by dermatologist
HP:0100798,examination by dermatologist
HP:0008388,examination by dermatologist
HP:0033975,examination by dermatologist
HP:0033976,examination by dermatologist
HP:0033425,examination by dermatologist
HP:0030817,examination by dermatologist
HP:0030818,examination by dermatologist
HP:0030819,examination by dermatologist
HP:0033250,examination by dermatologist
HP:0008390,examination by dermatologist
HP:0008391,examination by dermatologist
HP:0008392,examination by dermatologist
HP:0008393,examination by dermatologist
HP:0008394,examination by dermatologist
HP:0008396,examination by dermatologist
HP:0008398,examination by dermatologist
HP:0008399,examination by dermatologist
HP:0001598,examination by dermatologist
HP:0032344,examination by dermatologist
HP:0011937,examination by dermatologist
HP:0009758,examination by dermatologist
HP:0200104,examination by dermatologist
HP:0200105,examination by dermatologist
HP:0012710,examination by dermatologist
HP:0001800,examination by dermatologist
HP:0001802,examination by dermatologist
HP:0001803,examination by dermatologist
HP:0001804,examination by dermatologist
HP:0011355,examination by dermatologist
HP:0025248,examination by dermatologist
HP:0025247,examination by dermatologist
HP:0025246,examination by dermatologist
HP:0025245,examination by dermatologist
HP:0000991,examination by dermatologist
HP:0000993,examination by dermatologist
HP:0001034,examination by dermatologist
HP:0032026,examination by dermatologist
HP:0045059,examination by dermatologist
HP:0033126,examination by dermatologist
HP:0007411,examination by dermatologist
HP:0007412,examination by dermatologist
HP:0001039,examination by dermatologist
HP:0007526,examination by dermatologist
HP:0031517,examination by dermatologist
HP:0025250,examination by dermatologist
HP:0025251,examination by dermatologist
HP:0010610,examination by dermatologist
HP:0040251,examination by dermatologist
HP:0010612,examination by dermatologist
HP:0007536,examination by dermatologist
HP:0004464,examination by dermatologist
HP:0004467,examination by dermatologist
HP:0031289,examination by dermatologist
HP:0032156,examination by dermatologist
HP:0200034,examination by dermatologist
HP:0200035,examination by dermatologist
HP:0007429,examination by dermatologist
HP:0011369,examination by dermatologist
HP:0200037,examination by dermatologist
HP:0031057,examination by dermatologist
HP:0025509,examination by dermatologist
HP:0025508,examination by dermatologist
HP:0025507,examination by dermatologist
HP:0004471,examination by dermatologist
HP:0031290,examination by dermatologist
HP:0004476,examination by dermatologist
HP:0031293,examination by dermatologist
HP:0001053,examination by dermatologist
HP:0001056,examination by dermatologist
HP:0001057,examination by dermatologist
HP:0007432,examination by dermatologist
HP:0025512,examination by dermatologist
HP:0200040,examination by dermatologist
HP:0200042,examination by dermatologist
HP:0200041,examination by dermatologist
HP:0033510,examination by dermatologist
HP:0030679,examination by dermatologist
HP:0100837,examination by dermatologist
HP:0008065,examination by dermatologist
HP:0000196,examination by dermatologist
HP:0010874,examination by dermatologist
HP:0007441,examination by dermatologist
HP:0032538,examination by dermatologist
HP:0025527,examination by dermatologist
HP:0007449,examination by dermatologist
HP:0025528,examination by dermatologist
HP:0005593,examination by dermatologist
HP:0005590,examination by dermatologist
HP:0007565,examination by dermatologist
HP:0005605,examination by dermatologist
HP:0012733,examination by dermatologist
HP:0031917,examination by dermatologist
HP:0001073,examination by dermatologist
HP:0001075,examination by dermatologist
HP:0012500,examination by dermatologist
HP:0025530,examination by dermatologist
HP:0031448,examination by dermatologist
HP:0031924,examination by dermatologist
HP:0034400,examination by dermatologist
HP:0006121,examination by dermatologist
HP:0100267,examination by dermatologist
HP:0100268,examination by dermatologist
HP:0100269,examination by dermatologist
HP:0031452,examination by dermatologist
HP:0030350,examination by dermatologist
HP:0030351,examination by dermatologist
HP:0010781,examination by dermatologist
HP:0010782,examination by dermatologist
HP:0007589,examination by dermatologist
HP:0012399,examination by dermatologist
HP:0100276,examination by dermatologist
HP:0100277,examination by dermatologist
HP:0007590,examination by dermatologist
HP:0032099,examination by dermatologist
HP:0000957,examination by dermatologist
HP:0010562,examination by dermatologist
HP:0031359,examination by dermatologist
HP:0007488,examination by dermatologist
HP:0000960,examination by dermatologist
HP:0000963,examination by dermatologist
HP:0031360,examination by dermatologist
HP:0025452,examination by dermatologist
HP:0001003,examination by dermatologist
HP:0007494,examination by dermatologist
HP:0008606,examination by dermatologist
HP:0012540,examination by dermatologist
HP:0007504,examination by dermatologist
HP:0007506,examination by dermatologist
HP:0004552,examination by dermatologist
HP:0001013,examination by dermatologist
HP:0007383,examination by dermatologist
HP:0007385,examination by dermatologist
HP:0020073,examination by dermatologist
HP:0009719,examination by dermatologist
HP:0000384,examination by dermatologist
HP:0007510,examination by dermatologist
HP:0002710,examination by dermatologist
HP:0007515,examination by dermatologist
HP:0001024,examination by dermatologist
HP:0001026,examination by dermatologist
HP:0025474,examination by dermatologist
HP:0025473,examination by dermatologist
HP:0007398,examination by dermatologist
HP:0025475,examination by dermatologist
HP:0000987,examination by dermatologist
HP:0004334,examination by dermatologist
HP:0010609,examination by dermatologist
HP:0031158,examination by dermatologist
HP:0025249,examination by dermatologist
HP:0032453,examination by dermatologist
HP:0032454,examination by dermatologist
HP:0100816,examination by dermatologist
HP:0001257,examination by a neurologist
HP:0031866,examination by a neurologist
HP:0034183,examination by a neurologist
HP:0001285,examination by a neurologist
HP:0034353,examination by a neurologist
HP:0002179,examination by a neurologist
HP:0002510,examination by a neurologist
HP:0002478,examination by a neurologist
HP:0002313,examination by a neurologist
HP:0001258,examination by a neurologist
HP:0002191,examination by a neurologist
HP:0002061,examination by a neurologist
HP:0002491,examination by a neurologist
HP:0002064,examination by a neurologist
HP:0031957,examination by a neurologist
HP:0031958,examination by a neurologist
HP:0002464,examination by a neurologist
HP:0006986,examination by a neurologist
HP:0002501,examination by a neurologist
HP:0012407,examination by a neurologist
HP:0007199,examination by a neurologist
HP:0001264,examination by a neurologist
HP:0011099,examination by a neurologist
HP:0007020,examination by a neurologist
HP:0001251,examination by a neurologist
HP:0002066,examination by a neurologist
HP:0020035,examination by a neurologist
HP:0020036,examination by a neurologist
HP:0007240,examination by a neurologist
HP:0001310,examination by a neurologist
HP:0012651,examination by a neurologist
HP:0002497,examination by a neurologist
HP:0002406,examination by a neurologist
HP:0009878,examination by a neurologist
HP:0002131,examination by a neurologist
HP:0002070,examination by a neurologist
HP:0002073,examination by a neurologist
HP:0010868,examination by a neurologist
HP:0010869,examination by a neurologist
HP:0002470,examination by a neurologist
HP:0002075,examination by a neurologist
HP:0002078,examination by a neurologist
HP:0010867,examination by a neurologist
HP:0007221,examination by a neurologist
HP:0010831,examination by a neurologist
HP:0006858,examination by a neurologist
HP:0006938,examination by a neurologist
HP:0006886,examination by a neurologist
HP:0002403,examination by a neurologist
HP:0006944,examination by a neurologist
HP:0010871,examination by a neurologist
HP:0002166,examination by a neurologist
HP:0002495,examination by a neurologist
HP:0002493,examination by a neurologist
HP:0031993,examination by a neurologist
HP:0002385,examination by a neurologist
HP:0007299,examination by a neurologist
HP:0002445,examination by a neurologist
HP:0001269,examination by a neurologist
HP:0002273,examination by a neurologist
HP:0010549,examination by a neurologist
HP:0030180,examination by a neurologist
HP:0030181,examination by a neurologist
HP:0002301,examination by a neurologist
HP:0030182,examination by a neurologist
HP:0004374,examination by a neurologist
HP:0040292,examination by a neurologist
HP:0040293,examination by a neurologist
HP:0010550,examination by a neurologist
HP:0010551,examination by a neurologist
HP:0200072,examination by a neurologist
HP:0010875,examination by a neurologist
HP:0007256,examination by a neurologist
HP:0012194,examination by a neurologist
HP:0033747,examination by a neurologist
HP:0012534,examination by a neurologist
HP:0010830,examination by a neurologist
HP:0010832,examination by a neurologist
HP:0010833,examination by a neurologist
HP:0010834,examination by a neurologist
HP:0007021,examination by a neurologist
HP:0007328,examination by a neurologist
HP:0033748,examination by a neurologist
HP:0002661,examination by a neurologist
HP:0006937,examination by a neurologist
HP:0010829,examination by a neurologist
HP:0031006,examination by a neurologist
HP:0003401,examination by a neurologist
HP:0100963,examination by a neurologist
HP:0033660,examination by a neurologist
HP:0003091,examination by a neurologist
HP:0001252,examination by a neurologist
HP:0001290,examination by a neurologist
HP:0031139,examination by a neurologist
HP:0000297,examination by a neurologist
HP:0006829,examination by a neurologist
HP:0012389,examination by a neurologist
HP:0006852,examination by a neurologist
HP:0030190,examination by a neurologist
HP:0003397,examination by a neurologist
HP:0008935,examination by a neurologist
HP:0008936,examination by a neurologist
HP:0008947,examination by a neurologist
HP:0001319,examination by a neurologist
HP:0009062,examination by a neurologist
HP:0009830,examination by a neurologist
HP:0007131,examination by a neurologist
HP:0007220,examination by a neurologist
HP:0007133,examination by a neurologist
HP:0006865,examination by a neurologist
HP:0011402,examination by a neurologist
HP:0007067,examination by a neurologist
HP:0012216,examination by a neurologist
HP:0003434,examination by a neurologist
HP:0007178,examination by a neurologist
HP:0007267,examination by a neurologist
HP:0012181,examination by a neurologist
HP:0009831,examination by a neurologist
HP:0012185,examination by a neurologist
HP:0006903,examination by a neurologist
HP:0012186,examination by a neurologist
HP:0003477,examination by a neurologist
HP:0007108,examination by a neurologist
HP:0007141,examination by a neurologist
HP:0006949,examination by a neurologist
HP:0000763,examination by a neurologist
HP:0032018,examination by a neurologist
HP:0003409,examination by a neurologist
HP:0001301,examination by a neurologist
HP:0007327,examination by a neurologist
HP:0003390,examination by a neurologist
HP:0007002,examination by a neurologist
HP:0001271,examination by a neurologist
HP:0003489,examination by a neurologist
HP:0001153,examination by ob/gyn specialist
HP:0008670,examination by ob/gyn specialist
HP:0008740,examination by ob/gyn specialist
HP:0000145,examination by ob/gyn specialist
HP:0001131,examination by ophthalmologist
HP:0007802,examination by ophthalmologist
HP:0007709,examination by ophthalmologist
HP:0001149,examination by ophthalmologist
HP:0007836,examination by ophthalmologist
HP:0007809,examination by ophthalmologist
HP:0100690,examination by ophthalmologist
HP:0007880,examination by ophthalmologist
HP:0007962,examination by ophthalmologist
HP:0011226,examination by ophthalmologist
HP:0000625,examination by ophthalmologist
HP:0000652,examination by ophthalmologist
HP:0040032,examination by ophthalmologist
HP:0011224,examination by ophthalmologist
HP:0001126,examination by ophthalmologist
HP:0430009,examination by ophthalmologist
HP:0007697,examination by ophthalmologist
HP:0000636,examination by ophthalmologist
HP:0000622,examination by ophthalmologist
HP:0001125,examination by ophthalmologist
HP:0000499,examination by ophthalmologist
HP:0002227,examination by ophthalmologist
HP:0011231,examination by ophthalmologist
HP:0000527,examination by ophthalmologist
HP:0010764,examination by ophthalmologist
HP:0000561,examination by ophthalmologist
HP:0007840,examination by ophthalmologist
HP:0007776,examination by ophthalmologist
HP:0007708,examination by ophthalmologist
HP:0008009,examination by ophthalmologist
HP:0007740,examination by ophthalmologist
HP:0430006,examination by ophthalmologist
HP:0000653,examination by ophthalmologist
HP:0200102,examination by ophthalmologist
HP:0001128,examination by ophthalmologist
HP:0040050,examination by ophthalmologist
HP:0040051,examination by ophthalmologist
HP:0040052,examination by ophthalmologist
HP:0040053,examination by ophthalmologist
HP:0040054,examination by ophthalmologist
HP:0040055,examination by ophthalmologist
HP:0008496,examination by ophthalmologist
HP:0040056,examination by ophthalmologist
HP:0007646,examination by ophthalmologist
HP:0009743,examination by ophthalmologist
HP:0011457,examination by ophthalmologist
HP:0007665,examination by ophthalmologist
HP:0001144,examination by ophthalmologist
HP:0030668,examination by ophthalmologist
HP:0001140,examination by ophthalmologist
HP:0000486,examination by ophthalmologist
HP:0000565,examination by ophthalmologist
HP:0031713,examination by ophthalmologist
HP:0031714,examination by ophthalmologist
HP:0031715,examination by ophthalmologist
HP:0031716,examination by ophthalmologist
HP:0031759,examination by ophthalmologist
HP:0031717,examination by ophthalmologist
HP:0031718,examination by ophthalmologist
HP:0031719,examination by ophthalmologist
HP:0032010,examination by ophthalmologist
HP:0032011,examination by ophthalmologist
HP:0032012,examination by ophthalmologist
HP:0025068,examination by ophthalmologist
HP:0025069,examination by ophthalmologist
HP:0001137,examination by ophthalmologist
HP:0031760,examination by ophthalmologist
HP:0031761,examination by ophthalmologist
HP:0031762,examination by ophthalmologist
HP:0031763,examination by ophthalmologist
HP:0031720,examination by ophthalmologist
HP:0031764,examination by ophthalmologist
HP:0031724,examination by ophthalmologist
HP:0031725,examination by ophthalmologist
HP:0031726,examination by ophthalmologist
HP:0031727,examination by ophthalmologist
HP:0031721,examination by ophthalmologist
HP:0031765,examination by ophthalmologist
HP:0031766,examination by ophthalmologist
HP:0031722,examination by ophthalmologist
HP:0031723,examination by ophthalmologist
HP:0031767,examination by ophthalmologist
HP:0000577,examination by ophthalmologist
HP:0020041,examination by ophthalmologist
HP:0020042,examination by ophthalmologist
HP:0020043,examination by ophthalmologist
HP:0020044,examination by ophthalmologist
HP:0020045,examination by ophthalmologist
HP:0020046,examination by ophthalmologist
HP:0009921,examination by ophthalmologist
HP:0020049,examination by ophthalmologist
HP:0031775,examination by ophthalmologist
HP:0500076,examination by ophthalmologist
HP:0500077,examination by ophthalmologist
HP:0500078,examination by ophthalmologist
HP:0500079,examination by ophthalmologist
HP:0031779,examination by ophthalmologist
HP:0031776,examination by ophthalmologist
HP:0031777,examination by ophthalmologist
HP:0031778,examination by ophthalmologist
HP:0031622,examination by ophthalmologist
HP:0010877,examination by ophthalmologist
HP:0025584,examination by ophthalmologist
HP:0025585,examination by ophthalmologist
HP:0025586,examination by ophthalmologist
HP:0025587,examination by ophthalmologist
HP:0025588,examination by ophthalmologist
HP:0031782,examination by ophthalmologist
HP:0025313,examination by ophthalmologist
HP:0025312,examination by ophthalmologist
HP:0031781,examination by ophthalmologist
HP:0025589,examination by ophthalmologist
HP:0032009,examination by ophthalmologist
HP:0001112,examination by ophthalmologist
HP:0007730,examination by ophthalmologist
HP:0001107,examination by ophthalmologist
HP:0001119,examination by ophthalmologist
HP:0025152,examination by ophthalmologist
HP:0200064,examination by ophthalmologist
HP:0007818,examination by ophthalmologist
HP:0001100,examination by ophthalmologist
HP:0009781,examination by ophthalmologist
HP:0025240,examination by ophthalmologist
HP:0025239,examination by ophthalmologist
HP:0031804,examination by ophthalmologist
HP:0100887,examination by ophthalmologist
HP:0007800,examination by ophthalmologist
HP:0001090,examination by ophthalmologist
HP:0000568,examination by ophthalmologist
HP:0000528,examination by ophthalmologist
HP:0011478,examination by ophthalmologist
HP:0000557,examination by ophthalmologist
HP:0007633,examination by ophthalmologist
HP:0011480,examination by ophthalmologist
HP:0011039,examination by otolaryngologist
HP:0008537,examination by otolaryngologist
HP:0031230,examination by otolaryngologist
HP:0011260,examination by otolaryngologist
HP:0011261,examination by otolaryngologist
HP:0011262,examination by otolaryngologist
HP:0031231,examination by otolaryngologist
HP:0011264,examination by otolaryngologist
HP:0009902,examination by otolaryngologist
HP:0009904,examination by otolaryngologist
HP:0009905,examination by otolaryngologist
HP:0031232,examination by otolaryngologist
HP:0008583,examination by otolaryngologist
HP:0008589,examination by otolaryngologist
HP:0100810,examination by otolaryngologist
HP:0009895,examination by otolaryngologist
HP:0008544,examination by otolaryngologist
HP:0000391,examination by otolaryngologist
HP:0009898,examination by otolaryngologist
HP:0009897,examination by otolaryngologist
HP:0009899,examination by otolaryngologist
HP:0000396,examination by otolaryngologist
HP:0008523,examination by otolaryngologist
HP:0008528,examination by otolaryngologist
HP:0030026,examination by otolaryngologist
HP:0011255,examination by otolaryngologist
HP:0011256,examination by otolaryngologist
HP:0011257,examination by otolaryngologist
HP:0031229,examination by otolaryngologist
HP:0011259,examination by otolaryngologist
HP:0011258,examination by otolaryngologist
HP:0031228,examination by otolaryngologist
HP:0008577,examination by otolaryngologist
HP:0004453,examination by otolaryngologist
HP:0008559,examination by otolaryngologist
HP:0000074,intravenous pyelogram
HP:0000071,intravenous pyelogram
HP:0000070,intravenous pyelogram
HP:0012433,examination by psychiatrist
HP:0034481,examination by psychiatrist
HP:4000081,examination by psychiatrist
HP:4000082,examination by psychiatrist
HP:4000083,examination by psychiatrist
HP:4000084,examination by psychiatrist
HP:4000085,examination by psychiatrist
HP:4000080,examination by psychiatrist
HP:4000087,examination by psychiatrist
HP:4000088,examination by psychiatrist
HP:4000089,examination by psychiatrist
HP:0012760,examination by psychiatrist
HP:0008763,examination by psychiatrist
HP:0000728,examination by psychiatrist
HP:4000090,examination by psychiatrist
HP:4000092,examination by psychiatrist
HP:4000072,examination by psychiatrist
HP:4000073,examination by psychiatrist
HP:4000074,examination by psychiatrist
HP:4000075,examination by psychiatrist
HP:0002332,examination by psychiatrist
HP:0034434,examination by psychiatrist
HP:0034435,examination by psychiatrist
HP:0034436,examination by psychiatrist
HP:0034437,examination by psychiatrist
HP:0100962,examination by psychiatrist
HP:0000735,examination by psychiatrist
HP:0000758,examination by psychiatrist
HP:0012434,examination by psychiatrist
HP:0100025,examination by psychiatrist
HP:0000817,examination by psychiatrist
HP:4000076,examination by psychiatrist
HP:0025160,examination by psychiatrist
HP:0025161,examination by psychiatrist
HP:0025162,examination by psychiatrist
HP:0100852,examination by psychiatrist
HP:0025253,examination by psychiatrist
HP:0000739,examination by psychiatrist
HP:0000756,examination by psychiatrist
HP:0000740,examination by psychiatrist
HP:0025269,examination by psychiatrist
HP:0033845,examination by psychiatrist
HP:0100878,uterine ultrasonography
HP:0008684,uterine ultrasonography
HP:0000151,uterine ultrasonography
HP:0000013,uterine ultrasonography
HP:0000136,uterine ultrasonography
HP:0100718,uterine ultrasonography
HP:0031105,uterine ultrasonography
HP:0030126,uterine ultrasonography
HP:0034326,uterine ultrasonography
HP:0031106,uterine ultrasonography
HP:0000813,uterine ultrasonography
HP:0030712,uterine ultrasonography
HP:0031909,uterine ultrasonography
HP:0025636,uterine ultrasonography
HP:0005162,echocardiography
HP:0033756,echocardiography
HP:0012663,echocardiography
HP:0012664,echocardiography
HP:0012665,echocardiography
HP:0012666,echocardiography
HP:0012667,echocardiography
HP:0034385,echocardiography
HP:0034386,echocardiography
HP:0032092,echocardiography
HP:0034313,echocardiography
HP:0034314,echocardiography
HP:0031482,echocardiography
HP:0031483,echocardiography
HP:0034307,echocardiography
HP:0025168,echocardiography
HP:0025169,echocardiography
HP:0033754,echocardiography
HP:0033755,echocardiography
HP:0002563,echocardiography
HP:0011587,echocardiography
HP:0010775,echocardiography
HP:0012020,echocardiography
HP:0011589,echocardiography
HP:0011588,echocardiography
HP:0011593,echocardiography
HP:0011598,echocardiography
HP:0011597,echocardiography
HP:0011596,echocardiography
HP:0011595,echocardiography
HP:0011594,echocardiography
HP:0031562,echocardiography
HP:0011592,echocardiography
HP:0011591,echocardiography
HP:0011590,echocardiography
HP:0031055,echocardiography
HP:0002627,echocardiography
HP:0025445,echocardiography
HP:0025446,echocardiography
HP:0025447,echocardiography
HP:0025448,echocardiography
HP:0025449,echocardiography
HP:0030957,echocardiography
HP:0030959,echocardiography
HP:0030958,echocardiography
HP:0030968,echocardiography
HP:0011720,echocardiography
HP:0033186,echocardiography
HP:0011626,echocardiography
HP:0005160,echocardiography
HP:0010772,echocardiography
HP:0010773,echocardiography
HP:0034389,echocardiography
HP:0006518,echocardiography
HP:0011719,echocardiography
HP:0005304,echocardiography
HP:0011722,echocardiography
HP:0011721,echocardiography
HP:0030967,echocardiography
HP:0005308,echocardiography
HP:0030966,echocardiography
HP:0001634,echocardiography
HP:0004764,echocardiography
HP:0004762,echocardiography
HP:0004971,echocardiography
HP:0004964,echocardiography
HP:0004952,echocardiography
HP:0004927,echocardiography
HP:0001961,echocardiography
HP:0010954,echocardiography
HP:0004383,echocardiography
HP:0011535,echocardiography
HP:0011539,echocardiography
HP:0011538,echocardiography
HP:0011537,echocardiography
HP:0011536,echocardiography
HP:0011534,echocardiography
HP:0011542,echocardiography
HP:0001696,echocardiography
HP:0011544,echocardiography
HP:0011543,echocardiography
HP:0011605,echocardiography
HP:0011540,echocardiography
HP:0031592,echocardiography
HP:0011541,echocardiography
HP:0012819,echocardiography
HP:0001638,echocardiography
HP:0012818,echocardiography
HP:0012817,echocardiography
HP:0012816,echocardiography
HP:0005157,echocardiography
HP:0011663,echocardiography
HP:0001644,echocardiography
HP:0001723,echocardiography
HP:0001670,echocardiography
HP:0005152,echocardiography
HP:0200127,echocardiography
HP:0001639,echocardiography
HP:0031992,echocardiography
HP:0011664,echocardiography
HP:0011665,echocardiography
HP:0001671,echocardiography
HP:0001684,echocardiography
HP:0010445,echocardiography
HP:0006695,echocardiography
HP:0001629,echocardiography
HP:0031297,echocardiography
HP:0011567,echocardiography
HP:0031017,echocardiography
HP:0011682,echocardiography
HP:0011683,echocardiography
HP:0001674,echocardiography
HP:0011994,echocardiography
HP:0011576,echocardiography
HP:0011577,echocardiography
HP:0011578,echocardiography
HP:0011995,echocardiography
HP:0011579,echocardiography
HP:0011684,echocardiography
HP:0011681,echocardiography
HP:0005144,echocardiography
HP:0011622,echocardiography
HP:0011621,echocardiography
HP:0010438,echocardiography
HP:0011625,echocardiography
HP:0011624,echocardiography
HP:0011623,echocardiography
HP:0001631,echocardiography
HP:0001655,echocardiography
HP:0011575,echocardiography
HP:0011581,echocardiography
HP:0025523,echocardiography
HP:0011580,echocardiography
HP:0025522,echocardiography
HP:0011571,echocardiography
HP:0034419,echocardiography
HP:0010774,echocardiography
HP:0031134,echocardiography
HP:0011566,echocardiography
HP:0005120,echocardiography
HP:0011642,echocardiography
HP:0011643,echocardiography
HP:0011644,echocardiography
HP:0011565,echocardiography
HP:0030718,echocardiography
HP:0025580,echocardiography
HP:0031783,echocardiography
HP:0005156,echocardiography
HP:0031294,echocardiography
HP:0031295,echocardiography
HP:0031296,echocardiography
HP:0031298,echocardiography
HP:0033138,echocardiography
HP:0025579,echocardiography
HP:0001633,echocardiography
HP:0004382,echocardiography
HP:0011572,echocardiography
HP:0011560,echocardiography
HP:0033642,echocardiography
HP:0011564,echocardiography
HP:0031478,echocardiography
HP:0031479,echocardiography
HP:0011568,echocardiography
HP:0011569,echocardiography
HP:0005136,echocardiography
HP:0031480,echocardiography
HP:0001718,echocardiography
HP:0011570,echocardiography
HP:0011574,echocardiography
HP:0001702,echocardiography
HP:0001704,echocardiography
HP:0011662,echocardiography
HP:0011573,echocardiography
HP:0010316,echocardiography
HP:0030719,echocardiography
HP:0006692,echocardiography
HP:0030732,echocardiography
HP:0031441,echocardiography
HP:0031442,echocardiography
HP:0031443,echocardiography
HP:0031444,echocardiography
HP:0001750,echocardiography
HP:0011680,echocardiography
HP:0011555,echocardiography
HP:0011556,echocardiography
HP:0011558,echocardiography
HP:0011559,echocardiography
HP:0011557,echocardiography
HP:0011546,echocardiography
HP:0011551,echocardiography
HP:0011552,echocardiography
HP:0011553,echocardiography
HP:0011554,echocardiography
HP:0011547,echocardiography
HP:0011548,echocardiography
HP:0011549,echocardiography
HP:0011561,echocardiography
HP:0011562,echocardiography
HP:0011550,echocardiography
HP:0011563,echocardiography
HP:0031349,echocardiography
HP:0011652,echocardiography
HP:0011653,echocardiography
HP:0011654,echocardiography
HP:0011655,echocardiography
HP:0011656,echocardiography
HP:0011657,echocardiography
HP:0011658,echocardiography
HP:0011659,echocardiography
HP:0011651,echocardiography
HP:0001636,echocardiography
HP:0001710,echocardiography
HP:0001669,echocardiography
HP:0001719,echocardiography
HP:0011676,echocardiography
HP:0011677,echocardiography
HP:0012516,echocardiography
HP:0011679,echocardiography
HP:0011678,echocardiography
HP:0031348,echocardiography
HP:0011545,echocardiography
HP:0011649,echocardiography
HP:0001643,echocardiography
HP:0011650,echocardiography
HP:0011648,echocardiography
HP:0011628,echocardiography
HP:0011630,echocardiography
HP:0011631,echocardiography
HP:0011632,echocardiography
HP:0011633,echocardiography
HP:0011634,echocardiography
HP:0011635,echocardiography
HP:0011629,echocardiography
HP:0034325,echocardiography
HP:0034330,echocardiography
HP:0034331,echocardiography
HP:0011603,echocardiography
HP:0001660,echocardiography
HP:0011604,echocardiography
HP:0011608,echocardiography
HP:0011609,echocardiography
HP:0004384,echocardiography
HP:0011610,echocardiography
HP:0030745,echocardiography
HP:0001642,echocardiography
HP:0034350,echocardiography
HP:0034348,echocardiography
HP:0034349,echocardiography
HP:0045017,echocardiography
HP:0031650,echocardiography
HP:0005180,echocardiography
HP:0031481,echocardiography
HP:0010446,echocardiography
HP:0031651,echocardiography
HP:0031656,echocardiography
HP:0034376,echocardiography
HP:0034377,echocardiography
HP:0001653,echocardiography
HP:0025578,echocardiography
HP:0001693,echocardiography
HP:0012382,echocardiography
HP:0001694,echocardiography
HP:0012383,echocardiography
HP:0001682,echocardiography
HP:0005174,echocardiography
HP:0001691,echocardiography
HP:0001698,echocardiography
HP:0011853,echocardiography
HP:0011852,echocardiography
HP:0011851,echocardiography
HP:0001714,echocardiography
HP:0005129,echocardiography
HP:0200128,echocardiography
HP:0001712,echocardiography
HP:0001667,echocardiography
HP:0031652,echocardiography
HP:0001659,echocardiography
HP:0004381,echocardiography
HP:0001650,echocardiography
HP:0031567,echocardiography
HP:0031118,echocardiography
HP:0031117,echocardiography
HP:0001647,echocardiography
HP:0031569,echocardiography
HP:0031568,echocardiography
HP:0012561,echocardiography
HP:0031655,echocardiography
HP:0031121,echocardiography
HP:0031120,echocardiography
HP:0031122,echocardiography
HP:0031119,echocardiography
HP:0001646,echocardiography
HP:0033538,echocardiography
HP:0033641,echocardiography
HP:0004380,echocardiography
HP:0010883,echocardiography
HP:0005176,echocardiography
HP:0001654,echocardiography
HP:0006691,echocardiography
HP:0005148,echocardiography
HP:0005146,echocardiography
HP:0005182,echocardiography
HP:0010882,echocardiography
HP:0005134,echocardiography
HP:0006705,echocardiography
HP:0005164,echocardiography
HP:0031566,echocardiography
HP:0001641,echocardiography
HP:0006694,echocardiography
HP:0033118,echocardiography
HP:0001708,echocardiography
HP:0033119,echocardiography
HP:0001705,echocardiography
HP:0001707,echocardiography
HP:0001713,echocardiography
HP:0001711,echocardiography
HP:0011103,echocardiography
HP:0031971,echocardiography
HP:0033528,echocardiography
HP:0033530,echocardiography
HP:0033529,echocardiography
HP:0033532,echocardiography
HP:0033531,echocardiography
HP:0033533,echocardiography
HP:0030681,echocardiography
HP:0031196,echocardiography
HP:0031195,echocardiography
HP:0031194,echocardiography
HP:0031193,echocardiography
HP:0031192,echocardiography
HP:0030682,echocardiography
HP:0100584,echocardiography
HP:0011714,echocardiography
HP:0006689,echocardiography
HP:0001407,liver ultrasonography
HP:0100523,liver ultrasonography
HP:0031140,liver ultrasonography
HP:0031141,liver ultrasonography
HP:0031145,liver ultrasonography
HP:0031144,liver ultrasonography
HP:0031143,liver ultrasonography
HP:0031142,liver ultrasonography
HP:0025718,musculoskeletal ultrasonography
HP:0010515,neck ultrasonography
HP:0005359,neck ultrasonography
HP:0000778,neck ultrasonography
HP:0000777,neck ultrasonography
HP:0010516,neck ultrasonography
HP:0010517,neck ultrasonography
HP:0011766,neck ultrasonography
HP:0008208,neck ultrasonography
HP:0000860,neck ultrasonography
HP:0011769,neck ultrasonography
HP:0011768,neck ultrasonography
HP:0008211,neck ultrasonography
HP:0012094,pancreatic ultrasonography
HP:0006277,pancreatic ultrasonography
HP:0030992,pancreatic ultrasonography
HP:0030993,pancreatic ultrasonography
HP:0100732,pancreatic ultrasonography
HP:0006276,pancreatic ultrasonography
HP:0012872,scrotal ultrasonography
HP:0012873,scrotal ultrasonography
HP:0034478,scrotal ultrasonography
HP:0033808,scrotal ultrasonography
HP:0002021,stomach ultrasonography
HP:0025388,thyroid ultrasonography
HP:0000853,thyroid ultrasonography
HP:0005994,thyroid ultrasonography
HP:0009798,thyroid ultrasonography
HP:0011773,thyroid ultrasonography
HP:0000866,thyroid ultrasonography
HP:0008251,thyroid ultrasonography
HP:0005987,thyroid ultrasonography
HP:0033079,thyroid ultrasonography
HP:0005990,thyroid ultrasonography
HP:0008191,thyroid ultrasonography
HP:0011780,thyroid ultrasonography
HP:0000021,bladder ultrasonography
HP:0000016,bladder ultrasonography
HP:0025489,bladder ultrasonography
HP:0000015,bladder ultrasonography
HP:0012619,bladder ultrasonography
HP:0008691,bladder ultrasonography
HP:0010955,bladder ultrasonography
HP:0008635,bladder ultrasonography
HP:0032465,bladder ultrasonography
HP:0031261,bladder ultrasonography
HP:0010476,bladder ultrasonography
HP:0005343,bladder ultrasonography
HP:0010474,bladder ultrasonography
HP:0000148,vaginal ultrasonography
HP:0040314,vaginal ultrasonography
HP:0100877,renal ultrasonography
HP:0008678,renal ultrasonography
HP:0000089,renal ultrasonography
HP:0000122,renal ultrasonography
HP:0010958,renal ultrasonography
HP:0000104,renal ultrasonography
HP:0012584,renal ultrasonography
HP:0012583,renal ultrasonography
HP:0100542,renal ultrasonography
HP:0000125,renal ultrasonography
HP:0004736,renal ultrasonography
HP:0000086,renal ultrasonography
HP:0000085,renal ultrasonography
HP:0034235,renal ultrasonography
HP:0034234,renal ultrasonography
HP:0034233,renal ultrasonography
HP:0034232,renal ultrasonography
HP:0034231,renal ultrasonography
HP:0034230,renal ultrasonography
HP:0011126,renal ultrasonography
HP:0004742,renal ultrasonography
HP:0000081,renal ultrasonography
HP:0011130,renal ultrasonography
HP:0100581,renal ultrasonography
HP:0025359,renal ultrasonography
HP:0025360,renal ultrasonography
HP:0000075,renal ultrasonography
HP:0005580,renal ultrasonography
HP:0008738,renal ultrasonography
HP:0025327,renal ultrasonography
HP:0000121,renal ultrasonography
HP:0000113,renal ultrasonography
HP:0000126,renal ultrasonography
HP:0000107,renal ultrasonography
HP:0000105,renal ultrasonography
HP:0033130,renal ultrasonography
HP:0033131,renal ultrasonography
HP:0033132,renal ultrasonography
HP:0004719,renal ultrasonography
HP:0033133,renal ultrasonography
HP:0004724,renal ultrasonography
HP:0008672,renal ultrasonography
HP:0012580,renal ultrasonography
HP:0000787,renal ultrasonography
HP:0000791,renal ultrasonography
HP:0000804,renal ultrasonography
HP:0008651,renal ultrasonography
HP:0030035,renal ultrasonography
HP:0033591,renal ultrasonography
HP:0000803,renal ultrasonography
HP:0012581,renal ultrasonography
HP:0005562,renal ultrasonography
HP:0032963,renal ultrasonography
HP:0000800,renal ultrasonography
HP:0010944,renal ultrasonography
HP:0008714,renal ultrasonography
HP:0033836,renal ultrasonography
HP:0033935,renal ultrasonography
HP:0033936,renal ultrasonography
HP:0033937,renal ultrasonography
HP:0033883,renal ultrasonography
HP:0033884,renal ultrasonography
HP:0033885,renal ultrasonography
HP:0033887,renal ultrasonography
HP:0033888,renal ultrasonography
HP:0031684,renal ultrasonography
HP:0033912,renal ultrasonography
HP:0033913,renal ultrasonography
HP:0033911,renal ultrasonography
HP:0031922,renal ultrasonography
HP:0033950,renal ultrasonography
HP:0033951,renal ultrasonography
HP:0033952,renal ultrasonography
HP:0033954,renal ultrasonography
HP:0033953,renal ultrasonography
HP:0033957,renal ultrasonography
HP:0033958,renal ultrasonography
HP:0033959,renal ultrasonography
HP:0033956,renal ultrasonography
HP:0033955,renal ultrasonography
HP:0033960,renal ultrasonography
HP:0033961,renal ultrasonography
HP:0033962,renal ultrasonography
HP:0033261,renal ultrasonography
HP:0033835,renal ultrasonography
HP:0033926,renal ultrasonography
HP:0033880,renal ultrasonography
HP:0033881,renal ultrasonography
HP:0033882,renal ultrasonography
HP:0033889,renal ultrasonography
HP:0033934,renal ultrasonography
HP:0033938,renal ultrasonography
HP:0033939,renal ultrasonography
HP:0033890,renal ultrasonography
HP:0033891,renal ultrasonography
HP:0033892,renal ultrasonography
HP:0033893,renal ultrasonography
HP:0033894,renal ultrasonography
HP:0033895,renal ultrasonography
HP:0033940,renal ultrasonography
HP:0033941,renal ultrasonography
HP:0033942,renal ultrasonography
HP:0033943,renal ultrasonography
HP:0033944,renal ultrasonography
HP:0033945,renal ultrasonography
HP:0033946,renal ultrasonography
HP:0033947,renal ultrasonography
HP:0033963,renal ultrasonography
HP:0033964,renal ultrasonography
HP:0033965,renal ultrasonography
HP:0033966,renal ultrasonography
HP:0033967,renal ultrasonography
HP:0033968,renal ultrasonography
HP:0033969,renal ultrasonography
HP:0033970,renal ultrasonography
HP:0033971,renal ultrasonography
HP:0033972,renal ultrasonography
HP:0033973,renal ultrasonography
HP:0033974,renal ultrasonography
HP:0033852,renal ultrasonography
HP:0033853,renal ultrasonography
HP:0033854,renal ultrasonography
HP:0033855,renal ultrasonography
HP:0033856,renal ultrasonography
HP:0033857,renal ultrasonography
HP:0033858,renal ultrasonography
HP:0033859,renal ultrasonography
HP:0033900,renal ultrasonography
HP:0033904,renal ultrasonography
HP:0033906,renal ultrasonography
HP:0033907,renal ultrasonography
HP:0033908,renal ultrasonography
HP:0033909,renal ultrasonography
HP:0033860,renal ultrasonography
HP:0033861,renal ultrasonography
HP:0033862,renal ultrasonography
HP:0033863,renal ultrasonography
HP:0033864,renal ultrasonography
HP:0033865,renal ultrasonography
HP:0033866,renal ultrasonography
HP:0033867,renal ultrasonography
HP:0033868,renal ultrasonography
HP:0033869,renal ultrasonography
HP:0033910,renal ultrasonography
HP:0033916,renal ultrasonography
HP:0033917,renal ultrasonography
HP:0033918,renal ultrasonography
HP:0033919,renal ultrasonography
HP:0033870,renal ultrasonography
HP:0033871,renal ultrasonography
HP:0033872,renal ultrasonography
HP:0033873,renal ultrasonography
HP:0033874,renal ultrasonography
HP:0033875,renal ultrasonography
HP:0033876,renal ultrasonography
HP:0033877,renal ultrasonography
HP:0033878,renal ultrasonography
HP:0033879,renal ultrasonography
HP:0033920,renal ultrasonography
HP:0033921,renal ultrasonography
HP:0033922,renal ultrasonography
HP:0033923,renal ultrasonography
HP:0033924,renal ultrasonography
HP:0033925,renal ultrasonography
HP:0012163,carotid ultrasonography
HP:0100546,carotid ultrasonography
HP:0012474,carotid ultrasonography
HP:0031157,carotid ultrasonography
HP:0000073,pelvis ultrasonography
HP:0011026,pelvis ultrasonography
HP:0012673,pelvis ultrasonography
HP:0012674,pelvis ultrasonography
HP:0003250,pelvis ultrasonography
HP:0008726,pelvis ultrasonography
HP:0000809,pelvis ultrasonography
HP:0012885,pelvis ultrasonography
HP:0012883,pelvis ultrasonography
HP:0012572,pelvis ultrasonography
HP:0012571,pelvis ultrasonography
HP:0008776,pelvis ultrasonography
HP:0008705,pelvis ultrasonography
HP:0031086,pelvis ultrasonography
HP:0025128,abdominal CT
HP:0025154,abdominal CT
HP:0410259,abdominal CT
HP:0025408,abdominal CT
HP:0003363,abdominal CT
HP:0030996,abdominal CT
HP:0030995,abdominal CT
HP:0030994,abdominal CT
HP:0100592,abdominal CT
HP:0034493,abdominal CT
HP:0002256,abdominal CT
HP:0004786,abdominal CT
HP:0004800,abdominal CT
HP:0004799,abdominal CT
HP:0011100,abdominal CT
HP:0011102,abdominal CT
HP:0004797,abdominal CT
HP:0005235,abdominal CT
HP:0010448,abdominal CT
HP:0002247,abdominal CT
HP:0200116,abdominal CT
HP:0004790,abdominal CT
HP:0002245,abdominal CT
HP:0005222,abdominal CT
HP:0002253,abdominal CT
HP:0100752,abdominal CT
HP:0100668,abdominal CT
HP:0005223,abdominal CT
HP:0025079,abdominal CT
HP:0025059,abdominal CT
HP:0025061,abdominal CT
HP:0025060,abdominal CT
HP:0025043,abdominal CT
HP:0025042,abdominal CT
HP:0001080,abdominal CT
HP:0034188,abdominal CT
HP:0034181,abdominal CT
HP:0034182,abdominal CT
HP:0012739,abdominal CT
HP:0011466,abdominal CT
HP:0011467,abdominal CT
HP:0011984,abdominal CT
HP:0005233,abdominal CT
HP:0000775,abdominal CT
HP:0012848,abdominal CT
HP:0000835,abdominal CT
HP:0008239,abdominal CT
HP:0008244,abdominal CT
HP:0010991,abdominal CT
HP:0001540,abdominal CT
HP:0010318,abdominal CT
HP:0005243,abdominal CT
HP:0005247,abdominal CT
HP:0005199,abdominal CT
HP:0011620,abdominal CT
HP:0031565,abdominal CT
HP:0034352,abdominal CT
HP:0012223,abdominal CT
HP:0012327,abdominal CT
HP:0012326,abdominal CT
HP:0033982,abdominal CT
HP:0001734,abdominal CT
HP:0001737,abdominal CT
HP:0011140,abdominal CT
HP:0000121,abdominal CT
HP:0012409,abdominal CT
HP:0008327,abdominal CT
HP:0012408,abdominal CT
HP:0010451,abdominal CT
HP:0006270,abdominal CT
HP:0001746,abdominal CT
HP:0009799,abdominal CT
HP:0001748,abdominal CT
HP:0001747,abdominal CT
HP:0012585,abdominal CT
HP:0008717,abdominal CT
HP:0012586,abdominal CT
HP:0000110,abdominal CT
HP:0008718,abdominal CT
HP:0012582,abdominal CT
HP:0032619,abdominal CT
HP:0032620,abdominal CT
HP:0031226,abdominal CT
HP:0010452,abdominal CT
HP:0011742,abdominal CT
HP:0008216,abdominal CT
HP:0011743,abdominal CT
HP:0033135,abdominal CT
HP:0100631,abdominal CT
HP:0034549,abdominal CT
HP:0500047,head CT
HP:0500037,head CT
HP:0011396,head CT
HP:0034585,head CT
HP:0025179,lung CT
HP:0025178,lung CT
HP:0031457,lung CT
HP:0025395,lung CT
HP:0033656,lung CT
HP:0033650,lung CT
HP:0032971,lung CT
HP:0032177,lung CT
HP:0033702,lung CT
HP:0032983,lung CT
HP:0025422,lung CT
HP:0032445,lung CT
HP:0025725,lung CT
HP:0005948,lung CT
HP:0006552,lung CT
HP:0100730,lung CT
HP:0025726,lung CT
HP:0025727,lung CT
HP:0010959,lung CT
HP:0006703,lung CT
HP:0002089,lung CT
HP:0033210,lung CT
HP:0033209,lung CT
HP:0030707,lung CT
HP:0005944,lung CT
HP:0100750,lung CT
HP:0033658,lung CT
HP:0033657,lung CT
HP:0002118,brain CT
HP:0010661,brain CT
HP:0001334,brain CT
HP:0007082,brain CT
HP:0002190,brain CT
HP:0007100,brain CT
HP:0002198,brain CT
HP:0002410,brain CT
HP:0100960,brain CT
HP:0006956,brain CT
HP:0010950,brain CT
HP:0032578,brain CT
HP:0000238,brain CT
HP:0001305,brain CT
HP:0002119,brain CT
HP:0002416,brain CT
HP:0010951,brain CT
HP:0010953,brain CT
HP:0010952,brain CT
HP:0007376,brain CT
HP:0006882,brain CT
HP:0006960,brain CT
HP:0002343,brain CT
HP:0100311,brain CT
HP:0012422,brain CT
HP:0100952,brain CT
HP:0030047,brain CT
HP:0030048,brain CT
HP:0100951,brain CT
HP:0012703,brain CT
HP:0100953,brain CT
HP:0012704,brain CT
HP:0002138,brain CT
HP:0012765,brain CT
HP:0012766,brain CT
HP:0032327,brain CT
HP:0100954,brain CT
HP:0002461,brain CT
HP:0002472,brain CT
HP:0031421,brain CT
HP:0002436,brain CT
HP:0025163,brain CT
HP:0034008,brain CT
HP:0034311,brain CT
HP:0002679,brain CT
HP:0100857,brain CT
HP:0002681,brain CT
HP:0002680,brain CT
HP:0005449,brain CT
HP:0040304,brain CT
HP:0005723,brain CT
HP:0005463,brain CT
HP:0002690,brain CT
HP:0010538,brain CT
HP:0002514,brain CT
HP:0002135,brain CT
HP:0005462,brain CT
HP:0100250,brain CT
HP:0006906,brain CT
HP:0007229,brain CT
HP:0007238,brain CT
HP:0005849,brain CT
HP:0034293,brain CT
HP:0007045,brain CT
HP:0007346,brain CT
HP:0005671,brain CT
HP:0010513,brain CT
HP:0002504,brain CT
HP:0002699,brain CT
HP:0002677,brain CT
HP:0002700,brain CT
HP:0001342,brain CT
HP:0004968,brain CT
HP:0007023,brain CT
HP:0100547,brain CT
HP:0002132,brain CT
HP:0002170,brain CT
HP:0034210,brain CT
HP:0034211,brain CT
HP:0034212,brain CT
HP:0034213,brain CT
HP:0034214,brain CT
HP:0034215,brain CT
HP:0034216,brain CT
HP:0034218,brain CT
HP:0034219,brain CT
HP:0100309,brain CT
HP:0030750,brain CT
HP:0030751,brain CT
HP:0034208,brain CT
HP:0034209,brain CT
HP:0011695,brain CT
HP:0100310,brain CT
HP:0030746,brain CT
HP:0030747,brain CT
HP:0030748,brain CT
HP:0030749,brain CT
HP:0100700,brain CT
HP:0009745,brain CT
HP:0100702,brain CT
HP:0034454,brain CT
HP:0100701,brain CT
HP:0005445,brain CT
HP:0002280,brain CT
HP:0012680,brain CT
HP:0034221,brain CT
HP:0034222,brain CT
HP:0025722,brain CT
HP:0025421,chest CT
HP:0025419,chest CT
HP:0002107,chest CT
HP:0002108,chest CT
HP:0004876,chest CT
HP:0005939,chest CT
HP:0006522,chest CT
HP:0002103,chest CT
HP:0032994,chest CT
HP:0032993,chest CT
HP:0032992,chest CT
HP:0011921,chest CT
HP:0011920,chest CT
HP:0033398,chest CT
HP:0002202,chest CT
HP:0011919,chest CT
HP:0010310,chest CT
HP:0032991,chest CT
HP:0031944,chest CT
HP:0032995,chest CT
HP:0002101,chest CT
HP:0033255,chest CT
HP:0033183,chest CT
HP:0011861,chest CT
HP:0033998,chest CT
HP:0033242,chest CT
HP:0002113,chest CT
HP:0002207,chest CT
HP:0005828,chest CT
HP:0100721,chest CT
HP:0100682,chest CT
HP:0025044,chest CT
HP:0100632,chest CT
HP:0006544,chest CT
HP:0011278,chest CT
HP:0004937,chest CT
HP:0004935,chest CT
HP:0033655,chest CT
HP:0034015,chest CT
HP:0033831,chest CT
HP:0009110,chest CT
HP:0004307,chest CT
HP:0011599,chest CT
HP:0001683,chest CT
HP:0011582,chest CT
HP:0011583,chest CT
HP:0011584,chest CT
HP:0011585,chest CT
HP:0011586,chest CT
HP:0001651,chest CT
HP:0011600,chest CT
HP:0011601,chest CT
HP:0011602,chest CT
HP:0034388,chest CT
HP:0045027,chest CT
HP:0045026,chest CT
HP:0034501,chest CT
HP:0034502,chest CT
HP:0010315,chest CT
HP:0040044,chest CT
HP:0008986,chest CT
HP:0010306,chest CT
HP:0011617,chest CT
HP:0011619,chest CT
HP:0011618,chest CT
HP:0011615,chest CT
HP:0011616,chest CT
HP:0033007,chest CT
HP:0025695,chest CT
HP:0001640,chest CT
HP:0001717,chest CT
HP:0033706,chest CT
HP:0033608,chest CT
HP:0033620,chest CT
HP:0033610,chest CT
HP:0033611,chest CT
HP:0033612,chest CT
HP:0033613,chest CT
HP:0033619,chest CT
HP:0033609,chest CT
HP:0033648,chest CT
HP:0033651,chest CT
HP:0033654,chest CT
HP:0033663,chest CT
HP:0033670,chest CT
HP:0033823,chest CT
HP:0033825,chest CT
HP:0033826,chest CT
HP:0033827,chest CT
HP:0033828,chest CT
HP:0033829,chest CT
HP:0033822,chest CT
HP:0033821,chest CT
HP:0033824,chest CT
HP:0033830,chest CT
HP:0033280,chest CT
HP:0002689,skull CT
HP:0005456,skull CT
HP:0002687,skull CT
HP:0002738,skull CT
HP:0002688,skull CT
HP:0005478,skull CT
HP:0009119,skull CT
HP:0002703,skull CT
HP:0005451,skull CT
HP:0004331,skull CT
HP:0004563,skull CT
HP:0004330,skull CT
HP:0002084,skull CT
HP:0006992,skull CT
HP:0004423,skull CT
HP:0002085,skull CT
HP:0007330,skull CT
HP:0011816,skull CT
HP:0011817,skull CT
HP:0011818,skull CT
HP:0007035,skull CT
HP:0007115,skull CT
HP:0004478,skull CT
HP:0006888,skull CT
HP:0005906,skull CT
HP:0011329,skull CT
HP:0004492,skull CT
HP:0000270,skull CT
HP:0005441,skull CT
HP:0005442,skull CT
HP:0005487,skull CT
HP:0004474,skull CT
HP:0011223,skull CT
HP:0010537,skull CT
HP:0005495,skull CT
HP:0005476,skull CT
HP:0005556,skull CT
HP:0011330,skull CT
HP:0012800,skull CT
HP:0010823,skull CT
HP:0011475,skull CT
HP:0008628,skull CT
HP:0000362,skull CT
HP:0000381,skull CT
HP:0200111,skull CT
HP:0011456,skull CT
HP:0007943,skull CT
HP:0011454,skull CT
HP:0011455,skull CT
HP:0004452,skull CT
HP:0009910,skull CT
HP:0005473,skull CT
HP:0011453,skull CT
HP:0009120,skull CT
HP:0005453,skull CT
HP:0006784,skull CT
HP:0000264,skull CT
HP:0000265,skull CT
HP:0010724,skull CT
HP:0012761,skull CT
HP:0009116,skull CT
HP:0002693,skull CT
HP:0000930,skull CT
HP:0009752,skull CT
HP:0000245,skull CT
HP:0010540,skull CT
HP:3000040,skull CT
HP:0430022,skull CT
HP:0430023,skull CT
HP:0034494,skull CT
HP:0012158,CT angiogram
HP:0012160,CT angiogram
HP:0012161,CT angiogram
HP:0012162,CT angiogram
HP:0004945,CT angiogram
HP:0012159,CT angiogram
HP:0002580,abdominal radiographic procedure
HP:0002578,abdominal radiographic procedure
HP:0002595,abdominal radiographic procedure
HP:0010676,abdominal radiographic procedure
HP:0004401,abdominal radiographic procedure
HP:0002590,abdominal radiographic procedure
HP:0002566,abdominal radiographic procedure
HP:0005211,abdominal radiographic procedure
HP:0004794,abdominal radiographic procedure
HP:0004785,abdominal radiographic procedure
HP:0100867,abdominal radiographic procedure
HP:0000889,chest radiograph procedure
HP:0000890,chest radiograph procedure
HP:0006710,chest radiograph procedure
HP:0006638,chest radiograph procedure
HP:0006660,chest radiograph procedure
HP:0000905,chest radiograph procedure
HP:0006608,chest radiograph procedure
HP:0100923,chest radiograph procedure
HP:0010560,chest radiograph procedure
HP:0006587,chest radiograph procedure
HP:0000916,chest radiograph procedure
HP:0006645,chest radiograph procedure
HP:0006585,chest radiograph procedure
HP:0000894,chest radiograph procedure
HP:0000895,chest radiograph procedure
HP:0041144,chest radiograph procedure
HP:0025681,chest radiograph procedure
HP:0034187,chest radiograph procedure
HP:0041200,chest radiograph procedure
HP:0041116,chest radiograph procedure
HP:0041115,chest radiograph procedure
HP:0006599,chest radiograph procedure
HP:0006530,chest radiograph procedure
HP:0025393,chest radiograph procedure
HP:0025394,chest radiograph procedure
HP:0025390,chest radiograph procedure
HP:0025396,chest radiograph procedure
HP:0025397,chest radiograph procedure
HP:0025398,chest radiograph procedure
HP:0025399,chest radiograph procedure
HP:0033638,chest radiograph procedure
HP:0011945,chest radiograph procedure
HP:0011946,chest radiograph procedure
HP:0033364,chest radiograph procedure
HP:0033365,chest radiograph procedure
HP:0033366,chest radiograph procedure
HP:0033582,chest radiograph procedure
HP:0033583,chest radiograph procedure
HP:0033584,chest radiograph procedure
HP:0033585,chest radiograph procedure
HP:0033586,chest radiograph procedure
HP:0032071,chest radiograph procedure
HP:0030250,chest radiograph procedure
HP:0033550,chest radiograph procedure
HP:0033551,chest radiograph procedure
HP:0033244,chest radiograph procedure
HP:0033243,chest radiograph procedure
HP:0033247,chest radiograph procedure
HP:0033248,chest radiograph procedure
HP:0031950,chest radiograph procedure
HP:0030879,chest radiograph procedure
HP:0033371,chest radiograph procedure
HP:0032972,chest radiograph procedure
HP:0033375,chest radiograph procedure
HP:0025400,chest radiograph procedure
HP:0006515,chest radiograph procedure
HP:0006516,chest radiograph procedure
HP:0033344,chest radiograph procedure
HP:0033711,chest radiograph procedure
HP:0002206,chest radiograph procedure
HP:0025389,chest radiograph procedure
HP:0033537,chest radiograph procedure
HP:0033539,chest radiograph procedure
HP:0006527,chest radiograph procedure
HP:0550005,chest radiograph procedure
HP:0025172,chest radiograph procedure
HP:0005942,chest radiograph procedure
HP:0025174,chest radiograph procedure
HP:0025175,chest radiograph procedure
HP:0025176,chest radiograph procedure
HP:0025177,chest radiograph procedure
HP:0025173,chest radiograph procedure
HP:0025391,chest radiograph procedure
HP:0025392,chest radiograph procedure
HP:0100818,chest radiograph procedure
HP:0100892,chest radiograph procedure
HP:0100891,chest radiograph procedure
HP:0100894,chest radiograph procedure
HP:0002650,chest radiograph procedure
HP:0003423,chest radiograph procedure
HP:0002751,chest radiograph procedure
HP:0002943,chest radiograph procedure
HP:0002944,chest radiograph procedure
HP:0008458,chest radiograph procedure
HP:0005659,chest radiograph procedure
HP:0004619,chest radiograph procedure
HP:0004626,chest radiograph procedure
HP:0100884,chest radiograph procedure
HP:0008453,chest radiograph procedure
HP:0012151,chest radiograph procedure
HP:0002787,chest radiograph procedure
HP:0100598,chest radiograph procedure
HP:0001547,chest radiograph procedure
HP:0034047,chest radiograph procedure
HP:0006606,chest radiograph procedure
HP:0006603,chest radiograph procedure
HP:0000919,chest radiograph procedure
HP:0006600,chest radiograph procedure
HP:0006644,chest radiograph procedure
HP:0000914,chest radiograph procedure
HP:0000913,chest radiograph procedure
HP:0006641,chest radiograph procedure
HP:0006640,chest radiograph procedure
HP:0000910,chest radiograph procedure
HP:0040059,chest radiograph procedure
HP:0100625,chest radiograph procedure
HP:0006593,chest radiograph procedure
HP:0012307,chest radiograph procedure
HP:0000773,chest radiograph procedure
HP:0000772,chest radiograph procedure
HP:0000904,chest radiograph procedure
HP:0000907,chest radiograph procedure
HP:0030282,chest radiograph procedure
HP:0030280,chest radiograph procedure
HP:0000902,chest radiograph procedure
HP:0000900,chest radiograph procedure
HP:0006589,chest radiograph procedure
HP:0000897,chest radiograph procedure
HP:0000893,chest radiograph procedure
HP:0000892,chest radiograph procedure
HP:0000891,chest radiograph procedure
HP:0006712,chest radiograph procedure
HP:0006623,chest radiograph procedure
HP:0001555,chest radiograph procedure
HP:0006668,chest radiograph procedure
HP:0001552,chest radiograph procedure
HP:0006665,chest radiograph procedure
HP:0005259,chest radiograph procedure
HP:0001591,chest radiograph procedure
HP:0005253,chest radiograph procedure
HP:0000885,chest radiograph procedure
HP:0010561,chest radiograph procedure
HP:0000888,chest radiograph procedure
HP:0000887,chest radiograph procedure
HP:0000886,chest radiograph procedure
HP:0005820,chest radiograph procedure
HP:0000883,chest radiograph procedure
HP:0006657,chest radiograph procedure
HP:0006655,chest radiograph procedure
HP:0000923,chest radiograph procedure
HP:0000922,chest radiograph procedure
HP:0000921,chest radiograph procedure
HP:0000920,chest radiograph procedure
HP:0005815,chest radiograph procedure
HP:0030300,chest radiograph procedure
HP:0000878,chest radiograph procedure
HP:0004969,chest radiograph procedure
HP:0033647,chest radiograph procedure
HP:0033662,chest radiograph procedure
HP:0033661,chest radiograph procedure
HP:0033671,chest radiograph procedure
HP:0003367,lower limb radiographic procedure
HP:0002812,lower limb radiographic procedure
HP:0100864,lower limb radiographic procedure
HP:0033985,lower limb radiographic procedure
HP:0033102,lower limb radiographic procedure
HP:0006429,lower limb radiographic procedure
HP:0008819,lower limb radiographic procedure
HP:0010665,lower limb radiographic procedure
HP:0002673,lower limb radiographic procedure
HP:0002992,lower limb radiographic procedure
HP:0031173,lower limb radiographic procedure
HP:0010890,lower limb radiographic procedure
HP:0012284,lower limb radiographic procedure
HP:0006379,lower limb radiographic procedure
HP:0005736,lower limb radiographic procedure
HP:0100535,lower limb radiographic procedure
HP:0041089,lower limb radiographic procedure
HP:0006508,lower limb radiographic procedure
HP:0006390,lower limb radiographic procedure
HP:0005772,lower limb radiographic procedure
HP:0003832,lower limb radiographic procedure
HP:0003833,lower limb radiographic procedure
HP:0006414,lower limb radiographic procedure
HP:0005929,lower limb radiographic procedure
HP:0006456,lower limb radiographic procedure
HP:0009736,lower limb radiographic procedure
HP:0041143,lower limb radiographic procedure
HP:0010592,lower limb radiographic procedure
HP:0010591,lower limb radiographic procedure
HP:0034373,lower limb radiographic procedure
HP:0034372,lower limb radiographic procedure
HP:0005766,lower limb radiographic procedure
HP:0100694,lower limb radiographic procedure
HP:0009556,lower limb radiographic procedure
HP:0005892,lower limb radiographic procedure
HP:0010504,lower limb radiographic procedure
HP:0002982,lower limb radiographic procedure
HP:0006426,lower limb radiographic procedure
HP:0031260,lower limb radiographic procedure
HP:0002857,lower limb radiographic procedure
HP:0100531,lower limb radiographic procedure
HP:0005928,lower limb radiographic procedure
HP:0100491,lower limb radiographic procedure
HP:0002823,lower limb radiographic procedure
HP:0006499,lower limb radiographic procedure
HP:0006384,lower limb radiographic procedure
HP:0030772,lower limb radiographic procedure
HP:0031846,lower limb radiographic procedure
HP:0005096,lower limb radiographic procedure
HP:0006438,lower limb radiographic procedure
HP:0008796,lower limb radiographic procedure
HP:0006437,lower limb radiographic procedure
HP:0005090,lower limb radiographic procedure
HP:0006432,lower limb radiographic procedure
HP:0012283,lower limb radiographic procedure
HP:0004975,lower limb radiographic procedure
HP:0003097,lower limb radiographic procedure
HP:0006361,lower limb radiographic procedure
HP:0005613,lower limb radiographic procedure
HP:0002980,lower limb radiographic procedure
HP:0031171,lower limb radiographic procedure
HP:0031069,lower limb radiographic procedure
HP:0010443,lower limb radiographic procedure
HP:0006408,lower limb radiographic procedure
HP:0006407,lower limb radiographic procedure
HP:0006406,lower limb radiographic procedure
HP:0012427,lower limb radiographic procedure
HP:0031163,lower limb radiographic procedure
HP:0012744,lower limb radiographic procedure
HP:0005005,lower limb radiographic procedure
HP:0006398,lower limb radiographic procedure
HP:0010590,lower limb radiographic procedure
HP:0004987,lower limb radiographic procedure
HP:0003045,lower limb radiographic procedure
HP:0006378,lower limb radiographic procedure
HP:0034186,lower limb radiographic procedure
HP:0006498,lower limb radiographic procedure
HP:0006369,lower limb radiographic procedure
HP:0033308,lower limb radiographic procedure
HP:0010498,lower limb radiographic procedure
HP:0010499,lower limb radiographic procedure
HP:0006443,lower limb radiographic procedure
HP:0031174,lower limb radiographic procedure
HP:0006446,lower limb radiographic procedure
HP:0041237,lower limb radiographic procedure
HP:0003065,lower limb radiographic procedure
HP:0006397,lower limb radiographic procedure
HP:0009139,lower limb radiographic procedure
HP:0009138,lower limb radiographic procedure
HP:0002813,lower limb radiographic procedure
HP:0002991,lower limb radiographic procedure
HP:0006492,lower limb radiographic procedure
HP:0030045,lower limb radiographic procedure
HP:0003085,lower limb radiographic procedure
HP:0003099,lower limb radiographic procedure
HP:0031107,lower limb radiographic procedure
HP:0006442,lower limb radiographic procedure
HP:0003038,lower limb radiographic procedure
HP:0006381,lower limb radiographic procedure
HP:0002990,lower limb radiographic procedure
HP:0005067,lower limb radiographic procedure
HP:0010503,lower limb radiographic procedure
HP:0034669,lower limb radiographic procedure
HP:0030866,lower limb radiographic procedure
HP:0032191,lower limb radiographic procedure
HP:0034671,lower limb radiographic procedure
HP:0034672,lower limb radiographic procedure
HP:0032072,lower limb radiographic procedure
HP:0041064,lower limb radiographic procedure
HP:0032190,lower limb radiographic procedure
HP:0011934,angiography
HP:0100859,angiography
HP:0100860,angiography
HP:0002636,angiography
HP:0100858,angiography
HP:0025324,angiography
HP:0012089,angiography
HP:0410006,angiography
HP:3000032,angiography
HP:3000031,angiography
HP:3000039,angiography
HP:0002642,angiography
HP:0002617,angiography
HP:0002629,angiography
HP:0031345,angiography
HP:0031346,angiography
HP:0031341,angiography
HP:0031342,angiography
HP:0031343,angiography
HP:0002625,angiography
HP:0002604,angiography
HP:0025497,angiography
HP:0025491,angiography
HP:0011686,angiography
HP:0031560,angiography
HP:0031561,angiography
HP:0025490,angiography
HP:0031563,angiography
HP:0025516,angiography
HP:0011641,angiography
HP:0100571,angiography
HP:0100572,angiography
HP:0100573,angiography
HP:0100784,angiography
HP:0004960,angiography
HP:0004948,angiography
HP:0005116,angiography
HP:0033981,angiography
HP:0005302,angiography
HP:0030165,angiography
HP:0004947,angiography
HP:0034239,angiography
HP:0011660,angiography
HP:0005143,angiography
HP:0011661,angiography
HP:0011637,angiography
HP:0011638,angiography
HP:0011639,angiography
HP:0031638,angiography
HP:0011636,angiography
HP:0031626,angiography
HP:0031637,angiography
HP:0031639,angiography
HP:0011640,angiography
HP:0025503,angiography
HP:0025506,angiography
HP:0025505,angiography
HP:0031536,angiography
HP:0031537,angiography
HP:0034324,angiography
HP:0025575,angiography
HP:0011666,angiography
HP:0011685,angiography
HP:0011668,angiography
HP:0011669,angiography
HP:0011667,angiography
HP:0011670,angiography
HP:0005301,angiography
HP:0031041,angiography
HP:0033379,angiography
HP:0025576,angiography
HP:0031591,angiography
HP:0011671,angiography
HP:0025637,angiography
HP:0031014,angiography
HP:0033577,X-ray pulmonary angiography procedure
HP:0000015,cystography procedure
HP:0010442,hand radiography
HP:0009970,hand radiography
HP:0001161,hand radiography
HP:0001162,hand radiography
HP:0009967,hand radiography
HP:0009968,hand radiography
HP:0010112,hand radiography
HP:0001841,hand radiography
HP:0009969,hand radiography
HP:0009965,hand radiography
HP:0009966,hand radiography
HP:0006136,hand radiography
HP:0009963,hand radiography
HP:0009964,hand radiography
HP:0009961,hand radiography
HP:0009962,hand radiography
HP:0100260,hand radiography
HP:0009960,hand radiography
HP:0009956,hand radiography
HP:0009957,hand radiography
HP:0009954,hand radiography
HP:0001830,hand radiography
HP:0009959,hand radiography
HP:0100259,hand radiography
HP:0100258,hand radiography
HP:0009958,hand radiography
HP:0009955,hand radiography
HP:0010340,hand radiography
HP:0005676,hand radiography
HP:0005873,hand radiography
HP:0009953,hand radiography
HP:0009952,hand radiography
HP:0009951,hand radiography
HP:0009950,hand radiography
HP:0001829,hand radiography
HP:0010334,hand radiography
HP:0009949,hand radiography
HP:0009948,hand radiography
HP:0009947,hand radiography
HP:0009946,hand radiography
HP:0009945,hand radiography
HP:0006159,hand radiography
HP:0010691,hand radiography
HP:0010690,hand radiography
HP:0009983,hand radiography
HP:0009982,hand radiography
HP:0009981,hand radiography
HP:0009980,hand radiography
HP:0010328,hand radiography
HP:0005817,hand radiography
HP:0010689,hand radiography
HP:0009978,hand radiography
HP:0009979,hand radiography
HP:0009976,hand radiography
HP:0009977,hand radiography
HP:0010441,hand radiography
HP:0010440,hand radiography
HP:0001177,hand radiography
HP:0009975,hand radiography
HP:0005696,hand radiography
HP:0009974,hand radiography
HP:0009973,hand radiography
HP:0009972,hand radiography
HP:0009971,hand radiography
HP:0001172,hand radiography
HP:0001171,hand radiography
HP:0100920,hand radiography
HP:0009256,hand radiography
HP:0009220,hand radiography
HP:0009313,hand radiography
HP:0009406,hand radiography
HP:0009307,hand radiography
HP:0009304,hand radiography
HP:0100910,hand radiography
HP:0100906,hand radiography
HP:0009267,hand radiography
HP:0009399,hand radiography
HP:0100902,hand radiography
HP:0100921,hand radiography
HP:0009388,hand radiography
HP:0009209,hand radiography
HP:0100907,hand radiography
HP:0009377,hand radiography
HP:0100911,hand radiography
HP:0009243,hand radiography
HP:0004223,hand radiography
HP:0009175,hand radiography
HP:0100903,hand radiography
HP:0009231,hand radiography
HP:0009157,hand radiography
HP:0100922,hand radiography
HP:0009681,hand radiography
HP:0009692,hand radiography
HP:0009634,hand radiography
HP:0009646,hand radiography
HP:0009670,hand radiography
HP:0009655,hand radiography
HP:0100913,hand radiography
HP:0100912,hand radiography
HP:0001180,hand radiography
HP:0006230,hand radiography
HP:0004058,hand radiography
HP:0006210,hand radiography
HP:0001156,hand radiography
HP:0031044,hand radiography
HP:0031043,hand radiography
HP:0009372,hand radiography
HP:0009373,hand radiography
HP:0009371,hand radiography
HP:0004220,hand radiography
HP:0009370,hand radiography
HP:0005627,hand radiography
HP:0005831,hand radiography
HP:0006008,hand radiography
HP:0005872,hand radiography
HP:0005863,hand radiography
HP:0100901,hand radiography
HP:0009425,hand radiography
HP:0100918,hand radiography
HP:0009562,hand radiography
HP:0100900,hand radiography
HP:0009530,hand radiography
HP:0100904,hand radiography
HP:0009573,hand radiography
HP:0100908,hand radiography
HP:0009508,hand radiography
HP:0009551,hand radiography
HP:0009585,hand radiography
HP:0009519,hand radiography
HP:0009494,hand radiography
HP:0100899,hand radiography
HP:0010031,hand radiography
HP:0010263,hand radiography
HP:0009352,hand radiography
HP:0009772,hand radiography
HP:0009840,hand radiography
HP:0010274,hand radiography
HP:0009848,hand radiography
HP:0009434,hand radiography
HP:0010234,hand radiography
HP:0009327,hand radiography
HP:0009856,hand radiography
HP:0009444,hand radiography
HP:0100905,hand radiography
HP:0100909,hand radiography
HP:0009454,hand radiography
HP:0010252,hand radiography
HP:0010021,hand radiography
HP:0009341,hand radiography
HP:0100916,hand radiography
HP:0100917,hand radiography
HP:0009416,hand radiography
HP:0100914,hand radiography
HP:0100915,hand radiography
HP:0100919,hand radiography
HP:0001199,hand radiography
HP:0001191,hand radiography
HP:0006207,hand radiography
HP:0011835,hand radiography
HP:0006092,hand radiography
HP:0009164,hand radiography
HP:0006176,hand radiography
HP:0004231,hand radiography
HP:0006014,hand radiography
HP:0006257,hand radiography
HP:0005048,hand radiography
HP:0045001,hand radiography
HP:0045002,hand radiography
HP:0045003,hand radiography
HP:0004238,hand radiography
HP:0004239,hand radiography
HP:0045004,hand radiography
HP:0004237,hand radiography
HP:0004236,hand radiography
HP:0004235,hand radiography
HP:0041248,hand radiography
HP:0004234,hand radiography
HP:0004233,hand radiography
HP:0004232,hand radiography
HP:0001241,hand radiography
HP:0006180,hand radiography
HP:0004240,hand radiography
HP:0004241,hand radiography
HP:0005694,hand radiography
HP:0004243,hand radiography
HP:0004244,hand radiography
HP:0001495,hand radiography
HP:0004246,hand radiography
HP:0005776,hand radiography
HP:0004248,hand radiography
HP:0004247,hand radiography
HP:0001498,hand radiography
HP:0004245,hand radiography
HP:0004242,hand radiography
HP:0006067,hand radiography
HP:0001216,hand radiography
HP:0006106,hand radiography
HP:0010889,hand radiography
HP:0006502,hand radiography
HP:0004249,hand radiography
HP:0004293,hand radiography
HP:0006153,hand radiography
HP:0004251,hand radiography
HP:0004252,hand radiography
HP:0004253,hand radiography
HP:0004254,hand radiography
HP:0004255,hand radiography
HP:0004256,hand radiography
HP:0009702,hand radiography
HP:0004258,hand radiography
HP:0004259,hand radiography
HP:0004257,hand radiography
HP:0004250,hand radiography
HP:0100328,hand radiography
HP:0004261,hand radiography
HP:0004262,hand radiography
HP:0004263,hand radiography
HP:0004264,hand radiography
HP:0004260,hand radiography
HP:0006202,hand radiography
HP:0001248,hand radiography
HP:0006101,hand radiography
HP:0010704,hand radiography
HP:0010705,hand radiography
HP:0010706,hand radiography
HP:0011939,hand radiography
HP:0010708,hand radiography
HP:0010709,hand radiography
HP:0010707,hand radiography
HP:0006097,hand radiography
HP:0006088,hand radiography
HP:0005650,hand radiography
HP:0010492,hand radiography
HP:0010692,hand radiography
HP:0001233,hand radiography
HP:0010554,hand radiography
HP:0010710,hand radiography
HP:0005916,hand radiography
HP:0010040,hand radiography
HP:0010041,hand radiography
HP:0010042,hand radiography
HP:0010043,hand radiography
HP:0010044,hand radiography
HP:0010045,hand radiography
HP:0010046,hand radiography
HP:0010047,hand radiography
HP:0010048,hand radiography
HP:0010049,hand radiography
HP:0009706,hand radiography
HP:0009705,hand radiography
HP:0009708,hand radiography
HP:0009707,hand radiography
HP:0009701,hand radiography
HP:0009703,hand radiography
HP:0006011,hand radiography
HP:0006012,hand radiography
HP:0006119,hand radiography
HP:0009609,hand radiography
HP:0041173,hand radiography
HP:0009171,hand radiography
HP:0009478,hand radiography
HP:0006099,hand radiography
HP:0009483,hand radiography
HP:0005747,hand radiography
HP:0009615,hand radiography
HP:0009616,hand radiography
HP:0006232,hand radiography
HP:0009189,hand radiography
HP:0001501,hand radiography
HP:0006236,hand radiography
HP:0001504,hand radiography
HP:0009598,hand radiography
HP:0006134,hand radiography
HP:0041190,hand radiography
HP:0041191,hand radiography
HP:0041192,hand radiography
HP:0009190,hand radiography
HP:0009191,hand radiography
HP:0041197,hand radiography
HP:0009193,hand radiography
HP:0009195,hand radiography
HP:0009194,hand radiography
HP:0005867,hand radiography
HP:0011909,hand radiography
HP:0009196,hand radiography
HP:0006145,hand radiography
HP:0006146,hand radiography
HP:0041225,hand radiography
HP:0006040,hand radiography
HP:0006042,hand radiography
HP:0041121,hand radiography
HP:0006048,hand radiography
HP:0011911,hand radiography
HP:0200050,hand radiography
HP:0010009,hand radiography
HP:0010493,hand radiography
HP:0005900,hand radiography
HP:0006051,hand radiography
HP:0009640,hand radiography
HP:0009234,hand radiography
HP:0006059,hand radiography
HP:0005880,hand radiography
HP:0001223,hand radiography
HP:0010010,hand radiography
HP:0010011,hand radiography
HP:0010012,hand radiography
HP:0010013,hand radiography
HP:0010014,hand radiography
HP:0010015,hand radiography
HP:0010016,hand radiography
HP:0010017,hand radiography
HP:0010018,hand radiography
HP:0010019,hand radiography
HP:0006160,hand radiography
HP:0006161,hand radiography
HP:4000062,hand radiography
HP:0006166,hand radiography
HP:0005913,hand radiography
HP:0005914,hand radiography
HP:0010220,hand radiography
HP:0005917,hand radiography
HP:0010224,hand radiography
HP:0010225,hand radiography
HP:0010223,hand radiography
HP:0001230,hand radiography
HP:0010222,hand radiography
HP:0010227,hand radiography
HP:0010226,hand radiography
HP:0005894,hand radiography
HP:0010020,hand radiography
HP:0010022,hand radiography
HP:0010023,hand radiography
HP:0010024,hand radiography
HP:0010025,hand radiography
HP:0010026,hand radiography
HP:0010027,hand radiography
HP:0010028,hand radiography
HP:0010029,hand radiography
HP:0006174,hand radiography
HP:0006070,hand radiography
HP:0004294,hand radiography
HP:0006179,hand radiography
HP:0031809,hand radiography
HP:0005720,hand radiography
HP:0010030,hand radiography
HP:0010033,hand radiography
HP:0010034,hand radiography
HP:0010035,hand radiography
HP:0010036,hand radiography
HP:0010037,hand radiography
HP:0010038,hand radiography
HP:0006108,hand radiography
HP:0010039,hand radiography
HP:0006086,hand radiography
HP:0009700,hand radiography
HP:0009178,hand radiography
HP:0009574,hand radiography
HP:0009477,hand radiography
HP:0009656,hand radiography
HP:0009579,hand radiography
HP:0001204,hand radiography
HP:0006152,hand radiography
HP:0004218,hand radiography
HP:0009305,hand radiography
HP:0009244,hand radiography
HP:0009426,hand radiography
HP:0009445,hand radiography
HP:0009482,hand radiography
HP:0009563,hand radiography
HP:0009545,hand radiography
HP:0009308,hand radiography
HP:0009586,hand radiography
HP:0004197,hand radiography
HP:0009232,hand radiography
HP:0009314,hand radiography
HP:0009435,hand radiography
HP:0009455,hand radiography
HP:0009177,hand radiography
HP:0005927,hand radiography
HP:0009601,hand radiography
HP:0005819,hand radiography
HP:0006209,hand radiography
HP:0200055,hand radiography
HP:0009882,hand radiography
HP:0009778,hand radiography
HP:0009777,hand radiography
HP:0009660,hand radiography
HP:0009776,hand radiography
HP:0009162,hand radiography
HP:0009881,hand radiography
HP:0030033,hand radiography
HP:0009439,hand radiography
HP:0009438,hand radiography
HP:0009659,hand radiography
HP:0006265,hand radiography
HP:0006264,hand radiography
HP:0009272,hand radiography
HP:0006262,hand radiography
HP:0009381,hand radiography
HP:0009380,hand radiography
HP:0009318,hand radiography
HP:0009650,hand radiography
HP:0006144,hand radiography
HP:0009429,hand radiography
HP:0009649,hand radiography
HP:0009536,hand radiography
HP:0009535,hand radiography
HP:0009597,hand radiography
HP:0009596,hand radiography
HP:0009301,hand radiography
HP:0009638,hand radiography
HP:0009637,hand radiography
HP:0004180,hand radiography
HP:0009246,hand radiography
HP:0010242,hand radiography
HP:0010241,hand radiography
HP:0004227,hand radiography
HP:0005726,hand radiography
HP:0009461,hand radiography
HP:0009460,hand radiography
HP:0009577,hand radiography
HP:0009576,hand radiography
HP:0006118,hand radiography
HP:0010239,hand radiography
HP:0009238,hand radiography
HP:0009237,hand radiography
HP:0006110,hand radiography
HP:0009459,hand radiography
HP:0009298,hand radiography
HP:0009458,hand radiography
HP:0009295,hand radiography
HP:0009294,hand radiography
HP:0009291,hand radiography
HP:0009290,hand radiography
HP:0004050,hand radiography
HP:0009566,hand radiography
HP:0009565,hand radiography
HP:0009226,hand radiography
HP:0009225,hand radiography
HP:0006165,hand radiography
HP:0009281,hand radiography
HP:0009280,hand radiography
HP:0005918,hand radiography
HP:0006045,hand radiography
HP:0005844,hand radiography
HP:0006019,hand radiography
HP:0009379,hand radiography
HP:0009378,hand radiography
HP:0009376,hand radiography
HP:0009375,hand radiography
HP:0009374,hand radiography
HP:0009998,hand radiography
HP:0009999,hand radiography
HP:0009996,hand radiography
HP:0009997,hand radiography
HP:0009994,hand radiography
HP:0009995,hand radiography
HP:0009992,hand radiography
HP:0009993,hand radiography
HP:0009990,hand radiography
HP:0009991,hand radiography
HP:0009358,hand radiography
HP:0009357,hand radiography
HP:0005807,hand radiography
HP:0009989,hand radiography
HP:0009988,hand radiography
HP:0009987,hand radiography
HP:0009986,hand radiography
HP:0009985,hand radiography
HP:0012314,hand radiography
HP:0009658,hand radiography
HP:0012313,hand radiography
HP:0009654,hand radiography
HP:0009653,hand radiography
HP:0009652,hand radiography
HP:0009648,hand radiography
HP:0009645,hand radiography
HP:0009644,hand radiography
HP:0009643,hand radiography
HP:0009636,hand radiography
HP:0009635,hand radiography
HP:0009633,hand radiography
HP:0009632,hand radiography
HP:0009631,hand radiography
HP:0009316,hand radiography
HP:0009315,hand radiography
HP:0009312,hand radiography
HP:0009311,hand radiography
HP:0009310,hand radiography
HP:0009944,hand radiography
HP:0009943,hand radiography
HP:0009942,hand radiography
HP:0031010,hand radiography
HP:0009629,hand radiography
HP:0004269,hand radiography
HP:0004267,hand radiography
HP:0009309,hand radiography
HP:0009306,hand radiography
HP:0009303,hand radiography
HP:0009302,hand radiography
HP:0006193,hand radiography
HP:0006192,hand radiography
HP:0009300,hand radiography
HP:0009614,hand radiography
HP:0009613,hand radiography
HP:0009612,hand radiography
HP:0009611,hand radiography
HP:0006185,hand radiography
HP:0009608,hand radiography
HP:0009606,hand radiography
HP:0006175,hand radiography
HP:0006170,hand radiography
HP:0006167,hand radiography
HP:0006163,hand radiography
HP:0006162,hand radiography
HP:0004226,hand radiography
HP:0004225,hand radiography
HP:0006155,hand radiography
HP:0004219,hand radiography
HP:0004216,hand radiography
HP:0004214,hand radiography
HP:0004213,hand radiography
HP:0006147,hand radiography
HP:0009192,hand radiography
HP:0009182,hand radiography
HP:0006129,hand radiography
HP:0006127,hand radiography
HP:0009173,hand radiography
HP:0009172,hand radiography
HP:0009170,hand radiography
HP:0006112,hand radiography
HP:0009169,hand radiography
HP:0009168,hand radiography
HP:0009161,hand radiography
HP:0009150,hand radiography
HP:0030368,hand radiography
HP:0030367,hand radiography
HP:0005910,hand radiography
HP:0009774,hand radiography
HP:0009773,hand radiography
HP:0009770,hand radiography
HP:0009771,hand radiography
HP:0009457,hand radiography
HP:0009456,hand radiography
HP:0009453,hand radiography
HP:0009452,hand radiography
HP:0009451,hand radiography
HP:0009450,hand radiography
HP:0009769,hand radiography
HP:0009768,hand radiography
HP:0009767,hand radiography
HP:0009447,hand radiography
HP:0009446,hand radiography
HP:0009443,hand radiography
HP:0009442,hand radiography
HP:0009441,hand radiography
HP:0009440,hand radiography
HP:0011929,hand radiography
HP:0009437,hand radiography
HP:0009436,hand radiography
HP:0009433,hand radiography
HP:0009432,hand radiography
HP:0009431,hand radiography
HP:0009430,hand radiography
HP:0009428,hand radiography
HP:0009427,hand radiography
HP:0011910,hand radiography
HP:0009424,hand radiography
HP:0009423,hand radiography
HP:0009422,hand radiography
HP:0009421,hand radiography
HP:0009408,hand radiography
HP:0009407,hand radiography
HP:0009405,hand radiography
HP:0009404,hand radiography
HP:0006261,hand radiography
HP:0012299,hand radiography
HP:0012298,hand radiography
HP:0012297,hand radiography
HP:0012296,hand radiography
HP:0012295,hand radiography
HP:0005769,hand radiography
HP:0006253,hand radiography
HP:0006252,hand radiography
HP:0006247,hand radiography
HP:0009299,hand radiography
HP:0009297,hand radiography
HP:0009296,hand radiography
HP:0009293,hand radiography
HP:0009292,hand radiography
HP:0006237,hand radiography
HP:0009289,hand radiography
HP:0009288,hand radiography
HP:0009287,hand radiography
HP:0009286,hand radiography
HP:0009285,hand radiography
HP:0009284,hand radiography
HP:0009283,hand radiography
HP:0009282,hand radiography
HP:0006224,hand radiography
HP:0010008,hand radiography
HP:0010006,hand radiography
HP:0010003,hand radiography
HP:0010005,hand radiography
HP:0010004,hand radiography
HP:0010002,hand radiography
HP:0010001,hand radiography
HP:0010000,hand radiography
HP:0006217,hand radiography
HP:0009587,hand radiography
HP:0009584,hand radiography
HP:0009583,hand radiography
HP:0009582,hand radiography
HP:0009581,hand radiography
HP:0009580,hand radiography
HP:0006205,hand radiography
HP:0009575,hand radiography
HP:0009572,hand radiography
HP:0009570,hand radiography
HP:0009571,hand radiography
HP:0009245,hand radiography
HP:0032078,hand radiography
HP:0009884,hand radiography
HP:0009883,hand radiography
HP:0009880,hand radiography
HP:0009569,hand radiography
HP:0009568,hand radiography
HP:0009564,hand radiography
HP:0009561,hand radiography
HP:0009560,hand radiography
HP:0009242,hand radiography
HP:0009241,hand radiography
HP:0009240,hand radiography
HP:0009875,hand radiography
HP:0009559,hand radiography
HP:0009558,hand radiography
HP:0009557,hand radiography
HP:0009239,hand radiography
HP:0004195,hand radiography
HP:0009552,hand radiography
HP:0009550,hand radiography
HP:0009236,hand radiography
HP:0009233,hand radiography
HP:0009230,hand radiography
HP:0009549,hand radiography
HP:0009548,hand radiography
HP:0009547,hand radiography
HP:0009229,hand radiography
HP:0009228,hand radiography
HP:0009227,hand radiography
HP:0009858,hand radiography
HP:0009857,hand radiography
HP:0009855,hand radiography
HP:0009854,hand radiography
HP:0009853,hand radiography
HP:0009852,hand radiography
HP:0009851,hand radiography
HP:0009850,hand radiography
HP:0004172,hand radiography
HP:0009849,hand radiography
HP:0009847,hand radiography
HP:0009846,hand radiography
HP:0009845,hand radiography
HP:0009844,hand radiography
HP:0009843,hand radiography
HP:0009839,hand radiography
HP:0009838,hand radiography
HP:0009837,hand radiography
HP:0009836,hand radiography
HP:0009835,hand radiography
HP:0009834,hand radiography
HP:0009833,hand radiography
HP:0009832,hand radiography
HP:0011299,hand radiography
HP:0006060,hand radiography
HP:0009803,hand radiography
HP:0009802,hand radiography
HP:0005886,hand radiography
HP:0100746,hand radiography
HP:0004097,hand radiography
HP:0009466,hand radiography
HP:0009623,hand radiography
HP:0009622,hand radiography
HP:0009468,hand radiography
HP:0009603,hand radiography
HP:0040025,hand radiography
HP:0009273,hand radiography
HP:0040022,hand radiography
HP:0010557,hand radiography
HP:0040024,hand radiography
HP:0009278,hand radiography
HP:0009179,hand radiography
HP:0040023,hand radiography
HP:0009279,hand radiography
HP:0009317,hand radiography
HP:0004209,hand radiography
HP:0009180,hand radiography
HP:0040019,hand radiography
HP:0009462,hand radiography
HP:0009463,hand radiography
HP:0009464,hand radiography
HP:0040020,hand radiography
HP:0009465,hand radiography
HP:0009467,hand radiography
HP:0006156,hand radiography
HP:0001500,hand radiography
HP:0001167,hand radiography
HP:0004100,hand radiography
HP:0004150,hand radiography
HP:0004188,hand radiography
HP:0006206,hand radiography
HP:0030771,hand radiography
HP:0030029,hand radiography
HP:0005688,hand radiography
HP:0009602,hand radiography
HP:0031534,hand radiography
HP:0009617,hand radiography
HP:0009618,hand radiography
HP:0005866,hand radiography
HP:0009641,hand radiography
HP:0005895,hand radiography
HP:0009657,hand radiography
HP:0041163,hand radiography
HP:0004060,hand radiography
HP:0004207,hand radiography
HP:0032524,hand radiography
HP:0004095,hand radiography
HP:0004230,hand radiography
HP:0005707,hand radiography
HP:0005725,hand radiography
HP:0006150,hand radiography
HP:0009542,hand radiography
HP:0009541,hand radiography
HP:0009544,hand radiography
HP:0009543,hand radiography
HP:0009546,hand radiography
HP:0009485,hand radiography
HP:0006190,hand radiography
HP:0009486,hand radiography
HP:0009484,hand radiography
HP:0009699,hand radiography
HP:0025141,intraoral radiography
HP:0000277,intraoral radiography
HP:0012801,intraoral radiography
HP:0012802,intraoral radiography
HP:0005446,intraoral radiography
HP:0040263,intraoral radiography
HP:0041155,intraoral radiography
HP:3000003,intraoral radiography
HP:0000303,intraoral radiography
HP:0005790,intraoral radiography
HP:3000077,intraoral radiography
HP:3000078,intraoral radiography
HP:0005332,intraoral radiography
HP:0000211,intraoral radiography
HP:0000308,intraoral radiography
HP:0010752,intraoral radiography
HP:0010753,intraoral radiography
HP:0010754,intraoral radiography
HP:0410219,intraoral radiography
HP:0007626,intraoral radiography
HP:0007627,intraoral radiography
HP:0007628,intraoral radiography
HP:0009939,intraoral radiography
HP:0009754,intraoral radiography
HP:0032328,intraoral radiography
HP:0009940,intraoral radiography
HP:0012478,intraoral radiography
HP:0012479,intraoral radiography
HP:0009118,intraoral radiography
HP:0000278,intraoral radiography
HP:0003778,intraoral radiography
HP:0003779,intraoral radiography
HP:0000347,intraoral radiography
HP:0040309,intraoral radiography
HP:0034046,intraoral radiography
HP:0410218,intraoral radiography
HP:0025148,fluorescein angiography
HP:0030602,fluorescein angiography
HP:0034272,fluorescein angiography
HP:0025159,fluorescein angiography
HP:0030634,fluorescein angiography
HP:0030633,fluorescein angiography
HP:0030632,fluorescein angiography
HP:0030631,fluorescein angiography
HP:0030630,fluorescein angiography
HP:0025158,fluorescein angiography
HP:0030629,fluorescein angiography
HP:0030604,fluorescein angiography
HP:0025320,fluorescein angiography
HP:0008002,fundoscopy
HP:0007793,fundoscopy
HP:0011509,fundoscopy
HP:0007988,fundoscopy
HP:0011504,fundoscopy
HP:0012643,fundoscopy
HP:0500088,fundoscopy
HP:0030493,fundoscopy
HP:0008001,fundoscopy
HP:0025147,fundoscopy
HP:0025146,fundoscopy
HP:0030506,fundoscopy
HP:0011510,fundoscopy
HP:0030642,fundoscopy
HP:0030643,fundoscopy
HP:0031420,fundoscopy
HP:0011532,fundoscopy
HP:0007862,fundoscopy
HP:0032027,fundoscopy
HP:0012426,fundoscopy
HP:0032028,fundoscopy
HP:0007898,fundoscopy
HP:0030500,fundoscopy
HP:0030501,fundoscopy
HP:0011507,fundoscopy
HP:0030507,fundoscopy
HP:0031606,fundoscopy
HP:0007677,fundoscopy
HP:0025093,fundoscopy
HP:0012045,fundoscopy
HP:0001147,fundoscopy
HP:0007822,fundoscopy
HP:0025110,fundoscopy
HP:0030497,fundoscopy
HP:0007989,fundoscopy
HP:0030499,fundoscopy
HP:0001135,fundoscopy
HP:0008046,fundoscopy
HP:0000630,fundoscopy
HP:0007685,fundoscopy
HP:0008030,fundoscopy
HP:0025188,fundoscopy
HP:0000631,fundoscopy
HP:0025355,fundoscopy
HP:0030666,fundoscopy
HP:0030667,fundoscopy
HP:0030494,fundoscopy
HP:0007850,fundoscopy
HP:0007797,fundoscopy
HP:0011513,fundoscopy
HP:0020161,fundoscopy
HP:0000660,fundoscopy
HP:0020163,fundoscopy
HP:0020165,fundoscopy
HP:0008014,fundoscopy
HP:0012841,fundoscopy
HP:0020167,fundoscopy
HP:0020166,fundoscopy
HP:0020164,fundoscopy
HP:0007778,fundoscopy
HP:0007815,fundoscopy
HP:0008043,fundoscopy
HP:0025342,fundoscopy
HP:0001095,fundoscopy
HP:0007843,fundoscopy
HP:0012636,fundoscopy
HP:0032416,fundoscopy
HP:0007763,fundoscopy
HP:0001136,fundoscopy
HP:0025326,fundoscopy
HP:0007768,fundoscopy
HP:0010729,fundoscopy
HP:0007985,fundoscopy
HP:0007986,fundoscopy
HP:0030503,fundoscopy
HP:0001139,fundoscopy
HP:0001138,fundoscopy
HP:0007634,fundoscopy
HP:0001103,fundoscopy
HP:0008060,fundoscopy
HP:0025581,fundoscopy
HP:0025582,fundoscopy
HP:0008028,fundoscopy
HP:0030825,fundoscopy
HP:0033743,fundoscopy
HP:0031239,fundoscopy
HP:0000608,fundoscopy
HP:0030495,fundoscopy
HP:0030496,fundoscopy
HP:0030498,fundoscopy
HP:0012152,fundoscopy
HP:0001116,fundoscopy
HP:0011503,fundoscopy
HP:0100014,fundoscopy
HP:0034362,fundoscopy
HP:0011508,fundoscopy
HP:0031240,fundoscopy
HP:0031241,fundoscopy
HP:0011506,fundoscopy
HP:0011505,fundoscopy
HP:0040049,fundoscopy
HP:0030636,fundoscopy
HP:0200056,fundoscopy
HP:0011511,fundoscopy
HP:0025007,fundoscopy
HP:0007750,fundoscopy
HP:0007754,fundoscopy
HP:0000493,fundoscopy
HP:0025574,fundoscopy
HP:0007401,fundoscopy
HP:0008059,fundoscopy
HP:0031150,fundoscopy
HP:0031151,fundoscopy
HP:0031152,fundoscopy
HP:0025010,fundoscopy
HP:0025094,fundoscopy
HP:0001105,fundoscopy
HP:0031609,fundoscopy
HP:0200070,fundoscopy
HP:0007791,fundoscopy
HP:0007722,fundoscopy
HP:0001102,fundoscopy
HP:0000573,fundoscopy
HP:0025241,fundoscopy
HP:0025242,fundoscopy
HP:0025243,fundoscopy
HP:0031805,fundoscopy
HP:0025244,fundoscopy
HP:0031611,fundoscopy
HP:0008052,fundoscopy
HP:0001493,fundoscopy
HP:0001098,fundoscopy
HP:0500055,fundoscopy
HP:0500056,fundoscopy
HP:0500059,fundoscopy
HP:0030329,fundoscopy
HP:0500054,fundoscopy
HP:0500053,fundoscopy
HP:0500052,fundoscopy
HP:0500051,fundoscopy
HP:0500050,fundoscopy
HP:0008058,fundoscopy
HP:0008057,fundoscopy
HP:0007667,fundoscopy
HP:0500049,fundoscopy
HP:0032270,fundoscopy
HP:0007992,fundoscopy
HP:0007658,fundoscopy
HP:0000588,fundoscopy
HP:0000587,fundoscopy
HP:0000580,fundoscopy
HP:0031533,fundoscopy
HP:0031532,fundoscopy
HP:0007814,fundoscopy
HP:0031531,fundoscopy
HP:0031530,fundoscopy
HP:0007980,fundoscopy
HP:0008035,fundoscopy
HP:0007643,fundoscopy
HP:0007649,fundoscopy
HP:0031529,fundoscopy
HP:0031528,fundoscopy
HP:0031527,fundoscopy
HP:0007807,fundoscopy
HP:0031526,fundoscopy
HP:0030635,fundoscopy
HP:0007973,fundoscopy
HP:0008020,fundoscopy
HP:0007963,fundoscopy
HP:0000556,fundoscopy
HP:0007958,fundoscopy
HP:0000548,fundoscopy
HP:0000546,fundoscopy
HP:0031172,fundoscopy
HP:0000543,fundoscopy
HP:0000541,fundoscopy
HP:0007947,fundoscopy
HP:0012796,fundoscopy
HP:0009727,fundoscopy
HP:0012795,fundoscopy
HP:0000538,fundoscopy
HP:0007937,fundoscopy
HP:0001099,fundoscopy
HP:0007770,fundoscopy
HP:0001093,fundoscopy
HP:0020120,fundoscopy
HP:0001085,fundoscopy
HP:0007769,fundoscopy
HP:0007929,fundoscopy
HP:0007766,fundoscopy
HP:0025583,fundoscopy
HP:0007922,fundoscopy
HP:0031803,fundoscopy
HP:0020119,fundoscopy
HP:0000510,fundoscopy
HP:0007917,fundoscopy
HP:0031978,fundoscopy
HP:0031977,fundoscopy
HP:0031976,fundoscopy
HP:0031975,fundoscopy
HP:0031974,fundoscopy
HP:0031973,fundoscopy
HP:0007913,fundoscopy
HP:0034302,fundoscopy
HP:0011530,fundoscopy
HP:0011529,fundoscopy
HP:0011528,fundoscopy
HP:0007737,fundoscopy
HP:0025551,fundoscopy
HP:0031614,fundoscopy
HP:0011512,fundoscopy
HP:0031605,fundoscopy
HP:0012231,fundoscopy
HP:0012230,fundoscopy
HP:0007899,fundoscopy
HP:0007894,fundoscopy
HP:0000488,fundoscopy
HP:0000648,fundoscopy
HP:0000480,fundoscopy
HP:0000479,fundoscopy
HP:0007703,fundoscopy
HP:0200057,fundoscopy
HP:0031256,fundoscopy
HP:0025514,fundoscopy
HP:0007866,fundoscopy
HP:0500087,fundoscopy
HP:0500086,fundoscopy
HP:0033027,fundoscopy
HP:0012521,fundoscopy
HP:0000609,fundoscopy
HP:0030505,fundoscopy
HP:0030504,fundoscopy
HP:0030502,fundoscopy
HP:0007680,fundoscopy
HP:0012512,fundoscopy
HP:0500064,fundoscopy
HP:0500065,fundoscopy
HP:0032118,fundoscopy
HP:0500063,fundoscopy
HP:0500062,fundoscopy
HP:0500061,fundoscopy
HP:0500060,fundoscopy
HP:0012511,fundoscopy
HP:0030824,fundoscopy
HP:0008061,fundoscopy
HP:0010728,fundoscopy
HP:0500057,fundoscopy
HP:0500058,fundoscopy
HP:0011958,fundoscopy
HP:0034567,fundoscopy
HP:0025138,circulating hormone measurement
HP:0025139,circulating hormone measurement
HP:0025140,circulating hormone measurement
HP:0010161,foot radiography
HP:0100483,foot radiography
HP:0100482,foot radiography
HP:0100481,foot radiography
HP:0100480,foot radiography
HP:0041187,foot radiography
HP:0041186,foot radiography
HP:0041180,foot radiography
HP:0041181,foot radiography
HP:0100760,foot radiography
HP:0100478,foot radiography
HP:0100477,foot radiography
HP:0100476,foot radiography
HP:0100475,foot radiography
HP:0100474,foot radiography
HP:0100473,foot radiography
HP:0100472,foot radiography
HP:0100471,foot radiography
HP:0100470,foot radiography
HP:0041175,foot radiography
HP:0100469,foot radiography
HP:0100468,foot radiography
HP:0100467,foot radiography
HP:0100466,foot radiography
HP:0100465,foot radiography
HP:0100464,foot radiography
HP:0100463,foot radiography
HP:0100462,foot radiography
HP:0100461,foot radiography
HP:0100460,foot radiography
HP:0006239,foot radiography
HP:0100459,foot radiography
HP:0100458,foot radiography
HP:0100457,foot radiography
HP:0100456,foot radiography
HP:0100455,foot radiography
HP:0100454,foot radiography
HP:0100453,foot radiography
HP:0100452,foot radiography
HP:0100451,foot radiography
HP:0100450,foot radiography
HP:0005793,foot radiography
HP:0100449,foot radiography
HP:0100448,foot radiography
HP:0100447,foot radiography
HP:0100446,foot radiography
HP:0100445,foot radiography
HP:0100444,foot radiography
HP:0100443,foot radiography
HP:0100442,foot radiography
HP:0100441,foot radiography
HP:0100440,foot radiography
HP:0001870,foot radiography
HP:0100439,foot radiography
HP:0100438,foot radiography
HP:0100437,foot radiography
HP:0100436,foot radiography
HP:0100435,foot radiography
HP:0100434,foot radiography
HP:0100433,foot radiography
HP:0100432,foot radiography
HP:0100431,foot radiography
HP:0100430,foot radiography
HP:0010211,foot radiography
HP:0100427,foot radiography
HP:0100426,foot radiography
HP:0100429,foot radiography
HP:0100428,foot radiography
HP:0100423,foot radiography
HP:0100422,foot radiography
HP:0100425,foot radiography
HP:0100424,foot radiography
HP:0100419,foot radiography
HP:0100416,foot radiography
HP:0100415,foot radiography
HP:0100418,foot radiography
HP:0100417,foot radiography
HP:0100412,foot radiography
HP:0100411,foot radiography
HP:0100414,foot radiography
HP:0100413,foot radiography
HP:0100421,foot radiography
HP:0100420,foot radiography
HP:0100409,foot radiography
HP:0100408,foot radiography
HP:0100410,foot radiography
HP:0010196,foot radiography
HP:0010197,foot radiography
HP:0010198,foot radiography
HP:0010199,foot radiography
HP:0010194,foot radiography
HP:0010195,foot radiography
HP:0001859,foot radiography
HP:0010210,foot radiography
HP:0001857,foot radiography
HP:0010193,foot radiography
HP:0010192,foot radiography
HP:0010191,foot radiography
HP:0010190,foot radiography
HP:0010185,foot radiography
HP:0010186,foot radiography
HP:0010187,foot radiography
HP:0010188,foot radiography
HP:0010183,foot radiography
HP:0010184,foot radiography
HP:0010189,foot radiography
HP:0003795,foot radiography
HP:0100397,foot radiography
HP:0100396,foot radiography
HP:0100399,foot radiography
HP:0100398,foot radiography
HP:0100393,foot radiography
HP:0100392,foot radiography
HP:0100395,foot radiography
HP:0100394,foot radiography
HP:0010209,foot radiography
HP:0010208,foot radiography
HP:0010207,foot radiography
HP:0010206,foot radiography
HP:0010205,foot radiography
HP:0010204,foot radiography
HP:0010203,foot radiography
HP:0010202,foot radiography
HP:0010201,foot radiography
HP:0010200,foot radiography
HP:0100391,foot radiography
HP:0100390,foot radiography
HP:0010182,foot radiography
HP:0010181,foot radiography
HP:0010180,foot radiography
HP:0001842,foot radiography
HP:0010174,foot radiography
HP:0100405,foot radiography
HP:0100404,foot radiography
HP:0010175,foot radiography
HP:0100407,foot radiography
HP:0010176,foot radiography
HP:0100406,foot radiography
HP:0010177,foot radiography
HP:0100401,foot radiography
HP:0100400,foot radiography
HP:0100403,foot radiography
HP:0100402,foot radiography
HP:0010173,foot radiography
HP:0010178,foot radiography
HP:0010746,foot radiography
HP:0010745,foot radiography
HP:0010179,foot radiography
HP:0100389,foot radiography
HP:0100388,foot radiography
HP:0100387,foot radiography
HP:0100386,foot radiography
HP:0100385,foot radiography
HP:0100384,foot radiography
HP:0100383,foot radiography
HP:0100382,foot radiography
HP:0100381,foot radiography
HP:0100380,foot radiography
HP:0100948,foot radiography
HP:0100947,foot radiography
HP:0100944,foot radiography
HP:0100946,foot radiography
HP:0100945,foot radiography
HP:0100943,foot radiography
HP:0100940,foot radiography
HP:0100942,foot radiography
HP:0100941,foot radiography
HP:0100379,foot radiography
HP:0100378,foot radiography
HP:0100377,foot radiography
HP:0100376,foot radiography
HP:0100375,foot radiography
HP:0100374,foot radiography
HP:0100373,foot radiography
HP:0100372,foot radiography
HP:0100371,foot radiography
HP:0100370,foot radiography
HP:0100937,foot radiography
HP:0100939,foot radiography
HP:0100938,foot radiography
HP:0100936,foot radiography
HP:0100933,foot radiography
HP:0100935,foot radiography
HP:0100934,foot radiography
HP:0100932,foot radiography
HP:0100931,foot radiography
HP:0100930,foot radiography
HP:0100369,foot radiography
HP:0100368,foot radiography
HP:0100367,foot radiography
HP:0100366,foot radiography
HP:0100364,foot radiography
HP:0100363,foot radiography
HP:0100362,foot radiography
HP:0008083,foot radiography
HP:0010430,foot radiography
HP:0010435,foot radiography
HP:0010437,foot radiography
HP:0010436,foot radiography
HP:0010431,foot radiography
HP:0010434,foot radiography
HP:0010433,foot radiography
HP:0010432,foot radiography
HP:0100929,foot radiography
HP:0100928,foot radiography
HP:0100927,foot radiography
HP:0100926,foot radiography
HP:0100924,foot radiography
HP:0010429,foot radiography
HP:0010428,foot radiography
HP:0010427,foot radiography
HP:0010426,foot radiography
HP:0010425,foot radiography
HP:0010424,foot radiography
HP:0010423,foot radiography
HP:0010422,foot radiography
HP:0010421,foot radiography
HP:0010420,foot radiography
HP:0010395,foot radiography
HP:0010396,foot radiography
HP:0010397,foot radiography
HP:0010398,foot radiography
HP:0010399,foot radiography
HP:0010419,foot radiography
HP:0010418,foot radiography
HP:0010417,foot radiography
HP:0010416,foot radiography
HP:0010415,foot radiography
HP:0010414,foot radiography
HP:0010413,foot radiography
HP:0010412,foot radiography
HP:0010411,foot radiography
HP:0010410,foot radiography
HP:0010394,foot radiography
HP:0010393,foot radiography
HP:0010392,foot radiography
HP:0010391,foot radiography
HP:0010390,foot radiography
HP:0010385,foot radiography
HP:0010386,foot radiography
HP:0010387,foot radiography
HP:0010388,foot radiography
HP:0010389,foot radiography
HP:0010409,foot radiography
HP:0010408,foot radiography
HP:0010407,foot radiography
HP:0010406,foot radiography
HP:0010405,foot radiography
HP:0010404,foot radiography
HP:0010403,foot radiography
HP:0010402,foot radiography
HP:0010401,foot radiography
HP:0010400,foot radiography
HP:0010384,foot radiography
HP:0010383,foot radiography
HP:0010382,foot radiography
HP:0010381,foot radiography
HP:0010380,foot radiography
HP:0010110,foot radiography
HP:0010099,foot radiography
HP:0010111,foot radiography
HP:0010097,foot radiography
HP:0010096,foot radiography
HP:0010095,foot radiography
HP:0010094,foot radiography
HP:0010093,foot radiography
HP:0010092,foot radiography
HP:0010091,foot radiography
HP:0010090,foot radiography
HP:0011928,foot radiography
HP:0010379,foot radiography
HP:0010378,foot radiography
HP:0010377,foot radiography
HP:0010376,foot radiography
HP:0010375,foot radiography
HP:0010374,foot radiography
HP:0010373,foot radiography
HP:0010372,foot radiography
HP:0010371,foot radiography
HP:0010370,foot radiography
HP:0010100,foot radiography
HP:0010106,foot radiography
HP:0010107,foot radiography
HP:0010101,foot radiography
HP:0010102,foot radiography
HP:0010103,foot radiography
HP:0010089,foot radiography
HP:0010088,foot radiography
HP:0010087,foot radiography
HP:0010086,foot radiography
HP:0010085,foot radiography
HP:0010084,foot radiography
HP:0010083,foot radiography
HP:0010082,foot radiography
HP:0010081,foot radiography
HP:0010080,foot radiography
HP:0010369,foot radiography
HP:0010368,foot radiography
HP:0010367,foot radiography
HP:0010366,foot radiography
HP:0010365,foot radiography
HP:0010364,foot radiography
HP:0010363,foot radiography
HP:0010362,foot radiography
HP:0010361,foot radiography
HP:0010360,foot radiography
HP:0010645,foot radiography
HP:0010079,foot radiography
HP:0010078,foot radiography
HP:0010077,foot radiography
HP:0010076,foot radiography
HP:0010074,foot radiography
HP:0010072,foot radiography
HP:0010071,foot radiography
HP:0200113,foot radiography
HP:0010359,foot radiography
HP:0010358,foot radiography
HP:0010357,foot radiography
HP:0010356,foot radiography
HP:0010355,foot radiography
HP:0010354,foot radiography
HP:0010353,foot radiography
HP:0010352,foot radiography
HP:0010351,foot radiography
HP:0010350,foot radiography
HP:0010066,foot radiography
HP:0010065,foot radiography
HP:0010064,foot radiography
HP:0010063,foot radiography
HP:0010062,foot radiography
HP:0010061,foot radiography
HP:0010060,foot radiography
HP:0010349,foot radiography
HP:0010348,foot radiography
HP:0010347,foot radiography
HP:0010342,foot radiography
HP:0010059,foot radiography
HP:0010058,foot radiography
HP:0010057,foot radiography
HP:0010053,foot radiography
HP:0010052,foot radiography
HP:0010336,foot radiography
HP:0010330,foot radiography
HP:0041240,foot radiography
HP:0010324,foot radiography
HP:0032612,foot radiography
HP:0005035,foot radiography
HP:0100237,foot radiography
HP:0100489,foot radiography
HP:0100488,foot radiography
HP:0100487,foot radiography
HP:0100486,foot radiography
HP:0100485,foot radiography
HP:0100484,foot radiography
HP:0100925,foot radiography
HP:0031051,foot radiography
HP:0008131,foot radiography
HP:0008114,foot radiography
HP:0001832,foot radiography
HP:0010054,foot radiography
HP:0041194,foot radiography
HP:0041195,foot radiography
HP:0010567,foot radiography
HP:0041215,foot radiography
HP:0005194,foot radiography
HP:0004686,foot radiography
HP:0010098,foot radiography
HP:0008087,foot radiography
HP:0008089,foot radiography
HP:0004689,foot radiography
HP:0001473,foot radiography
HP:0010151,foot radiography
HP:0008102,foot radiography
HP:0100329,foot radiography
HP:0004704,foot radiography
HP:0008371,foot radiography
HP:0010067,foot radiography
HP:0010068,foot radiography
HP:0041223,foot radiography
HP:0010630,foot radiography
HP:0010069,foot radiography
HP:0001440,foot radiography
HP:0011845,foot radiography
HP:0001449,foot radiography
HP:0004699,foot radiography
HP:0010672,foot radiography
HP:0010508,foot radiography
HP:0010070,foot radiography
HP:0010073,foot radiography
HP:0010075,foot radiography
HP:0041230,foot radiography
HP:0041231,foot radiography
HP:0001964,foot radiography
HP:0008125,foot radiography
HP:0010743,foot radiography
HP:0010744,foot radiography
HP:0001783,foot radiography
HP:0008074,foot radiography
HP:0040033,foot radiography
HP:0010104,foot radiography
HP:0010105,foot radiography
HP:0040035,foot radiography
HP:0008078,foot radiography
HP:0040034,foot radiography
HP:0001840,foot radiography
HP:0008133,foot radiography
HP:0008079,foot radiography
HP:0025332,foot radiography
HP:0025333,foot radiography
HP:0001770,foot radiography
HP:0010712,foot radiography
HP:0010713,foot radiography
HP:0010714,foot radiography
HP:0010715,foot radiography
HP:0010716,foot radiography
HP:0010717,foot radiography
HP:0005709,foot radiography
HP:0004691,foot radiography
HP:0004692,foot radiography
HP:0009779,foot radiography
HP:0005767,foot radiography
HP:0005768,foot radiography
HP:0010621,foot radiography
HP:0001459,foot radiography
HP:0010711,foot radiography
HP:0001850,foot radiography
HP:0041247,foot radiography
HP:0008138,foot radiography
HP:0008108,foot radiography
HP:0041150,foot radiography
HP:0008134,foot radiography
HP:0008103,foot radiography
HP:0008369,foot radiography
HP:0008368,foot radiography
HP:0008365,foot radiography
HP:0008076,foot radiography
HP:0041061,foot radiography
HP:0008364,foot radiography
HP:0008363,foot radiography
HP:0100339,foot radiography
HP:0009132,foot radiography
HP:0006234,foot radiography
HP:0001848,foot radiography
HP:0012789,foot radiography
HP:0041149,foot radiography
HP:0008127,foot radiography
HP:0011836,foot radiography
HP:0004688,foot radiography
HP:0033977,foot radiography
HP:0008122,foot radiography
HP:0005802,foot radiography
HP:0008097,foot radiography
HP:0010888,foot radiography
HP:0008095,foot radiography
HP:0010509,foot radiography
HP:0041228,foot radiography
HP:0041227,foot radiography
HP:0041226,foot radiography
HP:0001838,foot radiography
HP:0005682,foot radiography
HP:0012428,foot radiography
HP:0041164,foot radiography
HP:0008119,foot radiography
HP:0004679,foot radiography
HP:0008117,foot radiography
HP:0008144,foot radiography
HP:0001775,foot radiography
HP:0008142,foot radiography
HP:0004695,foot radiography
HP:0100498,foot radiography
HP:0010051,foot radiography
HP:0011918,foot radiography
HP:0001822,foot radiography
HP:0010344,foot radiography
HP:0040018,foot radiography
HP:0010326,foot radiography
HP:0008096,foot radiography
HP:0005824,foot radiography
HP:0100342,foot radiography
HP:0100341,foot radiography
HP:0011926,foot radiography
HP:0100347,foot radiography
HP:0100346,foot radiography
HP:0100345,foot radiography
HP:0100344,foot radiography
HP:0100343,foot radiography
HP:0010338,foot radiography
HP:0100340,foot radiography
HP:0001864,foot radiography
HP:0008115,foot radiography
HP:0001863,foot radiography
HP:0010332,foot radiography
HP:0100499,foot radiography
HP:0008080,foot radiography
HP:0100500,foot radiography
HP:0100747,foot radiography
HP:0010160,foot radiography
HP:0010143,foot radiography
HP:0010149,foot radiography
HP:0010148,foot radiography
HP:0010146,foot radiography
HP:0010145,foot radiography
HP:0010144,foot radiography
HP:0010140,foot radiography
HP:0100229,foot radiography
HP:0100228,foot radiography
HP:0100227,foot radiography
HP:0100226,foot radiography
HP:0100225,foot radiography
HP:0100224,foot radiography
HP:0100223,foot radiography
HP:0100221,foot radiography
HP:0100220,foot radiography
HP:0100108,foot radiography
HP:0100107,foot radiography
HP:0100106,foot radiography
HP:0100105,foot radiography
HP:0100104,foot radiography
HP:0100103,foot radiography
HP:0100102,foot radiography
HP:0100101,foot radiography
HP:0100100,foot radiography
HP:0010130,foot radiography
HP:0010131,foot radiography
HP:0010132,foot radiography
HP:0010139,foot radiography
HP:0010138,foot radiography
HP:0010137,foot radiography
HP:0010135,foot radiography
HP:0010134,foot radiography
HP:0010133,foot radiography
HP:0100219,foot radiography
HP:0100218,foot radiography
HP:0100217,foot radiography
HP:0100216,foot radiography
HP:0100215,foot radiography
HP:0100214,foot radiography
HP:0100213,foot radiography
HP:0100212,foot radiography
HP:0100210,foot radiography
HP:0010120,foot radiography
HP:0010121,foot radiography
HP:0010129,foot radiography
HP:0010128,foot radiography
HP:0010127,foot radiography
HP:0010126,foot radiography
HP:0010125,foot radiography
HP:0010124,foot radiography
HP:0010123,foot radiography
HP:0100209,foot radiography
HP:0100208,foot radiography
HP:0100207,foot radiography
HP:0100206,foot radiography
HP:0100205,foot radiography
HP:0100204,foot radiography
HP:0100203,foot radiography
HP:0100202,foot radiography
HP:0100201,foot radiography
HP:0010119,foot radiography
HP:0010118,foot radiography
HP:0010117,foot radiography
HP:0010116,foot radiography
HP:0010115,foot radiography
HP:0010114,foot radiography
HP:0010113,foot radiography
HP:0010341,foot radiography
HP:0010335,foot radiography
HP:0010329,foot radiography
HP:0010323,foot radiography
HP:0100099,foot radiography
HP:0100098,foot radiography
HP:0100097,foot radiography
HP:0100096,foot radiography
HP:0100095,foot radiography
HP:0100094,foot radiography
HP:0100093,foot radiography
HP:0100092,foot radiography
HP:0100091,foot radiography
HP:0100090,foot radiography
HP:0100089,foot radiography
HP:0100088,foot radiography
HP:0100087,foot radiography
HP:0100085,foot radiography
HP:0100084,foot radiography
HP:0100083,foot radiography
HP:0100082,foot radiography
HP:0100081,foot radiography
HP:0100080,foot radiography
HP:0100199,foot radiography
HP:0100198,foot radiography
HP:0100197,foot radiography
HP:0100196,foot radiography
HP:0100195,foot radiography
HP:0100194,foot radiography
HP:0100193,foot radiography
HP:0100192,foot radiography
HP:0100191,foot radiography
HP:0100190,foot radiography
HP:0100079,foot radiography
HP:0100078,foot radiography
HP:0100077,foot radiography
HP:0100076,foot radiography
HP:0100074,foot radiography
HP:0100073,foot radiography
HP:0100072,foot radiography
HP:0100071,foot radiography
HP:0100070,foot radiography
HP:0100188,foot radiography
HP:0100187,foot radiography
HP:0100186,foot radiography
HP:0100185,foot radiography
HP:0100184,foot radiography
HP:0100183,foot radiography
HP:0100182,foot radiography
HP:0100181,foot radiography
HP:0100180,foot radiography
HP:0100069,foot radiography
HP:0100068,foot radiography
HP:0100067,foot radiography
HP:0100066,foot radiography
HP:0100065,foot radiography
HP:0100063,foot radiography
HP:0100062,foot radiography
HP:0100061,foot radiography
HP:0100060,foot radiography
HP:0100179,foot radiography
HP:0100177,foot radiography
HP:0100176,foot radiography
HP:0100175,foot radiography
HP:0100174,foot radiography
HP:0100173,foot radiography
HP:0100172,foot radiography
HP:0100171,foot radiography
HP:0100170,foot radiography
HP:0100059,foot radiography
HP:0100058,foot radiography
HP:0100057,foot radiography
HP:0100056,foot radiography
HP:0100055,foot radiography
HP:0100054,foot radiography
HP:0100052,foot radiography
HP:0100051,foot radiography
HP:0100050,foot radiography
HP:0100169,foot radiography
HP:0100167,foot radiography
HP:0100165,foot radiography
HP:0100164,foot radiography
HP:0100163,foot radiography
HP:0100162,foot radiography
HP:0100161,foot radiography
HP:0100160,foot radiography
HP:0100049,foot radiography
HP:0100048,foot radiography
HP:0100047,foot radiography
HP:0100046,foot radiography
HP:0100045,foot radiography
HP:0100044,foot radiography
HP:0100159,foot radiography
HP:0100158,foot radiography
HP:0100157,foot radiography
HP:0100156,foot radiography
HP:0100154,foot radiography
HP:0100153,foot radiography
HP:0100152,foot radiography
HP:0100151,foot radiography
HP:0100150,foot radiography
HP:0100149,foot radiography
HP:0100148,foot radiography
HP:0100147,foot radiography
HP:0100146,foot radiography
HP:0100145,foot radiography
HP:0100143,foot radiography
HP:0100142,foot radiography
HP:0100141,foot radiography
HP:0100140,foot radiography
HP:0010172,foot radiography
HP:0010170,foot radiography
HP:0010056,foot radiography
HP:0100139,foot radiography
HP:0100138,foot radiography
HP:0100137,foot radiography
HP:0100136,foot radiography
HP:0100135,foot radiography
HP:0100132,foot radiography
HP:0100130,foot radiography
HP:0010169,foot radiography
HP:0010168,foot radiography
HP:0010167,foot radiography
HP:0010166,foot radiography
HP:0010165,foot radiography
HP:0010164,foot radiography
HP:0010163,foot radiography
HP:0010162,foot radiography
HP:0100129,foot radiography
HP:0100128,foot radiography
HP:0100127,foot radiography
HP:0100126,foot radiography
HP:0100125,foot radiography
HP:0100124,foot radiography
HP:0100123,foot radiography
HP:0100122,foot radiography
HP:0100121,foot radiography
HP:0010159,foot radiography
HP:0010158,foot radiography
HP:0010157,foot radiography
HP:0010156,foot radiography
HP:0010155,foot radiography
HP:0010154,foot radiography
HP:0010153,foot radiography
HP:0010152,foot radiography
HP:0010150,foot radiography
HP:0100234,foot radiography
HP:0100232,foot radiography
HP:0100231,foot radiography
HP:0100230,foot radiography
HP:0100119,foot radiography
HP:0100118,foot radiography
HP:0100117,foot radiography
HP:0100116,foot radiography
HP:0100115,foot radiography
HP:0100114,foot radiography
HP:0100113,foot radiography
HP:0100112,foot radiography
HP:0100111,foot radiography
HP:0100110,foot radiography
HP:0010141,foot radiography
HP:0010142,foot radiography
HP:0001991,foot radiography
HP:0030031,foot radiography
HP:0010331,foot radiography
HP:0010760,foot radiography
HP:0010337,foot radiography
HP:0011305,foot radiography
HP:0010343,foot radiography
HP:0012386,foot radiography
HP:0011917,foot radiography
HP:0008093,foot radiography
HP:0008362,foot radiography
HP:0001885,foot radiography
HP:0010109,foot radiography
HP:0001831,foot radiography
HP:0005643,foot radiography
HP:0010325,foot radiography
HP:0006494,foot radiography
HP:0001773,foot radiography
HP:0030032,foot radiography
HP:0009820,foot radiography
HP:0011301,foot radiography
HP:0009140,foot radiography
HP:0100235,foot radiography
HP:0009134,foot radiography
HP:0009136,foot radiography
HP:0001853,foot radiography
HP:0010219,foot radiography
HP:0001780,foot radiography
HP:0008094,foot radiography
HP:0001837,foot radiography
HP:0031009,foot radiography
HP:0001844,foot radiography
HP:0001847,foot radiography
HP:0001852,foot radiography
HP:0031091,foot radiography
HP:0008111,foot radiography
HP:0001782,foot radiography
HP:0010319,foot radiography
HP:0010321,foot radiography
HP:0010322,foot radiography
HP:0010320,foot radiography
HP:0100042,foot radiography
HP:0100043,foot radiography
HP:0100040,foot radiography
HP:0100041,foot radiography
HP:0010510,foot radiography
HP:0010511,foot radiography
HP:0008081,foot radiography
HP:0034673,foot radiography
HP:0003029,foot radiography
HP:0032063,foot radiography
HP:0041153,foot radiography
HP:0034679,foot radiography
HP:0034678,foot radiography
HP:0034677,foot radiography
HP:0034680,foot radiography
HP:0025132,circulating hormone measurement
HP:0008214,circulating hormone measurement
HP:0025140,circulating hormone measurement
HP:0025139,circulating hormone measurement
HP:0025138,circulating hormone measurement
HP:0025137,circulating hormone measurement
HP:0025136,circulating hormone measurement
HP:0025135,circulating hormone measurement
HP:0025134,circulating hormone measurement
HP:0025133,circulating hormone measurement
HP:0002921,cerebrospinal fluid analysis
HP:0034429,cerebrospinal fluid analysis
HP:0030978,cerebrospinal fluid analysis
HP:0002922,cerebrospinal fluid analysis
HP:0025456,cerebrospinal fluid analysis
HP:0025458,cerebrospinal fluid analysis
HP:0025459,cerebrospinal fluid analysis
HP:0025457,cerebrospinal fluid analysis
HP:0500239,cerebrospinal fluid analysis
HP:0500238,cerebrospinal fluid analysis
HP:0030981,cerebrospinal fluid analysis
HP:0012229,cerebrospinal fluid analysis
HP:0025683,cerebrospinal fluid analysis
HP:0025688,cerebrospinal fluid analysis
HP:0025687,cerebrospinal fluid analysis
HP:0025686,cerebrospinal fluid analysis
HP:0025685,cerebrospinal fluid analysis
HP:0025684,cerebrospinal fluid analysis
HP:0030998,cerebrospinal fluid analysis
HP:0012510,cerebrospinal fluid analysis
HP:0410310,cerebrospinal fluid analysis
HP:0410311,cerebrospinal fluid analysis
HP:0410312,cerebrospinal fluid analysis
HP:0200149,cerebrospinal fluid analysis
HP:0012756,cerebrospinal fluid analysis
HP:0030860,cerebrospinal fluid analysis
HP:0030861,cerebrospinal fluid analysis
HP:0030862,cerebrospinal fluid analysis
HP:0009704,cerebrospinal fluid analysis
HP:0041043,cerebrospinal fluid analysis
HP:0032928,cerebrospinal fluid analysis
HP:0034406,cerebrospinal fluid analysis
HP:0032650,cerebrospinal fluid analysis
HP:0032651,cerebrospinal fluid analysis
HP:0032652,cerebrospinal fluid analysis
HP:0025454,cerebrospinal fluid analysis
HP:0034597,cerebrospinal fluid analysis
HP:0034605,cerebrospinal fluid analysis
HP:0003836,shoulder radiograph procedure
HP:0000782,shoulder radiograph procedure
HP:0041244,shoulder radiograph procedure
HP:0006631,shoulder radiograph procedure
HP:0006713,shoulder radiograph procedure
HP:0006633,shoulder radiograph procedure
HP:0011912,shoulder radiograph procedure
HP:0000911,shoulder radiograph procedure
HP:0000912,shoulder radiograph procedure
HP:0006591,shoulder radiograph procedure
HP:0001474,shoulder radiograph procedure
HP:0000882,shoulder radiograph procedure
HP:0003691,shoulder radiograph procedure
HP:0010317,shoulder radiograph procedure
HP:0006650,shoulder radiograph procedure
HP:0031233,shoulder radiograph procedure
HP:0006584,shoulder radiograph procedure
HP:0034500,shoulder radiograph procedure
HP:0000164,examination by dentist
HP:0034515,examination by dentist
HP:0033779,examination by dentist
HP:0033777,examination by dentist
HP:0033778,examination by dentist
HP:0033776,examination by dentist
HP:0009804,examination by dentist
HP:0011069,examination by dentist
HP:0011068,examination by dentist
HP:0011067,examination by dentist
HP:0011065,examination by dentist
HP:0011064,examination by dentist
HP:0009102,examination by dentist
HP:0011063,examination by dentist
HP:0011062,examination by dentist
HP:0011061,examination by dentist
HP:0011060,examination by dentist
HP:0011059,examination by dentist
HP:0011058,examination by dentist
HP:0011057,examination by dentist
HP:0011056,examination by dentist
HP:0011055,examination by dentist
HP:0011054,examination by dentist
HP:0011053,examination by dentist
HP:0011052,examination by dentist
HP:0011051,examination by dentist
HP:0011050,examination by dentist
HP:0030758,examination by dentist
HP:0030757,examination by dentist
HP:0030756,examination by dentist
HP:0011049,examination by dentist
HP:0011048,examination by dentist
HP:0011047,examination by dentist
HP:0011046,examination by dentist
HP:0011045,examination by dentist
HP:0011044,examination by dentist
HP:0008498,examination by dentist
HP:0034270,examination by dentist
HP:0001593,examination by dentist
HP:0001592,examination by dentist
HP:0040159,examination by dentist
HP:0010299,examination by dentist
HP:0000699,examination by dentist
HP:0000698,examination by dentist
HP:0000696,examination by dentist
HP:0000695,examination by dentist
HP:0000694,examination by dentist
HP:0000692,examination by dentist
HP:0000691,examination by dentist
HP:0000690,examination by dentist
HP:0033189,examination by dentist
HP:0200161,examination by dentist
HP:0200160,examination by dentist
HP:0200159,examination by dentist
HP:0000687,examination by dentist
HP:0000689,examination by dentist
HP:0000685,examination by dentist
HP:0000680,examination by dentist
HP:0000683,examination by dentist
HP:0000684,examination by dentist
HP:0000682,examination by dentist
HP:0001572,examination by dentist
HP:0001571,examination by dentist
HP:0000166,examination by dentist
HP:0009722,examination by dentist
HP:0006358,examination by dentist
HP:0006357,examination by dentist
HP:0200158,examination by dentist
HP:0006355,examination by dentist
HP:0200154,examination by dentist
HP:0006353,examination by dentist
HP:0006352,examination by dentist
HP:0200153,examination by dentist
HP:0006350,examination by dentist
HP:0100612,examination by dentist
HP:0000703,examination by dentist
HP:0000700,examination by dentist
HP:0000677,examination by dentist
HP:0000679,examination by dentist
HP:0000678,examination by dentist
HP:0001566,examination by dentist
HP:0000676,examination by dentist
HP:0000675,examination by dentist
HP:0000674,examination by dentist
HP:0000706,examination by dentist
HP:0000704,examination by dentist
HP:0000705,examination by dentist
HP:0000670,examination by dentist
HP:0006349,examination by dentist
HP:0012413,examination by dentist
HP:0006347,examination by dentist
HP:0006346,examination by dentist
HP:0006344,examination by dentist
HP:0006342,examination by dentist
HP:0200141,examination by dentist
HP:0000668,examination by dentist
HP:0012225,examination by dentist
HP:0006486,examination by dentist
HP:0034415,examination by dentist
HP:0025009,examination by dentist
HP:0006339,examination by dentist
HP:0006338,examination by dentist
HP:0006337,examination by dentist
HP:0006336,examination by dentist
HP:0006335,examination by dentist
HP:0006334,examination by dentist
HP:0006333,examination by dentist
HP:0006332,examination by dentist
HP:0006485,examination by dentist
HP:0006330,examination by dentist
HP:0006483,examination by dentist
HP:0010807,examination by dentist
HP:0006482,examination by dentist
HP:0006481,examination by dentist
HP:0012738,examination by dentist
HP:0006480,examination by dentist
HP:0040079,examination by dentist
HP:0006297,examination by dentist
HP:0006326,examination by dentist
HP:0006323,examination by dentist
HP:0200094,examination by dentist
HP:0006293,examination by dentist
HP:0006292,examination by dentist
HP:0006291,examination by dentist
HP:0006290,examination by dentist
HP:0006479,examination by dentist
HP:0006321,examination by dentist
HP:0006289,examination by dentist
HP:0006288,examination by dentist
HP:0006286,examination by dentist
HP:0006285,examination by dentist
HP:0006316,examination by dentist
HP:0006283,examination by dentist
HP:0006282,examination by dentist
HP:0006315,examination by dentist
HP:0010603,examination by dentist
HP:0006313,examination by dentist
HP:0006311,examination by dentist
HP:0011095,examination by dentist
HP:0011094,examination by dentist
HP:0011093,examination by dentist
HP:0011092,examination by dentist
HP:0011091,examination by dentist
HP:0011090,examination by dentist
HP:0033791,examination by dentist
HP:0033792,examination by dentist
HP:0033790,examination by dentist
HP:0006304,examination by dentist
HP:0006302,examination by dentist
HP:0011087,examination by dentist
HP:0011088,examination by dentist
HP:0011089,examination by dentist
HP:0011083,examination by dentist
HP:0011084,examination by dentist
HP:0011086,examination by dentist
HP:0011085,examination by dentist
HP:0025124,examination by dentist
HP:0025123,examination by dentist
HP:0011082,examination by dentist
HP:0011081,examination by dentist
HP:0011080,examination by dentist
HP:0410027,examination by dentist
HP:0100717,examination by dentist
HP:0410026,examination by dentist
HP:0033788,examination by dentist
HP:0033786,examination by dentist
HP:0033787,examination by dentist
HP:0033784,examination by dentist
HP:0033785,examination by dentist
HP:0003771,examination by dentist
HP:0040221,examination by dentist
HP:0033782,examination by dentist
HP:0033783,examination by dentist
HP:0011079,examination by dentist
HP:0011078,examination by dentist
HP:0011077,examination by dentist
HP:0011076,examination by dentist
HP:0011075,examination by dentist
HP:0011074,examination by dentist
HP:0011073,examination by dentist
HP:0011072,examination by dentist
HP:0011071,examination by dentist
HP:0011070,examination by dentist
HP:0033781,examination by dentist
HP:0033780,examination by dentist
HP:0040220,examination by dentist
HP:0012328,examination by dentist
HP:0025116,examination by neonatologist
HP:0012379,enzyme activity assessment
HP:0003206,enzyme activity assessment
HP:0003654,enzyme activity assessment
HP:0003655,enzyme activity assessment
HP:0003353,enzyme activity assessment
HP:0031835,enzyme activity assessment
HP:0031836,enzyme activity assessment
HP:0031837,enzyme activity assessment
HP:0003209,enzyme activity assessment
HP:0003656,enzyme activity assessment
HP:0004342,enzyme activity assessment
HP:0020175,enzyme activity assessment
HP:0025109,enzyme activity assessment
HP:0040175,enzyme activity assessment
HP:0003282,enzyme activity assessment
HP:0003210,enzyme activity assessment
HP:0010638,enzyme activity assessment
HP:0010639,enzyme activity assessment
HP:0034202,enzyme activity assessment
HP:0034203,enzyme activity assessment
HP:0032530,enzyme activity assessment
HP:0410144,enzyme activity assessment
HP:0410145,enzyme activity assessment
HP:0410146,enzyme activity assessment
HP:0032459,enzyme activity assessment
HP:0002910,enzyme activity assessment
HP:0012380,enzyme activity assessment
HP:0034053,enzyme activity assessment
HP:0004358,enzyme activity assessment
HP:0003524,enzyme activity assessment
HP:0033597,enzyme activity assessment
HP:0045040,enzyme activity assessment
HP:0045041,enzyme activity assessment
HP:0032460,enzyme activity assessment
HP:0033978,enzyme activity assessment
HP:0030948,enzyme activity assessment
HP:0008150,enzyme activity assessment
HP:0012544,enzyme activity assessment
HP:0012545,enzyme activity assessment
HP:0003155,enzyme activity assessment
HP:0034367,enzyme activity assessment
HP:0030270,enzyme activity assessment
HP:0030272,enzyme activity assessment
HP:0030273,enzyme activity assessment
HP:0003533,enzyme activity assessment
HP:0003536,enzyme activity assessment
HP:0003534,enzyme activity assessment
HP:0034444,enzyme activity assessment
HP:0034445,enzyme activity assessment
HP:0003538,enzyme activity assessment
HP:0012400,enzyme activity assessment
HP:0008318,enzyme activity assessment
HP:0008161,enzyme activity assessment
HP:0025433,enzyme activity assessment
HP:0025435,enzyme activity assessment
HP:0008166,enzyme activity assessment
HP:0034300,enzyme activity assessment
HP:0002932,enzyme activity assessment
HP:0004379,enzyme activity assessment
HP:0032932,enzyme activity assessment
HP:0041044,enzyme activity assessment
HP:0033168,enzyme activity assessment
HP:0003240,enzyme activity assessment
HP:0100950,enzyme activity assessment
HP:0000816,enzyme activity assessment
HP:0031205,enzyme activity assessment
HP:0031956,enzyme activity assessment
HP:0031209,enzyme activity assessment
HP:0040142,enzyme activity assessment
HP:0033477,enzyme activity assessment
HP:0033478,enzyme activity assessment
HP:0003258,enzyme activity assessment
HP:0010679,enzyme activity assessment
HP:0003637,enzyme activity assessment
HP:0031964,enzyme activity assessment
HP:0033182,enzyme activity assessment
HP:0005982,enzyme activity assessment
HP:0034322,enzyme activity assessment
HP:0010680,enzyme activity assessment
HP:0010681,enzyme activity assessment
HP:0010682,enzyme activity assessment
HP:0010683,enzyme activity assessment
HP:0010684,enzyme activity assessment
HP:0010685,enzyme activity assessment
HP:0010686,enzyme activity assessment
HP:0010687,enzyme activity assessment
HP:0031823,enzyme activity assessment
HP:0031821,enzyme activity assessment
HP:0031822,enzyme activity assessment
HP:0010688,enzyme activity assessment
HP:0410349,enzyme activity assessment
HP:0003643,enzyme activity assessment
HP:0410192,enzyme activity assessment
HP:0410193,enzyme activity assessment
HP:0410194,enzyme activity assessment
HP:0410195,enzyme activity assessment
HP:0410196,enzyme activity assessment
HP:0410197,enzyme activity assessment
HP:0410198,enzyme activity assessment
HP:0003349,enzyme activity assessment
HP:0004852,enzyme activity assessment
HP:0003568,enzyme activity assessment
HP:0200148,enzyme activity assessment
HP:0003570,enzyme activity assessment
HP:0003343,enzyme activity assessment
HP:0031901,enzyme activity assessment
HP:0003649,enzyme activity assessment
HP:0003267,enzyme activity assessment
HP:0012517,enzyme activity assessment
HP:0034407,enzyme activity assessment
HP:0410180,enzyme activity assessment
HP:0410181,enzyme activity assessment
HP:0410182,enzyme activity assessment
HP:0012379,enzyme activity assessment
HP:0034633,enzyme activity assessment
HP:0034599,enzyme activity assessment
HP:4000100,enzyme activity assessment
HP:0034691,enzyme activity assessment
HP:0034690,enzyme activity assessment
HP:0034688,enzyme activity assessment
HP:0034689,enzyme activity assessment
HP:0034555,enzyme activity assessment
HP:4000164,enzyme activity assessment
HP:4000163,enzyme activity assessment
HP:4000162,enzyme activity assessment
HP:0034545,enzyme activity assessment
HP:0034544,enzyme activity assessment
HP:0034527,enzyme activity assessment
HP:0034529,enzyme activity assessment
HP:0034526,enzyme activity assessment
HP:0001123,perimetry examination
HP:0030588,perimetry examination
HP:0030589,perimetry examination
HP:0000603,perimetry examination
HP:0007994,perimetry examination
HP:0030516,perimetry examination
HP:0030517,perimetry examination
HP:0030518,perimetry examination
HP:0030519,perimetry examination
HP:0001129,perimetry examination
HP:0007854,perimetry examination
HP:0007761,perimetry examination
HP:0030590,perimetry examination
HP:0030591,perimetry examination
HP:0030592,perimetry examination
HP:0030593,perimetry examination
HP:0030594,perimetry examination
HP:0030595,perimetry examination
HP:0030596,perimetry examination
HP:0030597,perimetry examination
HP:0030598,perimetry examination
HP:0030599,perimetry examination
HP:0010822,perimetry examination
HP:0030520,perimetry examination
HP:0000575,perimetry examination
HP:0000576,perimetry examination
HP:0030522,perimetry examination
HP:0001133,perimetry examination
HP:0030521,perimetry examination
HP:0030526,perimetry examination
HP:0030527,perimetry examination
HP:0030528,perimetry examination
HP:0030529,perimetry examination
HP:0030525,perimetry examination
HP:0030644,perimetry examination
HP:0007987,perimetry examination
HP:0012377,perimetry examination
HP:0030530,perimetry examination
HP:0030531,perimetry examination
HP:0002475,MRI of the spinal cord
HP:0100561,MRI of the spinal cord
HP:0100566,MRI of the spinal cord
HP:0100565,MRI of the spinal cord
HP:0002176,MRI of the spinal cord
HP:0002341,MRI of the spinal cord
HP:0100775,MRI of the spinal cord
HP:0002390,MRI of the spinal cord
HP:0010304,MRI of the spinal cord
HP:0010303,MRI of the spinal cord
HP:0032267,MRI of the spinal cord
HP:0032268,MRI of the spinal cord
HP:0009744,MRI of the spinal cord
HP:0012486,MRI of the spinal cord
HP:0010873,MRI of the spinal cord
HP:0033631,MRI of the spinal cord
HP:0010497,MRI of the spinal cord
HP:0007663,visual acuity assessment
HP:0032287,visual acuity assessment
HP:0000618,visual acuity assessment
HP:0030568,visual acuity assessment
HP:0030567,visual acuity assessment
HP:0030566,visual acuity assessment
HP:0030565,visual acuity assessment
HP:0030562,visual acuity assessment
HP:0030569,visual acuity assessment
HP:0030570,visual acuity assessment
HP:0030571,visual acuity assessment
HP:0030572,visual acuity assessment
HP:0030573,visual acuity assessment
HP:0030574,visual acuity assessment
HP:0030575,visual acuity assessment
HP:0030576,visual acuity assessment
HP:0030577,visual acuity assessment
HP:0030578,visual acuity assessment
HP:0030579,visual acuity assessment
HP:0030532,visual acuity assessment
HP:0030533,visual acuity assessment
HP:0030534,visual acuity assessment
HP:0030535,visual acuity assessment
HP:0032037,visual acuity assessment
HP:0030537,visual acuity assessment
HP:0030538,visual acuity assessment
HP:0030539,visual acuity assessment
HP:0030536,visual acuity assessment
HP:0032122,visual acuity assessment
HP:0032123,visual acuity assessment
HP:0001117,visual acuity assessment
HP:0030580,visual acuity assessment
HP:0030581,visual acuity assessment
HP:0030582,visual acuity assessment
HP:0030583,visual acuity assessment
HP:0030540,visual acuity assessment
HP:0030541,visual acuity assessment
HP:0030542,visual acuity assessment
HP:0030543,visual acuity assessment
HP:0030544,visual acuity assessment
HP:0030545,visual acuity assessment
HP:0030546,visual acuity assessment
HP:0030547,visual acuity assessment
HP:0030548,visual acuity assessment
HP:0030549,visual acuity assessment
HP:0000646,visual acuity assessment
HP:0030550,visual acuity assessment
HP:0030551,visual acuity assessment
HP:0030552,visual acuity assessment
HP:0030553,visual acuity assessment
HP:0030554,visual acuity assessment
HP:0030555,visual acuity assessment
HP:0030556,visual acuity assessment
HP:0030557,visual acuity assessment
HP:0007875,visual acuity assessment
HP:0030559,visual acuity assessment
HP:0030558,visual acuity assessment
HP:0030515,visual acuity assessment
HP:0001141,visual acuity assessment
HP:0030560,visual acuity assessment
HP:0030561,visual acuity assessment
HP:0030563,visual acuity assessment
HP:0030564,visual acuity assessment
HP:0032284,visual acuity assessment
HP:0032285,visual acuity assessment
HP:0032286,visual acuity assessment
HP:0001104,optical coherence tomography
HP:0003328,hair microscopy
HP:0032470,hair microscopy
HP:0045055,hair microscopy
HP:0003329,hair microscopy
HP:0002235,hair microscopy
HP:0034354,hair microscopy
HP:0003777,hair microscopy
HP:0034425,hair microscopy
HP:0009886,hair microscopy
HP:0034542,hair microscopy
HP:0410183,leukocyte enzyme activity assessment
HP:0410190,leukocyte enzyme activity assessment
HP:0410191,leukocyte enzyme activity assessment
HP:0410184,erythrocyte enzyme activity assessment
HP:0410188,erythrocyte enzyme activity assessment
HP:0410189,erythrocyte enzyme activity assessment
HP:0410185,tissue enzyme activity assessment
HP:0410186,tissue enzyme activity assessment
HP:0410187,tissue enzyme activity assessment
HP:0000776,fetal ultrasonography
HP:0025193,fetal ultrasonography
HP:0025194,fetal ultrasonography
HP:0025195,fetal ultrasonography
HP:0009112,fetal ultrasonography
HP:0032592,fetal ultrasonography
HP:0002414,fetal ultrasonography
HP:0004601,fetal ultrasonography
HP:0003298,fetal ultrasonography
HP:0004614,fetal ultrasonography
HP:0005857,fetal ultrasonography
HP:0100821,fetal ultrasonography
HP:0004961,fetal ultrasonography
HP:0034058,fetal ultrasonography
HP:0034057,fetal ultrasonography
HP:0025662,fetal ultrasonography
HP:0011428,fetal ultrasonography
HP:0011431,fetal ultrasonography
HP:0011430,fetal ultrasonography
HP:0034072,fetal ultrasonography
HP:0025705,fetal ultrasonography
HP:0025706,fetal ultrasonography
HP:4000142,fetal ultrasonography
HP:0025707,fetal ultrasonography
HP:0032269,fetal ultrasonography
HP:0025663,fetal ultrasonography
HP:0034073,fetal ultrasonography
HP:0034074,fetal ultrasonography
HP:0034226,fetal ultrasonography
HP:0011429,fetal ultrasonography
HP:0011418,fetal ultrasonography
HP:0033991,fetal ultrasonography
HP:0030660,fetal ultrasonography
HP:0030658,fetal ultrasonography
HP:0030659,fetal ultrasonography
HP:0011417,fetal ultrasonography
HP:0011427,fetal ultrasonography
HP:0011425,fetal ultrasonography
HP:0011129,fetal ultrasonography
HP:0000474,fetal ultrasonography
HP:0010945,fetal ultrasonography
HP:0010943,fetal ultrasonography
HP:0010942,fetal ultrasonography
HP:0011426,fetal ultrasonography
HP:0010963,fetal ultrasonography
HP:0034250,fetal ultrasonography
HP:0010878,fetal ultrasonography
HP:0025656,fetal ultrasonography
HP:0025701,fetal ultrasonography
HP:0034248,fetal ultrasonography
HP:0034247,fetal ultrasonography
HP:0034246,fetal ultrasonography
HP:0034245,fetal ultrasonography
HP:0034244,fetal ultrasonography
HP:0034243,fetal ultrasonography
HP:0034242,fetal ultrasonography
HP:0034240,fetal ultrasonography
HP:0031170,fetal ultrasonography
HP:4000105,fetal ultrasonography
HP:0001791,fetal ultrasonography
HP:0001790,fetal ultrasonography
HP:4000139,fetal ultrasonography
HP:0025730,fetal ultrasonography
HP:4000140,fetal ultrasonography
HP:4000143,fetal ultrasonography
HP:0025674,fetal ultrasonography
HP:0025676,fetal ultrasonography
HP:0025671,fetal ultrasonography
HP:0001789,fetal ultrasonography
HP:0025677,fetal ultrasonography
HP:0025678,fetal ultrasonography
HP:0010948,fetal ultrasonography
HP:0034217,fetal ultrasonography
HP:4000138,fetal ultrasonography
HP:0025667,fetal ultrasonography
HP:0034206,fetal ultrasonography
HP:0034207,fetal ultrasonography
HP:0010880,fetal ultrasonography
HP:0032243,tissue metabolite measurement
HP:0030231,tissue metabolite measurement
HP:0030232,tissue metabolite measurement
HP:0040134,tissue metabolite measurement
HP:0025321,tissue metabolite measurement
HP:0012270,tissue metabolite measurement
HP:0410370,tissue metabolite measurement
HP:0045061,tissue metabolite measurement
HP:0034370,tissue metabolite measurement
HP:0410157,tissue metabolite measurement
HP:0032655,tissue metabolite measurement
HP:0012676,tissue metabolite measurement
HP:0020160,tissue metabolite measurement
HP:0012240,tissue metabolite measurement
HP:0004343,tissue metabolite measurement
HP:0004344,tissue metabolite measurement
HP:0004345,tissue metabolite measurement
HP:0030362,tissue metabolite measurement
HP:0009051,tissue metabolite measurement
HP:0012269,tissue metabolite measurement
HP:0003495,tissue metabolite measurement
HP:0410368,tissue metabolite measurement
HP:0410366,tissue metabolite measurement
HP:0010968,tissue metabolite measurement
HP:0010969,tissue metabolite measurement
HP:0033595,tissue metabolite measurement
HP:0034369,tissue metabolite measurement
HP:0012465,tissue metabolite measurement
HP:0009058,tissue metabolite measurement
HP:0008167,tissue metabolite measurement
HP:0025180,high-resolution pulmonary computed tomography
HP:0003254,in vitro DNA repair study
HP:0410166,in vitro DNA repair study
HP:0032189,in vitro DNA repair study
HP:0032188,in vitro DNA repair study
HP:0003213,in vitro DNA repair study
HP:0003079,in vitro DNA repair study
HP:0010701,circulating immunoglobulin measurement
HP:0002720,circulating immunoglobulin measurement
HP:0003496,circulating immunoglobulin measurement
HP:0032300,circulating immunoglobulin measurement
HP:0002850,circulating immunoglobulin measurement
HP:0020196,circulating immunoglobulin measurement
HP:0020195,circulating immunoglobulin measurement
HP:0020194,circulating immunoglobulin measurement
HP:0002848,circulating immunoglobulin measurement
HP:0041075,circulating immunoglobulin measurement
HP:0041074,circulating immunoglobulin measurement
HP:0041072,circulating immunoglobulin measurement
HP:0041071,circulating immunoglobulin measurement
HP:0041070,circulating immunoglobulin measurement
HP:0003212,circulating immunoglobulin measurement
HP:0008348,circulating immunoglobulin measurement
HP:0410308,circulating immunoglobulin measurement
HP:0410304,circulating immunoglobulin measurement
HP:0410306,circulating immunoglobulin measurement
HP:0410305,circulating immunoglobulin measurement
HP:0410303,circulating immunoglobulin measurement
HP:0005479,circulating immunoglobulin measurement
HP:0410302,circulating immunoglobulin measurement
HP:0410301,circulating immunoglobulin measurement
HP:0410300,circulating immunoglobulin measurement
HP:0041069,circulating immunoglobulin measurement
HP:0041068,circulating immunoglobulin measurement
HP:0041067,circulating immunoglobulin measurement
HP:0041066,circulating immunoglobulin measurement
HP:0041065,circulating immunoglobulin measurement
HP:0041063,circulating immunoglobulin measurement
HP:0041062,circulating immunoglobulin measurement
HP:0041060,circulating immunoglobulin measurement
HP:0031050,circulating immunoglobulin measurement
HP:0002961,circulating immunoglobulin measurement
HP:0041058,circulating immunoglobulin measurement
HP:0041057,circulating immunoglobulin measurement
HP:0041059,circulating immunoglobulin measurement
HP:0011837,circulating immunoglobulin measurement
HP:0003460,circulating immunoglobulin measurement
HP:0410245,circulating immunoglobulin measurement
HP:0010702,circulating immunoglobulin measurement
HP:0410244,circulating immunoglobulin measurement
HP:0410247,circulating immunoglobulin measurement
HP:0012476,circulating immunoglobulin measurement
HP:0012475,circulating immunoglobulin measurement
HP:0410249,circulating immunoglobulin measurement
HP:0410248,circulating immunoglobulin measurement
HP:0410246,circulating immunoglobulin measurement
HP:0031049,circulating immunoglobulin measurement
HP:0031048,circulating immunoglobulin measurement
HP:0031047,circulating immunoglobulin measurement
HP:0410243,circulating immunoglobulin measurement
HP:0410242,circulating immunoglobulin measurement
HP:0410241,circulating immunoglobulin measurement
HP:0410240,circulating immunoglobulin measurement
HP:0410371,circulating immunoglobulin measurement
HP:0003459,circulating immunoglobulin measurement
HP:0410238,circulating immunoglobulin measurement
HP:0033039,circulating immunoglobulin measurement
HP:0410236,circulating immunoglobulin measurement
HP:0410235,circulating immunoglobulin measurement
HP:0410234,circulating immunoglobulin measurement
HP:0410233,circulating immunoglobulin measurement
HP:0410232,circulating immunoglobulin measurement
HP:0410231,circulating immunoglobulin measurement
HP:0410230,circulating immunoglobulin measurement
HP:0410369,circulating immunoglobulin measurement
HP:0410367,circulating immunoglobulin measurement
HP:0003139,circulating immunoglobulin measurement
HP:0003261,circulating immunoglobulin measurement
HP:0033025,circulating immunoglobulin measurement
HP:0032299,circulating immunoglobulin measurement
HP:0032290,circulating immunoglobulin measurement
HP:0032298,circulating immunoglobulin measurement
HP:0004315,circulating immunoglobulin measurement
HP:0032297,circulating immunoglobulin measurement
HP:0004313,circulating immunoglobulin measurement
HP:0032296,circulating immunoglobulin measurement
HP:0032295,circulating immunoglobulin measurement
HP:0032294,circulating immunoglobulin measurement
HP:0032293,circulating immunoglobulin measurement
HP:0032292,circulating immunoglobulin measurement
HP:0032291,circulating immunoglobulin measurement
HP:0410229,circulating immunoglobulin measurement
HP:0410228,circulating immunoglobulin measurement
HP:0410227,circulating immunoglobulin measurement
HP:0410226,circulating immunoglobulin measurement
HP:0410225,circulating immunoglobulin measurement
HP:0410224,circulating immunoglobulin measurement
HP:0410223,circulating immunoglobulin measurement
HP:0410222,circulating immunoglobulin measurement
HP:0410221,circulating immunoglobulin measurement
HP:0410220,circulating immunoglobulin measurement
HP:0033024,circulating immunoglobulin measurement
HP:0033023,circulating immunoglobulin measurement
HP:0033022,circulating immunoglobulin measurement
HP:0033021,circulating immunoglobulin measurement
HP:0032339,circulating immunoglobulin measurement
HP:0032338,circulating immunoglobulin measurement
HP:0032337,circulating immunoglobulin measurement
HP:0032336,circulating immunoglobulin measurement
HP:0032335,circulating immunoglobulin measurement
HP:0032334,circulating immunoglobulin measurement
HP:0032333,circulating immunoglobulin measurement
HP:0032332,circulating immunoglobulin measurement
HP:0032289,circulating immunoglobulin measurement
HP:0032288,circulating immunoglobulin measurement
HP:0004432,circulating immunoglobulin measurement
HP:0005432,circulating immunoglobulin measurement
HP:0033018,circulating immunoglobulin measurement
HP:0033017,circulating immunoglobulin measurement
HP:0033016,circulating immunoglobulin measurement
HP:0410294,circulating immunoglobulin measurement
HP:0410299,circulating immunoglobulin measurement
HP:0410298,circulating immunoglobulin measurement
HP:0410297,circulating immunoglobulin measurement
HP:0410296,circulating immunoglobulin measurement
HP:0410295,circulating immunoglobulin measurement
HP:0032140,circulating immunoglobulin measurement
HP:0410293,circulating immunoglobulin measurement
HP:0410292,circulating immunoglobulin measurement
HP:0005424,circulating immunoglobulin measurement
HP:0032139,circulating immunoglobulin measurement
HP:0032138,circulating immunoglobulin measurement
HP:0032137,circulating immunoglobulin measurement
HP:0032136,circulating immunoglobulin measurement
HP:0032135,circulating immunoglobulin measurement
HP:0032134,circulating immunoglobulin measurement
HP:0032133,circulating immunoglobulin measurement
HP:0032132,circulating immunoglobulin measurement
HP:0003237,circulating immunoglobulin measurement
HP:0410211,blood gas assessment in umbilical cord blood
HP:0410215,blood gas assessment in umbilical cord blood
HP:0500259,blood gas assessment in umbilical cord blood
HP:0410214,blood gas assessment in umbilical cord blood
HP:0410213,blood gas assessment in umbilical cord blood
HP:0410212,blood gas assessment in umbilical cord blood
HP:0500258,blood gas assessment in umbilical cord blood
HP:0410251,L-selectin shedding study
HP:0410209,cerebrospinal fluid metabolite measurement
HP:0030896,gastrointestinal transit measurement
HP:0410204,gastrointestinal transit measurement
HP:0030897,gastrointestinal transit measurement
HP:0500097,stool xenobiotic measurement
HP:0410307,stool xenobiotic measurement
HP:0500098,stool xenobiotic measurement
HP:0410202,stool xenobiotic measurement
HP:0410285,stool xenobiotic measurement
HP:0410200,stool xenobiotic measurement
HP:0410203,gastric fluid xenobiotic measurement
HP:0500101,gastric fluid xenobiotic measurement
HP:0500099,hair xenobiotic measurement
HP:0410201,hair xenobiotic measurement
HP:0003762,pelvis MRI
HP:0001469,pelvis MRI
HP:0009013,pelvis MRI
HP:0500024,pelvis MRI
HP:0001443,pelvis MRI
HP:0001471,pelvis MRI
HP:0500026,pelvis MRI
HP:0001445,pelvis MRI
HP:0003665,pelvis MRI
HP:0008988,pelvis MRI
HP:0004320,pelvis MRI
HP:0001586,pelvis MRI
HP:0011027,pelvis MRI
HP:0008655,pelvis MRI
HP:0008697,pelvis MRI
HP:0032073,pelvis MRI
HP:0034492,pelvis MRI
HP:0010462,pelvis MRI
HP:0008724,pelvis MRI
HP:0010463,pelvis MRI
HP:0010464,pelvis MRI
HP:0100766,lymphography
HP:0005183,lymphography
HP:0003759,lymphography
HP:0008229,lymphography
HP:0006531,lymphography
HP:0031842,lymphography
HP:0006521,lymphography
HP:0045006,lymphography
HP:0002593,lymphography
HP:0033986,lymphography
HP:0006273,lymphography
HP:0031278,lymphography
HP:0100806,blood culture procedure
HP:0040187,blood culture procedure
HP:0002754,blood culture procedure
HP:0005661,blood culture procedure
HP:0001886,blood culture procedure
HP:0005010,blood culture procedure
HP:0031864,blood culture procedure
HP:0034543,blood culture procedure
HP:0034523,blood culture procedure
HP:0034524,blood culture procedure
HP:0034581,blood culture procedure
HP:0034639,blood culture procedure
HP:0100808,gastroscopy
HP:0005263,gastroscopy
HP:0005246,gastroscopy
HP:0002582,gastroscopy
HP:0005231,gastroscopy
HP:0002592,gastroscopy
HP:0034274,gastroscopy
HP:0004398,gastroscopy
HP:0033433,gastroscopy
HP:0012425,gastroscopy
HP:0005229,gastroscopy
HP:0032024,gastroscopy
HP:0034468,gastroscopy
HP:0100817,contrast angiography procedure
HP:0100822,defecography
HP:0002586,abdominal paracentesis
HP:0030717,abdominal paracentesis
HP:0001249,neurodevelopmental assessment
HP:0001256,neurodevelopmental assessment
HP:0002342,neurodevelopmental assessment
HP:0002187,neurodevelopmental assessment
HP:0006887,neurodevelopmental assessment
HP:0006889,neurodevelopmental assessment
HP:0010864,neurodevelopmental assessment
HP:0001263,neurodevelopmental assessment
HP:0012736,neurodevelopmental assessment
HP:0011342,neurodevelopmental assessment
HP:0011343,neurodevelopmental assessment
HP:0011344,neurodevelopmental assessment
HP:0012759,neurodevelopmental assessment
HP:0012758,neurodevelopmental assessment
HP:0033044,neurodevelopmental assessment
HP:0034332,neurodevelopmental assessment
HP:0006834,neurodevelopmental assessment
HP:0007281,neurodevelopmental assessment
HP:0002376,neurodevelopmental assessment
HP:0002588,duodenoscopy
HP:0003063,upper limb radiography
HP:0003876,upper limb radiography
HP:0003877,upper limb radiography
HP:0003900,upper limb radiography
HP:0003901,upper limb radiography
HP:0003902,upper limb radiography
HP:0003903,upper limb radiography
HP:0003879,upper limb radiography
HP:0003905,upper limb radiography
HP:0003906,upper limb radiography
HP:0003878,upper limb radiography
HP:0010598,upper limb radiography
HP:0010599,upper limb radiography
HP:0041088,upper limb radiography
HP:0003880,upper limb radiography
HP:0003881,upper limb radiography
HP:0003882,upper limb radiography
HP:0003883,upper limb radiography
HP:0003884,upper limb radiography
HP:0003885,upper limb radiography
HP:0010629,upper limb radiography
HP:0031095,upper limb radiography
HP:0005025,upper limb radiography
HP:0003888,upper limb radiography
HP:0003889,upper limb radiography
HP:0003886,upper limb radiography
HP:0003887,upper limb radiography
HP:0006441,upper limb radiography
HP:0003890,upper limb radiography
HP:0003891,upper limb radiography
HP:0012791,upper limb radiography
HP:0003893,upper limb radiography
HP:0003894,upper limb radiography
HP:0003895,upper limb radiography
HP:0003896,upper limb radiography
HP:0003892,upper limb radiography
HP:0003899,upper limb radiography
HP:0003926,upper limb radiography
HP:0006595,upper limb radiography
HP:0003927,upper limb radiography
HP:0003929,upper limb radiography
HP:0003928,upper limb radiography
HP:0003897,upper limb radiography
HP:0003898,upper limb radiography
HP:0006362,upper limb radiography
HP:0004997,upper limb radiography
HP:0003930,upper limb radiography
HP:0003931,upper limb radiography
HP:0003932,upper limb radiography
HP:0003933,upper limb radiography
HP:0003934,upper limb radiography
HP:0005687,upper limb radiography
HP:0003935,upper limb radiography
HP:0041055,upper limb radiography
HP:0003041,upper limb radiography
HP:0003862,upper limb radiography
HP:0003863,upper limb radiography
HP:0003864,upper limb radiography
HP:0003865,upper limb radiography
HP:0003866,upper limb radiography
HP:0003867,upper limb radiography
HP:0003868,upper limb radiography
HP:0003869,upper limb radiography
HP:0008838,upper limb radiography
HP:0006507,upper limb radiography
HP:0033262,upper limb radiography
HP:0005792,upper limb radiography
HP:0003870,upper limb radiography
HP:0003871,upper limb radiography
HP:0003874,upper limb radiography
HP:0003875,upper limb radiography
HP:0003839,upper limb radiography
HP:0009500,upper limb radiography
HP:0009501,upper limb radiography
HP:0009502,upper limb radiography
HP:0009503,upper limb radiography
HP:0009504,upper limb radiography
HP:0009505,upper limb radiography
HP:0009506,upper limb radiography
HP:0009507,upper limb radiography
HP:0009509,upper limb radiography
HP:0006213,upper limb radiography
HP:0005004,upper limb radiography
HP:0003998,upper limb radiography
HP:0003999,upper limb radiography
HP:0009510,upper limb radiography
HP:0009511,upper limb radiography
HP:0009512,upper limb radiography
HP:0009513,upper limb radiography
HP:0009514,upper limb radiography
HP:0009515,upper limb radiography
HP:0009516,upper limb radiography
HP:0009517,upper limb radiography
HP:0009518,upper limb radiography
HP:0005013,upper limb radiography
HP:0009488,upper limb radiography
HP:0009489,upper limb radiography
HP:0009520,upper limb radiography
HP:0009521,upper limb radiography
HP:0009522,upper limb radiography
HP:0009523,upper limb radiography
HP:0009524,upper limb radiography
HP:0009525,upper limb radiography
HP:0009526,upper limb radiography
HP:0009527,upper limb radiography
HP:0009528,upper limb radiography
HP:0009529,upper limb radiography
HP:0009148,upper limb radiography
HP:0009147,upper limb radiography
HP:0009149,upper limb radiography
HP:0009490,upper limb radiography
HP:0009492,upper limb radiography
HP:0009491,upper limb radiography
HP:0009493,upper limb radiography
HP:0009496,upper limb radiography
HP:0009495,upper limb radiography
HP:0009498,upper limb radiography
HP:0009497,upper limb radiography
HP:0009499,upper limb radiography
HP:0009531,upper limb radiography
HP:0009532,upper limb radiography
HP:0009533,upper limb radiography
HP:0009534,upper limb radiography
HP:0009153,upper limb radiography
HP:0009152,upper limb radiography
HP:0009155,upper limb radiography
HP:0009154,upper limb radiography
HP:0009159,upper limb radiography
HP:0009158,upper limb radiography
HP:0009160,upper limb radiography
HP:0009165,upper limb radiography
HP:0009166,upper limb radiography
HP:0009167,upper limb radiography
HP:0009200,upper limb radiography
HP:0009201,upper limb radiography
HP:0009202,upper limb radiography
HP:0009203,upper limb radiography
HP:0009204,upper limb radiography
HP:0009205,upper limb radiography
HP:0009206,upper limb radiography
HP:0009207,upper limb radiography
HP:0009208,upper limb radiography
HP:0010600,upper limb radiography
HP:0010601,upper limb radiography
HP:0009174,upper limb radiography
HP:0003696,upper limb radiography
HP:0010228,upper limb radiography
HP:0010229,upper limb radiography
HP:0006263,upper limb radiography
HP:0009210,upper limb radiography
HP:0009211,upper limb radiography
HP:0009212,upper limb radiography
HP:0009213,upper limb radiography
HP:0009214,upper limb radiography
HP:0009215,upper limb radiography
HP:0009216,upper limb radiography
HP:0009217,upper limb radiography
HP:0009218,upper limb radiography
HP:0009219,upper limb radiography
HP:0004222,upper limb radiography
HP:0004224,upper limb radiography
HP:0010231,upper limb radiography
HP:0010232,upper limb radiography
HP:0010233,upper limb radiography
HP:0010235,upper limb radiography
HP:0010236,upper limb radiography
HP:0009187,upper limb radiography
HP:0009188,upper limb radiography
HP:0010238,upper limb radiography
HP:0010237,upper limb radiography
HP:0010230,upper limb radiography
HP:0009221,upper limb radiography
HP:0009222,upper limb radiography
HP:0009223,upper limb radiography
HP:0009224,upper limb radiography
HP:0005068,upper limb radiography
HP:0009197,upper limb radiography
HP:0009198,upper limb radiography
HP:0009199,upper limb radiography
HP:0010247,upper limb radiography
HP:0010246,upper limb radiography
HP:0010245,upper limb radiography
HP:0010244,upper limb radiography
HP:0010249,upper limb radiography
HP:0041209,upper limb radiography
HP:0010248,upper limb radiography
HP:0010243,upper limb radiography
HP:0010596,upper limb radiography
HP:0010597,upper limb radiography
HP:0010250,upper limb radiography
HP:0010251,upper limb radiography
HP:0010253,upper limb radiography
HP:0010254,upper limb radiography
HP:0010255,upper limb radiography
HP:0010256,upper limb radiography
HP:0010257,upper limb radiography
HP:0010258,upper limb radiography
HP:0010259,upper limb radiography
HP:0041216,upper limb radiography
HP:0009247,upper limb radiography
HP:0009248,upper limb radiography
HP:0009249,upper limb radiography
HP:0010260,upper limb radiography
HP:0010261,upper limb radiography
HP:0010262,upper limb radiography
HP:0010264,upper limb radiography
HP:0010265,upper limb radiography
HP:0010266,upper limb radiography
HP:0010267,upper limb radiography
HP:0010268,upper limb radiography
HP:0010269,upper limb radiography
HP:0009599,upper limb radiography
HP:0004981,upper limb radiography
HP:0005093,upper limb radiography
HP:0009250,upper limb radiography
HP:0009252,upper limb radiography
HP:0041196,upper limb radiography
HP:0041198,upper limb radiography
HP:0009251,upper limb radiography
HP:0009254,upper limb radiography
HP:0009253,upper limb radiography
HP:0010270,upper limb radiography
HP:0010271,upper limb radiography
HP:0010272,upper limb radiography
HP:0010273,upper limb radiography
HP:0010275,upper limb radiography
HP:0010276,upper limb radiography
HP:0010277,upper limb radiography
HP:0010278,upper limb radiography
HP:0009255,upper limb radiography
HP:0009258,upper limb radiography
HP:0009257,upper limb radiography
HP:0009259,upper limb radiography
HP:0009261,upper limb radiography
HP:0009260,upper limb radiography
HP:0009263,upper limb radiography
HP:0009262,upper limb radiography
HP:0009265,upper limb radiography
HP:0009264,upper limb radiography
HP:0009266,upper limb radiography
HP:0009269,upper limb radiography
HP:0009268,upper limb radiography
HP:0009270,upper limb radiography
HP:0009271,upper limb radiography
HP:0004288,upper limb radiography
HP:0006026,upper limb radiography
HP:0009662,upper limb radiography
HP:0009663,upper limb radiography
HP:0009664,upper limb radiography
HP:0009665,upper limb radiography
HP:0009666,upper limb radiography
HP:0009667,upper limb radiography
HP:0009668,upper limb radiography
HP:0009669,upper limb radiography
HP:0006370,upper limb radiography
HP:0009320,upper limb radiography
HP:0009321,upper limb radiography
HP:0009322,upper limb radiography
HP:0009323,upper limb radiography
HP:0009324,upper limb radiography
HP:0009325,upper limb radiography
HP:0009326,upper limb radiography
HP:0009328,upper limb radiography
HP:0009329,upper limb radiography
HP:0005924,upper limb radiography
HP:0003846,upper limb radiography
HP:0006035,upper limb radiography
HP:0003844,upper limb radiography
HP:0009671,upper limb radiography
HP:0009672,upper limb radiography
HP:0009673,upper limb radiography
HP:0009674,upper limb radiography
HP:0009675,upper limb radiography
HP:0009676,upper limb radiography
HP:0009677,upper limb radiography
HP:0009678,upper limb radiography
HP:0009679,upper limb radiography
HP:0003842,upper limb radiography
HP:0003843,upper limb radiography
HP:0005920,upper limb radiography
HP:0006386,upper limb radiography
HP:0003840,upper limb radiography
HP:0003841,upper limb radiography
HP:0009330,upper limb radiography
HP:0009331,upper limb radiography
HP:0009332,upper limb radiography
HP:0009333,upper limb radiography
HP:0009334,upper limb radiography
HP:0009335,upper limb radiography
HP:0009336,upper limb radiography
HP:0009337,upper limb radiography
HP:0009338,upper limb radiography
HP:0009339,upper limb radiography
HP:0009680,upper limb radiography
HP:0009682,upper limb radiography
HP:0009683,upper limb radiography
HP:0009684,upper limb radiography
HP:0009685,upper limb radiography
HP:0009686,upper limb radiography
HP:0009687,upper limb radiography
HP:0009688,upper limb radiography
HP:0009689,upper limb radiography
HP:0004000,upper limb radiography
HP:0004001,upper limb radiography
HP:0004002,upper limb radiography
HP:0004003,upper limb radiography
HP:0004004,upper limb radiography
HP:0004005,upper limb radiography
HP:0009340,upper limb radiography
HP:0009342,upper limb radiography
HP:0009343,upper limb radiography
HP:0009344,upper limb radiography
HP:0009345,upper limb radiography
HP:0009346,upper limb radiography
HP:0009347,upper limb radiography
HP:0009348,upper limb radiography
HP:0009349,upper limb radiography
HP:0009690,upper limb radiography
HP:0009691,upper limb radiography
HP:0009693,upper limb radiography
HP:0009694,upper limb radiography
HP:0009695,upper limb radiography
HP:0003904,upper limb radiography
HP:0009696,upper limb radiography
HP:0004006,upper limb radiography
HP:0004014,upper limb radiography
HP:0004013,upper limb radiography
HP:0004012,upper limb radiography
HP:0004010,upper limb radiography
HP:0004009,upper limb radiography
HP:0004008,upper limb radiography
HP:0004007,upper limb radiography
HP:0009351,upper limb radiography
HP:0009350,upper limb radiography
HP:0009353,upper limb radiography
HP:0006449,upper limb radiography
HP:0009355,upper limb radiography
HP:0009354,upper limb radiography
HP:0009356,upper limb radiography
HP:0009400,upper limb radiography
HP:0009401,upper limb radiography
HP:0009402,upper limb radiography
HP:0009403,upper limb radiography
HP:0004035,upper limb radiography
HP:0004036,upper limb radiography
HP:0004037,upper limb radiography
HP:0009410,upper limb radiography
HP:0009411,upper limb radiography
HP:0009412,upper limb radiography
HP:0009413,upper limb radiography
HP:0009414,upper limb radiography
HP:0009415,upper limb radiography
HP:0009417,upper limb radiography
HP:0009418,upper limb radiography
HP:0009419,upper limb radiography
HP:0009382,upper limb radiography
HP:0009383,upper limb radiography
HP:0009384,upper limb radiography
HP:0009385,upper limb radiography
HP:0009386,upper limb radiography
HP:0009387,upper limb radiography
HP:0009389,upper limb radiography
HP:0009420,upper limb radiography
HP:0003946,upper limb radiography
HP:0003947,upper limb radiography
HP:0003948,upper limb radiography
HP:0009390,upper limb radiography
HP:0009391,upper limb radiography
HP:0009392,upper limb radiography
HP:0009393,upper limb radiography
HP:0009394,upper limb radiography
HP:0009395,upper limb radiography
HP:0009396,upper limb radiography
HP:0009397,upper limb radiography
HP:0009398,upper limb radiography
HP:0006140,upper limb radiography
HP:0003860,upper limb radiography
HP:0009808,upper limb radiography
HP:0004027,upper limb radiography
HP:0004028,upper limb radiography
HP:0003861,upper limb radiography
HP:0004029,upper limb radiography
HP:0004030,upper limb radiography
HP:0004031,upper limb radiography
HP:0003859,upper limb radiography
HP:0003858,upper limb radiography
HP:0005925,upper limb radiography
HP:0003837,upper limb radiography
HP:0002818,upper limb radiography
HP:0011908,upper limb radiography
HP:0006424,upper limb radiography
HP:0006420,upper limb radiography
HP:0005037,upper limb radiography
HP:0006501,upper limb radiography
HP:0002986,upper limb radiography
HP:0002984,upper limb radiography
HP:0003981,upper limb radiography
HP:0003980,upper limb radiography
HP:0003977,upper limb radiography
HP:0040062,upper limb radiography
HP:0040061,upper limb radiography
HP:0003979,upper limb radiography
HP:0003978,upper limb radiography
HP:0003976,upper limb radiography
HP:0004977,upper limb radiography
HP:0002974,upper limb radiography
HP:0003974,upper limb radiography
HP:0003068,upper limb radiography
HP:0045008,upper limb radiography
HP:0004059,upper limb radiography
HP:0006434,upper limb radiography
HP:0006433,upper limb radiography
HP:0003997,upper limb radiography
HP:0003996,upper limb radiography
HP:0003995,upper limb radiography
HP:0040071,upper limb radiography
HP:0003022,upper limb radiography
HP:0006495,upper limb radiography
HP:0004034,upper limb radiography
HP:0003991,upper limb radiography
HP:0003993,upper limb radiography
HP:0003992,upper limb radiography
HP:0003990,upper limb radiography
HP:0004033,upper limb radiography
HP:0004032,upper limb radiography
HP:0005648,upper limb radiography
HP:0003989,upper limb radiography
HP:0003988,upper limb radiography
HP:0003987,upper limb radiography
HP:0003984,upper limb radiography
HP:0006459,upper limb radiography
HP:0003982,upper limb radiography
HP:0003031,upper limb radiography
HP:0005036,upper limb radiography
HP:0005033,upper limb radiography
HP:0003973,upper limb radiography
HP:0040072,upper limb radiography
HP:0009822,upper limb radiography
HP:0009821,upper limb radiography
HP:0003971,upper limb radiography
HP:0003970,upper limb radiography
HP:0005773,upper limb radiography
HP:0003969,upper limb radiography
HP:0003967,upper limb radiography
HP:0003966,upper limb radiography
HP:0003965,upper limb radiography
HP:0003964,upper limb radiography
HP:0003963,upper limb radiography
HP:0003961,upper limb radiography
HP:0003959,upper limb radiography
HP:0003958,upper limb radiography
HP:0003957,upper limb radiography
HP:0003956,upper limb radiography
HP:0003954,upper limb radiography
HP:0003953,upper limb radiography
HP:0005891,upper limb radiography
HP:0006503,upper limb radiography
HP:0003945,upper limb radiography
HP:0003943,upper limb radiography
HP:0003944,upper limb radiography
HP:0003941,upper limb radiography
HP:0003955,upper limb radiography
HP:0003938,upper limb radiography
HP:0003939,upper limb radiography
HP:0410049,upper limb radiography
HP:0012107,upper limb radiography
HP:0100744,upper limb radiography
HP:0100745,upper limb radiography
HP:0009142,upper limb radiography
HP:0004275,upper limb radiography
HP:0045039,upper limb radiography
HP:0002973,upper limb radiography
HP:0005829,upper limb radiography
HP:0006368,upper limb radiography
HP:0006439,upper limb radiography
HP:0003059,upper limb radiography
HP:0030267,upper limb radiography
HP:0005632,upper limb radiography
HP:0100241,upper limb radiography
HP:0002967,upper limb radiography
HP:0002563,cardiac CT
HP:0002576,abdominal ultrasonography
HP:0033309,abdominal ultrasonography
HP:0100889,abdominal ultrasonography
HP:0100890,abdominal ultrasonography
HP:0001433,abdominal ultrasonography
HP:0100525,abdominal ultrasonography
HP:0002240,abdominal ultrasonography
HP:0001081,abdominal ultrasonography
HP:0001082,abdominal ultrasonography
HP:0012618,abdominal ultrasonography
HP:0034336,abdominal ultrasonography
HP:0001541,abdominal ultrasonography
HP:0012300,abdominal ultrasonography
HP:0011139,abdominal ultrasonography
HP:0003271,abdominal ultrasonography
HP:0006564,abdominal ultrasonography
HP:0006268,abdominal ultrasonography
HP:0001744,abdominal ultrasonography
HP:0031941,abdominal ultrasonography
HP:0034570,abdominal ultrasonography
HP:0034548,abdominal ultrasonography
HP:0002571,esophageal manometry
HP:0025271,esophageal manometry
HP:0002570,stool metabolite measurement
HP:0031685,stool metabolite measurement
HP:0032487,stool metabolite measurement
HP:0032486,stool metabolite measurement
HP:0032485,stool metabolite measurement
HP:0032484,stool metabolite measurement
HP:0034283,stool metabolite measurement
HP:0033010,stool metabolite measurement
HP:0034469,stool metabolite measurement
HP:0500114,stool metabolite measurement
HP:0500115,stool metabolite measurement
HP:0032490,stool metabolite measurement
HP:0034043,stool metabolite measurement
HP:0034475,stool metabolite measurement
HP:0033009,stool metabolite measurement
HP:0034476,stool metabolite measurement
HP:0034473,stool metabolite measurement
HP:0034474,stool metabolite measurement
HP:0034056,stool metabolite measurement
HP:0034471,stool metabolite measurement
HP:0034472,stool metabolite measurement
HP:0034470,stool metabolite measurement
HP:0032489,stool metabolite measurement
HP:0032488,stool metabolite measurement
HP:0032999,stool metabolite measurement
HP:0031686,stool metabolite measurement
HP:0100841,upper GI radiography with contrast
HP:0100844,endoscopic retrograde cholangiopancreatography
HP:0100861,spine radiography
HP:0100856,spine radiography
HP:0008477,spine radiography
HP:0003310,spine radiography
HP:0005667,spine radiography
HP:0004608,spine radiography
HP:0003311,spine radiography
HP:0025375,spine radiography
HP:0025374,spine radiography
HP:0040143,spine radiography
HP:0025481,spine radiography
HP:0008518,spine radiography
HP:0008451,spine radiography
HP:0008459,spine radiography
HP:0011041,spine radiography
HP:0008515,spine radiography
HP:0008517,spine radiography
HP:0008473,spine radiography
HP:0008475,spine radiography
HP:0004590,spine radiography
HP:0008424,spine radiography
HP:0005638,spine radiography
HP:0008479,spine radiography
HP:0010305,spine radiography
HP:0008447,spine radiography
HP:0031175,spine radiography
HP:0031176,spine radiography
HP:0008460,spine radiography
HP:0008461,spine radiography
HP:0008463,spine radiography
HP:0008465,spine radiography
HP:0004629,spine radiography
HP:0008417,spine radiography
HP:0002766,spine radiography
HP:0008434,spine radiography
HP:0008436,spine radiography
HP:0003312,spine radiography
HP:0004576,spine radiography
HP:0004621,spine radiography
HP:0008437,spine radiography
HP:0008439,spine radiography
HP:0008438,spine radiography
HP:0004625,spine radiography
HP:0004580,spine radiography
HP:0004581,spine radiography
HP:0004582,spine radiography
HP:0008444,spine radiography
HP:0005121,spine radiography
HP:0004586,spine radiography
HP:0005621,spine radiography
HP:0004630,spine radiography
HP:0004634,spine radiography
HP:0030870,spine radiography
HP:0030277,spine radiography
HP:0030278,spine radiography
HP:0030279,spine radiography
HP:0030871,spine radiography
HP:0000926,spine radiography
HP:0008450,spine radiography
HP:0008452,spine radiography
HP:0004592,spine radiography
HP:0004594,spine radiography
HP:0005680,spine radiography
HP:0008457,spine radiography
HP:0004591,spine radiography
HP:0005787,spine radiography
HP:0003301,spine radiography
HP:0003300,spine radiography
HP:0003309,spine radiography
HP:0008464,spine radiography
HP:0008467,spine radiography
HP:0008516,spine radiography
HP:0008418,spine radiography
HP:0004558,spine radiography
HP:0003316,spine radiography
HP:0004603,spine radiography
HP:0012679,spine radiography
HP:0002879,spine radiography
HP:0004607,spine radiography
HP:0003417,spine radiography
HP:0004609,spine radiography
HP:0008470,spine radiography
HP:0009761,spine radiography
HP:0008476,spine radiography
HP:0008422,spine radiography
HP:0004562,spine radiography
HP:0003321,spine radiography
HP:0004565,spine radiography
HP:0004566,spine radiography
HP:0005106,spine radiography
HP:0004611,spine radiography
HP:0004568,spine radiography
HP:0005752,spine radiography
HP:0011940,spine radiography
HP:0004616,spine radiography
HP:0004617,spine radiography
HP:0004618,spine radiography
HP:0011941,spine radiography
HP:0002937,spine radiography
HP:0008421,spine radiography
HP:0008425,spine radiography
HP:0008428,spine radiography
HP:0008482,spine radiography
HP:0008484,spine radiography
HP:0008430,spine radiography
HP:0004570,spine radiography
HP:0008486,spine radiography
HP:0008488,spine radiography
HP:0004573,spine radiography
HP:0008432,spine radiography
HP:0010674,spine radiography
HP:0004633,spine radiography
HP:0002942,spine radiography
HP:0002947,spine radiography
HP:0100795,spine radiography
HP:0003307,spine radiography
HP:0002938,spine radiography
HP:0005905,spine radiography
HP:0002808,spine radiography
HP:0100595,spine radiography
HP:0005619,spine radiography
HP:0003308,spine radiography
HP:0003320,spine radiography
HP:0008456,spine radiography
HP:0002948,spine radiography
HP:0005626,spine radiography
HP:0004635,spine radiography
HP:0030039,spine radiography
HP:0004557,spine radiography
HP:0004575,spine radiography
HP:0030125,spine radiography
HP:0002949,spine radiography
HP:0008449,spine radiography
HP:0004602,spine radiography
HP:0003305,spine radiography
HP:0030040,spine radiography
HP:0005640,spine radiography
HP:0030281,spine radiography
HP:0003304,spine radiography
HP:0002945,spine radiography
HP:0004622,spine radiography
HP:0003302,spine radiography
HP:0008489,spine radiography
HP:0003468,spine radiography
HP:0003422,spine radiography
HP:0009791,spine radiography
HP:0009790,spine radiography
HP:0008490,spine radiography
HP:0008468,spine radiography
HP:0100711,spine radiography
HP:0100712,spine radiography
HP:0100734,spine radiography
HP:0000925,spine radiography
HP:0002946,spine radiography
HP:0008416,spine radiography
HP:0002953,spine radiography
HP:0046508,spine radiography
HP:0004571,spine radiography
HP:0041167,spine radiography
HP:0008480,spine radiography
HP:0008469,spine radiography
HP:0041086,spine radiography
HP:0200133,spine radiography
HP:0041087,spine radiography
HP:0041168,spine radiography
HP:0008414,spine radiography
HP:0008454,spine radiography
HP:0100854,MRI of the muscle organ
HP:0009751,MRI of the muscle organ
HP:0009783,MRI of the muscle organ
HP:0003634,MRI of the muscle organ
HP:0009788,MRI of the muscle organ
HP:0009785,MRI of the muscle organ
HP:0100855,MRI of the muscle organ
HP:0001467,MRI of the muscle organ
HP:0500023,MRI of the muscle organ
HP:0030241,MRI of the muscle organ
HP:0009782,MRI of the muscle organ
HP:0009784,MRI of the muscle organ
HP:0030239,MRI of the muscle organ
HP:0001464,MRI of the muscle organ
HP:0009016,MRI of the muscle organ
HP:0009007,MRI of the muscle organ
HP:0008952,MRI of the muscle organ
HP:0001468,MRI of the muscle organ
HP:0001465,MRI of the muscle organ
HP:0001460,MRI of the muscle organ
HP:0008962,MRI of the muscle organ
HP:0009004,MRI of the muscle organ
HP:0009786,MRI of the muscle organ
HP:0009787,MRI of the muscle organ
HP:0008984,MRI of the muscle organ
HP:0009128,MRI of the muscle organ
HP:0008998,MRI of the muscle organ
HP:0100748,MRI of the muscle organ
HP:0012548,MRI of the muscle organ
HP:0008985,MRI of the muscle organ
HP:0003174,hip radiography
HP:0100865,hip radiography
HP:0003175,hip radiography
HP:0009108,hip radiography
HP:0100863,hip radiography
HP:0100862,hip radiography
HP:0008802,hip radiography
HP:0025370,hip radiography
HP:0025371,hip radiography
HP:0030290,hip radiography
HP:0001385,hip radiography
HP:0001384,hip radiography
HP:0003368,hip radiography
HP:0008784,hip radiography
HP:0003371,hip radiography
HP:0003370,hip radiography
HP:0008804,hip radiography
HP:0005003,hip radiography
HP:0008797,hip radiography
HP:0006453,hip radiography
HP:0006450,hip radiography
HP:0031027,hip radiography
HP:0005743,hip radiography
HP:0008812,hip radiography
HP:0006461,hip radiography
HP:0005041,hip radiography
HP:0010575,hip radiography
HP:0008829,hip radiography
HP:0003090,hip radiography
HP:0010574,hip radiography
HP:0008789,hip radiography
HP:0008820,hip radiography
HP:0003366,hip radiography
HP:0008835,hip radiography
HP:0008801,hip radiography
HP:0002822,hip radiography
HP:0009107,hip radiography
HP:0100879,ovary ultrasonography
HP:0000138,ovary ultrasonography
HP:0030425,ovary ultrasonography
HP:0012886,ovary ultrasonography
HP:0000147,ovary ultrasonography
HP:0012887,ovary ultrasonography
HP:0008675,ovary ultrasonography
HP:0012346,protein glycosylation assay
HP:0410372,protein glycosylation assay
HP:0012359,protein glycosylation assay
HP:0012358,protein glycosylation assay
HP:0012357,protein glycosylation assay
HP:0410344,protein glycosylation assay
HP:0012356,protein glycosylation assay
HP:0012355,protein glycosylation assay
HP:0012354,protein glycosylation assay
HP:0012353,protein glycosylation assay
HP:0012352,protein glycosylation assay
HP:0012351,protein glycosylation assay
HP:0012350,protein glycosylation assay
HP:0012301,protein glycosylation assay
HP:0003642,protein glycosylation assay
HP:0410365,protein glycosylation assay
HP:0410364,protein glycosylation assay
HP:0410363,protein glycosylation assay
HP:0410362,protein glycosylation assay
HP:0410361,protein glycosylation assay
HP:0410360,protein glycosylation assay
HP:0012349,protein glycosylation assay
HP:0012348,protein glycosylation assay
HP:0012347,protein glycosylation assay
HP:0410359,protein glycosylation assay
HP:0410358,protein glycosylation assay
HP:0003160,protein glycosylation assay
HP:0410357,protein glycosylation assay
HP:0410356,protein glycosylation assay
HP:0410355,protein glycosylation assay
HP:0410354,protein glycosylation assay
HP:0410353,protein glycosylation assay
HP:0410352,protein glycosylation assay
HP:0410351,protein glycosylation assay
HP:0012363,protein glycosylation assay
HP:0012362,protein glycosylation assay
HP:0012361,protein glycosylation assay
HP:0012360,protein glycosylation assay
HP:0025540,flow cytometry procedure
HP:0500274,flow cytometry procedure
HP:0500273,flow cytometry procedure
HP:0500272,flow cytometry procedure
HP:0500271,flow cytometry procedure
HP:0500270,flow cytometry procedure
HP:0005422,flow cytometry procedure
HP:0020177,flow cytometry procedure
HP:0500269,flow cytometry procedure
HP:0008165,flow cytometry procedure
HP:0500267,flow cytometry procedure
HP:0032577,flow cytometry procedure
HP:0500266,flow cytometry procedure
HP:0500265,flow cytometry procedure
HP:0500264,flow cytometry procedure
HP:0500263,flow cytometry procedure
HP:0032184,flow cytometry procedure
HP:0032183,flow cytometry procedure
HP:0032182,flow cytometry procedure
HP:0002853,flow cytometry procedure
HP:0005415,flow cytometry procedure
HP:0002851,flow cytometry procedure
HP:0410396,flow cytometry procedure
HP:0410395,flow cytometry procedure
HP:0410394,flow cytometry procedure
HP:0410393,flow cytometry procedure
HP:0410392,flow cytometry procedure
HP:0410391,flow cytometry procedure
HP:0410390,flow cytometry procedure
HP:0005407,flow cytometry procedure
HP:0020113,flow cytometry procedure
HP:0020111,flow cytometry procedure
HP:0033221,flow cytometry procedure
HP:0033222,flow cytometry procedure
HP:0410389,flow cytometry procedure
HP:0410388,flow cytometry procedure
HP:0020112,flow cytometry procedure
HP:0410386,flow cytometry procedure
HP:0410385,flow cytometry procedure
HP:0410384,flow cytometry procedure
HP:0410383,flow cytometry procedure
HP:0410381,flow cytometry procedure
HP:0410380,flow cytometry procedure
HP:0045080,flow cytometry procedure
HP:0031514,flow cytometry procedure
HP:0025623,flow cytometry procedure
HP:0025624,flow cytometry procedure
HP:0025625,flow cytometry procedure
HP:0032218,flow cytometry procedure
HP:0410379,flow cytometry procedure
HP:0410378,flow cytometry procedure
HP:0032219,flow cytometry procedure
HP:4000039,flow cytometry procedure
HP:0025620,flow cytometry procedure
HP:0410377,flow cytometry procedure
HP:0410376,flow cytometry procedure
HP:0410375,flow cytometry procedure
HP:0410374,flow cytometry procedure
HP:0410373,flow cytometry procedure
HP:0041080,flow cytometry procedure
HP:0031399,flow cytometry procedure
HP:0031398,flow cytometry procedure
HP:0031397,flow cytometry procedure
HP:0031396,flow cytometry procedure
HP:0031401,flow cytometry procedure
HP:0031394,flow cytometry procedure
HP:0031393,flow cytometry procedure
HP:0031392,flow cytometry procedure
HP:0031410,flow cytometry procedure
HP:0031383,flow cytometry procedure
HP:0031384,flow cytometry procedure
HP:0001983,flow cytometry procedure
HP:0031550,flow cytometry procedure
HP:0032455,flow cytometry procedure
HP:0031559,flow cytometry procedure
HP:0031558,flow cytometry procedure
HP:0031557,flow cytometry procedure
HP:0031556,flow cytometry procedure
HP:0031555,flow cytometry procedure
HP:0031554,flow cytometry procedure
HP:0031553,flow cytometry procedure
HP:0031552,flow cytometry procedure
HP:0031551,flow cytometry procedure
HP:0041048,flow cytometry procedure
HP:0002503,MRI of the spinal cord
HP:0100563,MRI of the spinal cord
HP:0100564,MRI of the spinal cord
HP:0100562,MRI of the spinal cord
HP:0003396,MRI of the spinal cord
HP:0003416,MRI of the spinal cord
HP:0005733,MRI of the spinal cord
HP:0004610,MRI of the spinal cord
HP:0008445,MRI of the spinal cord
HP:0040272,MRI of the spinal cord
HP:0002144,MRI of the spinal cord
HP:0034238,MRI of the spinal cord
HP:0020223,MRI of the spinal cord
HP:0045005,MRI of the spinal cord
HP:0030708,MRI of the spinal cord
HP:0030769,MRI of the spinal cord
HP:0030770,MRI of the spinal cord
HP:0034237,MRI of the spinal cord
HP:0010301,MRI of the spinal cord
HP:0025679,MRI of the spinal cord
HP:0005765,MRI of the spinal cord
HP:0007293,MRI of the spinal cord
HP:0000080,reproductive endocrinologist assessment
HP:0000144,reproductive endocrinologist assessment
HP:0003251,reproductive endocrinologist assessment
HP:0000141,reproductive endocrinologist assessment
HP:0000140,reproductive endocrinologist assessment
HP:0000789,reproductive endocrinologist assessment
HP:0008669,reproductive endocrinologist assessment
HP:0000786,reproductive endocrinologist assessment
HP:0040306,reproductive endocrinologist assessment
HP:0040308,reproductive endocrinologist assessment
HP:0040307,reproductive endocrinologist assessment
HP:0040305,reproductive endocrinologist assessment
HP:0031067,reproductive endocrinologist assessment
HP:0031066,reproductive endocrinologist assessment
HP:0034011,reproductive endocrinologist assessment
HP:0000135,reproductive endocrinologist assessment
HP:0000134,reproductive endocrinologist assessment
HP:0000132,reproductive endocrinologist assessment
HP:0000027,reproductive endocrinologist assessment
HP:0000026,reproductive endocrinologist assessment
HP:0000025,reproductive endocrinologist assessment
HP:0200023,reproductive endocrinologist assessment
HP:0008652,reproductive endocrinologist assessment
HP:0008222,reproductive endocrinologist assessment
HP:0012041,reproductive endocrinologist assessment
HP:0012208,reproductive endocrinologist assessment
HP:0012207,reproductive endocrinologist assessment
HP:0012206,reproductive endocrinologist assessment
HP:0033840,reproductive endocrinologist assessment
HP:0000876,reproductive endocrinologist assessment
HP:0033086,reproductive endocrinologist assessment
HP:0034269,reproductive endocrinologist assessment
HP:0100608,reproductive endocrinologist assessment
HP:0100607,reproductive endocrinologist assessment
HP:0034268,reproductive endocrinologist assessment
HP:0033085,reproductive endocrinologist assessment
HP:0034266,reproductive endocrinologist assessment
HP:0033084,reproductive endocrinologist assessment
HP:0034264,reproductive endocrinologist assessment
HP:0034263,reproductive endocrinologist assessment
HP:0046504,reproductive endocrinologist assessment
HP:0046503,reproductive endocrinologist assessment
HP:0046502,reproductive endocrinologist assessment
HP:0000815,reproductive endocrinologist assessment
HP:0031040,reproductive endocrinologist assessment
HP:0000869,reproductive endocrinologist assessment
HP:0000868,reproductive endocrinologist assessment
HP:0400008,reproductive endocrinologist assessment
HP:0400007,reproductive endocrinologist assessment
HP:0012569,reproductive endocrinologist assessment
HP:0031845,reproductive endocrinologist assessment
HP:0008209,reproductive endocrinologist assessment
HP:0012889,reproductive endocrinologist assessment
HP:0030127,reproductive endocrinologist assessment
HP:0031039,reproductive endocrinologist assessment
HP:0031038,reproductive endocrinologist assessment
HP:0000802,reproductive endocrinologist assessment
HP:0030019,reproductive endocrinologist assessment
HP:0030018,reproductive endocrinologist assessment
HP:0030017,reproductive endocrinologist assessment
HP:0030016,reproductive endocrinologist assessment
HP:0030015,reproductive endocrinologist assessment
HP:0030014,reproductive endocrinologist assessment
HP:0030012,reproductive endocrinologist assessment
HP:0000858,reproductive endocrinologist assessment
HP:0031516,reproductive endocrinologist assessment
HP:0031515,reproductive endocrinologist assessment
HP:0100639,reproductive endocrinologist assessment
HP:0012876,reproductive endocrinologist assessment
HP:0033338,reproductive endocrinologist assessment
HP:0033337,reproductive endocrinologist assessment
HP:0012875,reproductive endocrinologist assessment
HP:0012874,reproductive endocrinologist assessment
HP:0012879,reproductive endocrinologist assessment
HP:0012878,reproductive endocrinologist assessment
HP:0012877,reproductive endocrinologist assessment
HP:0011963,reproductive endocrinologist assessment
HP:0000044,reproductive endocrinologist assessment
HP:0011962,reproductive endocrinologist assessment
HP:0000798,reproductive endocrinologist assessment
HP:0030974,reproductive endocrinologist assessment
HP:0011961,reproductive endocrinologist assessment
HP:0000133,reproductive endocrinologist assessment
HP:0030997,reproductive endocrinologist assessment
HP:0033335,reproductive endocrinologist assessment
HP:4000008,reproductive endocrinologist assessment
HP:0033336,reproductive endocrinologist assessment
HP:0033712,reproductive endocrinologist assessment
HP:0032479,reproductive endocrinologist assessment
HP:0032571,reproductive endocrinologist assessment
HP:0033334,reproductive endocrinologist assessment
HP:0033799,hormone measurement
HP:0031187,hormone measurement
HP:0033812,hormone measurement
HP:0031216,hormone measurement
HP:0031215,hormone measurement
HP:0031214,hormone measurement
HP:0031213,hormone measurement
HP:0031212,hormone measurement
HP:0030088,hormone measurement
HP:0030087,hormone measurement
HP:0033527,hormone measurement
HP:0008233,hormone measurement
HP:0500022,hormone measurement
HP:0033811,hormone measurement
HP:0033810,hormone measurement
HP:0030349,hormone measurement
HP:0033809,hormone measurement
HP:0030348,hormone measurement
HP:0030347,hormone measurement
HP:0040171,hormone measurement
HP:0025380,hormone measurement
HP:0003117,hormone measurement
HP:0011969,hormone measurement
HP:0031052,hormone measurement
HP:0003528,hormone measurement
HP:0020200,hormone measurement
HP:0031508,hormone measurement
HP:0032367,hormone measurement
HP:0031507,hormone measurement
HP:0031506,hormone measurement
HP:0031505,hormone measurement
HP:0032363,hormone measurement
HP:0032362,hormone measurement
HP:0011744,hormone measurement
HP:0030269,hormone measurement
HP:0031793,hormone measurement
HP:0008232,hormone measurement
HP:0034443,hormone measurement
HP:0500167,hormone measurement
HP:0500166,hormone measurement
HP:0034442,hormone measurement
HP:0003165,hormone measurement
HP:0003164,hormone measurement
HP:0011731,hormone measurement
HP:0031817,hormone measurement
HP:0030689,hormone measurement
HP:0030688,hormone measurement
HP:0030687,hormone measurement
HP:0030686,hormone measurement
HP:0030685,hormone measurement
HP:0030684,hormone measurement
HP:0004361,hormone measurement
HP:0003154,hormone measurement
HP:0034323,hormone measurement
HP:0025436,hormone measurement
HP:0030353,hormone measurement
HP:0030352,hormone measurement
HP:0000845,hormone measurement
HP:0011043,hormone measurement
HP:0000842,hormone measurement
HP:0003144,hormone measurement
HP:0031099,hormone measurement
HP:0033644,hormone measurement
HP:0003466,hormone measurement
HP:0034288,hormone measurement
HP:0034289,hormone measurement
HP:0030346,hormone measurement
HP:0030345,hormone measurement
HP:0030344,hormone measurement
HP:0030341,hormone measurement
HP:0033078,hormone measurement
HP:0033077,hormone measurement
HP:0033076,hormone measurement
HP:0000837,hormone measurement
HP:0008283,hormone measurement
HP:0012560,hormone measurement
HP:0011788,hormone measurement
HP:0002920,hormone measurement
HP:0034384,hormone measurement
HP:0032210,hormone measurement
HP:0030339,hormone measurement
HP:0030338,hormone measurement
HP:0100530,hormone measurement
HP:0040216,hormone measurement
HP:0040214,hormone measurement
HP:0012559,hormone measurement
HP:0001579,hormone measurement
HP:0012558,hormone measurement
HP:0000825,hormone measurement
HP:0012099,hormone measurement
HP:0008163,hormone measurement
HP:0032209,hormone measurement
HP:0031186,hormone measurement
HP:0031103,hormone measurement
HP:0031102,hormone measurement
HP:0031101,hormone measurement
HP:0031100,hormone measurement
HP:0031429,hormone measurement
HP:0031428,hormone measurement
HP:0031427,hormone measurement
HP:0500013,hormone measurement
HP:0500012,hormone measurement
HP:0003334,hormone measurement
HP:0032308,hormone measurement
HP:0031208,hormone measurement
HP:0012112,hormone measurement
HP:0012111,hormone measurement
HP:0020199,hormone measurement
HP:0020198,hormone measurement
HP:0003118,hormone measurement
HP:0032482,hormone measurement
HP:0032481,hormone measurement
HP:0003292,hormone measurement
HP:0003357,hormone measurement
HP:0040084,hormone measurement
HP:0003351,hormone measurement
HP:0000848,hormone measurement
HP:0002717,hormone measurement
HP:0000859,hormone measurement
HP:0011741,hormone measurement
HP:0011740,hormone measurement
HP:0011739,hormone measurement
HP:0011736,hormone measurement
HP:0000821,hormone measurement
HP:0008223,hormone measurement
HP:0000851,hormone measurement
HP:0000832,hormone measurement
HP:0008245,hormone measurement
HP:0008237,hormone measurement
HP:0011787,hormone measurement
HP:0000852,hormone measurement
HP:0000830,hormone measurement
HP:0008202,hormone measurement
HP:0011748,hormone measurement
HP:0033579,hormone measurement
HP:0000871,hormone measurement
HP:0008213,hormone measurement
HP:0040086,hormone measurement
HP:0000824,hormone measurement
HP:0008240,hormone measurement
HP:0010514,hormone measurement
HP:0011749,hormone measurement
HP:0000870,hormone measurement
HP:0000843,hormone measurement
HP:0000867,hormone measurement
HP:0011770,hormone measurement
HP:0008200,hormone measurement
HP:0002926,hormone measurement
HP:0008263,hormone measurement
HP:0000836,hormone measurement
HP:0011791,hormone measurement
HP:0011790,hormone measurement
HP:0002930,hormone measurement
HP:0031220,hormone measurement
HP:0031221,hormone measurement
HP:0011786,hormone measurement
HP:0011785,hormone measurement
HP:0011789,hormone measurement
HP:0011784,hormone measurement
HP:0011783,hormone measurement
HP:0011782,hormone measurement
HP:0008247,hormone measurement
HP:0031219,hormone measurement
HP:0033082,hormone measurement
HP:0033081,hormone measurement
HP:0033080,hormone measurement
HP:0000841,hormone measurement
HP:0000829,hormone measurement
HP:0008198,hormone measurement
HP:0011771,hormone measurement
HP:0012287,hormone measurement
HP:0002925,hormone measurement
HP:0031097,hormone measurement
HP:0031098,hormone measurement
HP:0034589,hormone measurement
HP:0034607,hormone measurement
HP:0040131,nerve conduction study
HP:0012078,nerve conduction study
HP:0003431,nerve conduction study
HP:0033580,nerve conduction study
HP:0040129,nerve conduction study
HP:0000762,nerve conduction study
HP:0003448,nerve conduction study
HP:0040132,nerve conduction study
HP:0030179,nerve conduction study
HP:0007078,nerve conduction study
HP:0007230,nerve conduction study
HP:0025680,nerve conduction study
HP:0033383,nerve conduction study
HP:0012079,central motor conduction time study
HP:0034399,central motor conduction time study
HP:0000072,pelvic CT
HP:0025410,pelvic CT
HP:0003440,pelvic CT
HP:0004712,pelvic CT
HP:0004717,pelvic CT
HP:0012784,pelvic CT
HP:0008631,pelvic CT
HP:0008703,pelvic CT
HP:0008702,pelvic CT
HP:0032464,pelvic CT
HP:0012029,urine hormone measurement
HP:0003492,urine hormone measurement
HP:0032329,urine hormone measurement
HP:0032331,urine hormone measurement
HP:0032330,urine hormone measurement
HP:0012030,urine hormone measurement
HP:0001351,jerk-locked averaging
HP:0012087,electron microscopic study
HP:0030774,electron microscopic study
HP:0033686,electron microscopic study
HP:0012103,electron microscopic study
HP:0012102,electron microscopic study
HP:0040014,electron microscopic study
HP:0040013,electron microscopic study
HP:0005938,electron microscopic study
HP:0012260,electron microscopic study
HP:0012264,electron microscopic study
HP:0012259,electron microscopic study
HP:0012258,electron microscopic study
HP:0012257,electron microscopic study
HP:0012256,electron microscopic study
HP:0012255,electron microscopic study
HP:0200109,electron microscopic study
HP:0200108,electron microscopic study
HP:0200107,electron microscopic study
HP:0200106,electron microscopic study
HP:0012267,electron microscopic study
HP:0034379,electron microscopic study
HP:0002971,electron microscopic study
HP:0034552,electron microscopic study
HP:0034554,electron microscopic study
HP:0034553,electron microscopic study
HP:0011862,electron microscopic study
HP:0410003,dentist evaluation
HP:0000187,dentist evaluation
HP:0000168,dentist evaluation
HP:0006477,dentist evaluation
HP:0009092,dentist evaluation
HP:0009100,dentist evaluation
HP:0006329,dentist evaluation
HP:0000216,dentist evaluation
HP:0006308,dentist evaluation
HP:0009085,dentist evaluation
HP:0009084,dentist evaluation
HP:0007377,somatosensory evoked potential assessment
HP:0100291,somatosensory evoked potential assessment
HP:0100290,somatosensory evoked potential assessment
HP:0001312,somatosensory evoked potential assessment
HP:0007104,somatosensory evoked potential assessment
HP:0001340,somatosensory evoked potential assessment
HP:0025482,perchlorate discharge test
HP:0012177,natural killer cell function test
HP:0012178,natural killer cell function test
HP:0000194,dysmorphology assessment
HP:0200096,dysmorphology assessment
HP:0000190,dysmorphology assessment
HP:0034414,dysmorphology assessment
HP:0034416,dysmorphology assessment
HP:0000200,dysmorphology assessment
HP:0000191,dysmorphology assessment
HP:0012165,dysmorphology assessment
HP:0200054,dysmorphology assessment
HP:0001849,dysmorphology assessment
HP:0000160,dysmorphology assessment
HP:0011337,dysmorphology assessment
HP:0000154,dysmorphology assessment
HP:0001480,dysmorphology assessment
HP:0030052,dysmorphology assessment
HP:0000997,dysmorphology assessment
HP:0000202,dysmorphology assessment
HP:0410030,dysmorphology assessment
HP:0002714,dysmorphology assessment
HP:0002003,dysmorphology assessment
HP:0009929,dysmorphology assessment
HP:0012807,dysmorphology assessment
HP:0010763,dysmorphology assessment
HP:0010761,dysmorphology assessment
HP:0002000,dysmorphology assessment
HP:0009765,dysmorphology assessment
HP:0011334,dysmorphology assessment
HP:0002009,dysmorphology assessment
HP:0002006,dysmorphology assessment
HP:0031580,dysmorphology assessment
HP:0031581,dysmorphology assessment
HP:0031582,dysmorphology assessment
HP:0031583,dysmorphology assessment
HP:0031584,dysmorphology assessment
HP:0031585,dysmorphology assessment
HP:0031586,dysmorphology assessment
HP:0031587,dysmorphology assessment
HP:0100629,dysmorphology assessment
HP:0031570,dysmorphology assessment
HP:0031571,dysmorphology assessment
HP:0031572,dysmorphology assessment
HP:0031573,dysmorphology assessment
HP:0031574,dysmorphology assessment
HP:0031575,dysmorphology assessment
HP:0031576,dysmorphology assessment
HP:0031577,dysmorphology assessment
HP:0031578,dysmorphology assessment
HP:0031579,dysmorphology assessment
HP:0100731,dysmorphology assessment
HP:0001528,dysmorphology assessment
HP:0100553,dysmorphology assessment
HP:0100554,dysmorphology assessment
HP:0100560,dysmorphology assessment
HP:0100558,dysmorphology assessment
HP:0002056,dysmorphology assessment
HP:0011222,dysmorphology assessment
HP:0002057,dysmorphology assessment
HP:0100578,dysmorphology assessment
HP:0005288,dysmorphology assessment
HP:0009932,dysmorphology assessment
HP:0100596,dysmorphology assessment
HP:0000463,dysmorphology assessment
HP:0009933,dysmorphology assessment
HP:0009930,dysmorphology assessment
HP:0009931,dysmorphology assessment
HP:0009934,dysmorphology assessment
HP:0001999,dysmorphology assessment
HP:0000295,dysmorphology assessment
HP:0000276,dysmorphology assessment
HP:0000275,dysmorphology assessment
HP:0000274,dysmorphology assessment
HP:0000324,dysmorphology assessment
HP:0000325,dysmorphology assessment
HP:0012368,dysmorphology assessment
HP:0000321,dysmorphology assessment
HP:0000320,dysmorphology assessment
HP:0000300,dysmorphology assessment
HP:0100729,dysmorphology assessment
HP:0000339,dysmorphology assessment
HP:0011219,dysmorphology assessment
HP:0000283,dysmorphology assessment
HP:0004428,dysmorphology assessment
HP:0000280,dysmorphology assessment
HP:0011332,dysmorphology assessment
HP:0011333,dysmorphology assessment
HP:0005461,dysmorphology assessment
HP:0011331,dysmorphology assessment
HP:0005323,dysmorphology assessment
HP:0000311,dysmorphology assessment
HP:0500011,dysmorphology assessment
HP:0006143,dysmorphology assessment
HP:0006216,dysmorphology assessment
HP:0006077,dysmorphology assessment
HP:0001032,dysmorphology assessment
HP:0006109,dysmorphology assessment
HP:0005780,dysmorphology assessment
HP:0001049,dysmorphology assessment
HP:0010866,dysmorphology assessment
HP:0100657,dysmorphology assessment
HP:0100656,dysmorphology assessment
HP:0001543,dysmorphology assessment
HP:0012621,dysmorphology assessment
HP:0012620,dysmorphology assessment
HP:0200007,dysmorphology assessment
HP:0000637,dysmorphology assessment
HP:0000581,dysmorphology assessment
HP:0045025,dysmorphology assessment
HP:0007946,dysmorphology assessment
HP:0012745,dysmorphology assessment
HP:0000661,dysmorphology assessment
HP:0010055,dysmorphology assessment
HP:0011338,dysmorphology assessment
HP:0000346,dysmorphology assessment
HP:0010805,dysmorphology assessment
HP:0000205,dysmorphology assessment
HP:0000207,dysmorphology assessment
HP:0009941,dysmorphology assessment
HP:0000306,dysmorphology assessment
HP:0400001,dysmorphology assessment
HP:0010751,dysmorphology assessment
HP:0011822,dysmorphology assessment
HP:0011823,dysmorphology assessment
HP:0011824,dysmorphology assessment
HP:0000307,dysmorphology assessment
HP:0011323,dysmorphology assessment
HP:0000331,dysmorphology assessment
HP:0400000,dysmorphology assessment
HP:0011309,dysmorphology assessment
HP:0011308,dysmorphology assessment
HP:0011307,dysmorphology assessment
HP:0000766,dysmorphology assessment
HP:0041246,dysmorphology assessment
HP:0006714,dysmorphology assessment
HP:0010308,dysmorphology assessment
HP:0010309,dysmorphology assessment
HP:0000884,dysmorphology assessment
HP:0000915,dysmorphology assessment
HP:0000917,dysmorphology assessment
HP:0000767,dysmorphology assessment
HP:0000768,dysmorphology assessment
HP:0006590,dysmorphology assessment
HP:0000879,dysmorphology assessment
HP:0006637,dysmorphology assessment
HP:0012725,dysmorphology assessment
HP:0000252,dysmorphology assessment
HP:0000253,dysmorphology assessment
HP:0004485,dysmorphology assessment
HP:0011451,dysmorphology assessment
HP:0005484,dysmorphology assessment
HP:0012769,dysmorphology assessment
HP:0012770,dysmorphology assessment
HP:0012771,dysmorphology assessment
HP:0009125,dysmorphology assessment
HP:0000774,dysmorphology assessment
HP:0004426,dysmorphology assessment
HP:3000019,dysmorphology assessment
HP:0034273,dysmorphology assessment
HP:3000027,dysmorphology assessment
HP:0000383,dysmorphology assessment
HP:3000021,dysmorphology assessment
HP:0004451,dysmorphology assessment
HP:0000293,dysmorphology assessment
HP:0004450,dysmorphology assessment
HP:0030024,dysmorphology assessment
HP:0009938,dysmorphology assessment
HP:0010938,dysmorphology assessment
HP:0000414,dysmorphology assessment
HP:0011120,dysmorphology assessment
HP:0000437,dysmorphology assessment
HP:0000436,dysmorphology assessment
HP:0000430,dysmorphology assessment
HP:0000457,dysmorphology assessment
HP:0000456,dysmorphology assessment
HP:0000455,dysmorphology assessment
HP:0000454,dysmorphology assessment
HP:0000451,dysmorphology assessment
HP:0011119,dysmorphology assessment
HP:0000429,dysmorphology assessment
HP:0011833,dysmorphology assessment
HP:0011832,dysmorphology assessment
HP:0011831,dysmorphology assessment
HP:0009928,dysmorphology assessment
HP:0000444,dysmorphology assessment
HP:0012811,dysmorphology assessment
HP:0005278,dysmorphology assessment
HP:0005275,dysmorphology assessment
HP:0005274,dysmorphology assessment
HP:0030028,dysmorphology assessment
HP:0003191,dysmorphology assessment
HP:0000418,dysmorphology assessment
HP:0030027,dysmorphology assessment
HP:0004132,dysmorphology assessment
HP:0010649,dysmorphology assessment
HP:0012812,dysmorphology assessment
HP:0004407,dysmorphology assessment
HP:0012808,dysmorphology assessment
HP:0012809,dysmorphology assessment
HP:0012810,dysmorphology assessment
HP:0005105,dysmorphology assessment
HP:0033434,dysmorphology assessment
HP:0033521,dysmorphology assessment
HP:0004122,dysmorphology assessment
HP:3000034,dysmorphology assessment
HP:0033142,dysmorphology assessment
HP:0012806,dysmorphology assessment
HP:0004112,dysmorphology assessment
HP:0000445,dysmorphology assessment
HP:0000448,dysmorphology assessment
HP:0000447,dysmorphology assessment
HP:0000446,dysmorphology assessment
HP:0033380,dysmorphology assessment
HP:0003196,dysmorphology assessment
HP:0003194,dysmorphology assessment
HP:0005322,dysmorphology assessment
HP:0000433,dysmorphology assessment
HP:0000431,dysmorphology assessment
HP:0005285,dysmorphology assessment
HP:0010939,dysmorphology assessment
HP:0010937,dysmorphology assessment
HP:0003189,dysmorphology assessment
HP:0005281,dysmorphology assessment
HP:0005280,dysmorphology assessment
HP:0000426,dysmorphology assessment
HP:0000422,dysmorphology assessment
HP:0041249,dysmorphology assessment
HP:0000420,dysmorphology assessment
HP:0033361,dysmorphology assessment
HP:0011803,dysmorphology assessment
HP:0005273,dysmorphology assessment
HP:0009936,dysmorphology assessment
HP:0009935,dysmorphology assessment
HP:0000419,dysmorphology assessment
HP:0000417,dysmorphology assessment
HP:0009746,dysmorphology assessment
HP:0009927,dysmorphology assessment
HP:0009924,dysmorphology assessment
HP:0004411,dysmorphology assessment
HP:0005104,dysmorphology assessment
HP:0000460,dysmorphology assessment
HP:0004397,dysmorphology assessment
HP:0012890,dysmorphology assessment
HP:0001545,dysmorphology assessment
HP:0034361,dysmorphology assessment
HP:0000291,dysmorphology assessment
HP:0000287,dysmorphology assessment
HP:0000290,dysmorphology assessment
HP:0000348,dysmorphology assessment
HP:0004425,dysmorphology assessment
HP:0000350,dysmorphology assessment
HP:0000337,dysmorphology assessment
HP:0011220,dysmorphology assessment
HP:0011221,dysmorphology assessment
HP:0000340,dysmorphology assessment
HP:0000341,dysmorphology assessment
HP:3000004,dysmorphology assessment
HP:0000256,dysmorphology assessment
HP:0004488,dysmorphology assessment
HP:0004481,dysmorphology assessment
HP:0004482,dysmorphology assessment
HP:0005490,dysmorphology assessment
HP:0000272,dysmorphology assessment
HP:0000201,dysmorphology assessment
HP:0000309,dysmorphology assessment
HP:0011800,dysmorphology assessment
HP:0012371,dysmorphology assessment
HP:0000356,dysmorphology assessment
HP:0040101,dysmorphology assessment
HP:0040104,dysmorphology assessment
HP:0040103,dysmorphology assessment
HP:0040102,dysmorphology assessment
HP:0000402,dysmorphology assessment
HP:0040090,dysmorphology assessment
HP:0030790,dysmorphology assessment
HP:0030789,dysmorphology assessment
HP:0030788,dysmorphology assessment
HP:0030787,dysmorphology assessment
HP:0000372,dysmorphology assessment
HP:0008588,dysmorphology assessment
HP:0000413,dysmorphology assessment
HP:0009826,dysmorphology assessment
HP:0005011,dysmorphology assessment
HP:0002983,dysmorphology assessment
HP:0030728,dysmorphology assessment
HP:0009824,dysmorphology assessment
HP:0200083,dysmorphology assessment
HP:0003086,dysmorphology assessment
HP:0006402,dysmorphology assessment
HP:0003027,dysmorphology assessment
HP:0009816,dysmorphology assessment
HP:0006385,dysmorphology assessment
HP:0200053,dysmorphology assessment
HP:0000472,dysmorphology assessment
HP:0000475,dysmorphology assessment
HP:0000470,dysmorphology assessment
HP:0000465,dysmorphology assessment
HP:0000468,dysmorphology assessment
HP:0001769,dysmorphology assessment
HP:0001839,dysmorphology assessment
HP:0001833,dysmorphology assessment
HP:0032276,dysmorphology assessment
HP:0009815,dysmorphology assessment
HP:0006493,dysmorphology assessment
HP:0006496,dysmorphology assessment
HP:0010482,dysmorphology assessment
HP:0009812,dysmorphology assessment
HP:0009818,dysmorphology assessment
HP:0009817,dysmorphology assessment
HP:0009819,dysmorphology assessment
HP:0009814,dysmorphology assessment
HP:0009813,dysmorphology assessment
HP:0010494,dysmorphology assessment
HP:0009823,dysmorphology assessment
HP:0009827,dysmorphology assessment
HP:0009829,dysmorphology assessment
HP:0009828,dysmorphology assessment
HP:0009825,dysmorphology assessment
HP:0003057,dysmorphology assessment
HP:0010884,dysmorphology assessment
HP:0030721,dysmorphology assessment
HP:0008771,dysmorphology assessment
HP:0031092,dysmorphology assessment
HP:0033766,dysmorphology assessment
HP:0033794,dysmorphology assessment
HP:0011815,dysmorphology assessment
HP:0010484,dysmorphology assessment
HP:0025463,reactive oxygen species measurement
HP:0025464,reactive oxygen species measurement
HP:0025632,reactive oxygen species measurement
HP:0002723,reactive oxygen species measurement
HP:0012135,leukocyte morphology measurement
HP:0012139,leukocyte morphology measurement
HP:0031160,leukocyte morphology measurement
HP:0012136,leukocyte morphology measurement
HP:0012137,leukocyte morphology measurement
HP:0012138,leukocyte morphology measurement
HP:0012144,leukocyte morphology measurement
HP:0012310,leukocyte morphology measurement
HP:0012311,leukocyte morphology measurement
HP:0012312,leukocyte morphology measurement
HP:0012143,megakaryocyte morphology measurement
HP:0031385,megakaryocyte morphology measurement
HP:0031386,megakaryocyte morphology measurement
HP:0031387,megakaryocyte morphology measurement
HP:0031388,megakaryocyte morphology measurement
HP:0005548,megakaryocyte morphology measurement
HP:0031689,megakaryocyte morphology measurement
HP:0005513,megakaryocyte morphology measurement
HP:0034010,megakaryocyte morphology measurement
HP:0025441,ankle radiography
HP:0012864,sperm analysis
HP:0033525,sperm analysis
HP:0033393,sperm analysis
HP:0012205,sperm analysis
HP:0032560,sperm analysis
HP:0032561,sperm analysis
HP:0032562,sperm analysis
HP:0025437,sperm analysis
HP:0032558,sperm analysis
HP:0032559,sperm analysis
HP:0031136,sperm analysis
HP:0012865,sperm analysis
HP:0012866,sperm analysis
HP:0012867,sperm analysis
HP:0034309,sperm analysis
HP:0012868,sperm analysis
HP:0012869,sperm analysis
HP:0033523,sperm analysis
HP:0033524,sperm analysis
HP:0005339,complement assay
HP:0005416,complement assay
HP:0025434,complement assay
HP:0012308,complement assay
HP:0005389,complement assay
HP:0033057,complement assay
HP:0005356,complement assay
HP:0033058,complement assay
HP:0033059,complement assay
HP:0004431,complement assay
HP:0005482,complement assay
HP:0034204,complement assay
HP:0004434,complement assay
HP:0031904,complement assay
HP:0031905,complement assay
HP:0031906,complement assay
HP:0008338,complement assay
HP:0005421,complement assay
HP:0005423,complement assay
HP:0045042,complement assay
HP:0045043,complement assay
HP:0045044,complement assay
HP:0033060,complement assay
HP:0008290,complement assay
HP:0005369,complement assay
HP:0410035,functional T cell assessment
HP:0031270,functional T cell assessment
HP:0031267,functional T cell assessment
HP:0031268,functional T cell assessment
HP:0031269,functional T cell assessment
HP:0005419,functional T cell assessment
HP:0011840,functional T cell assessment
HP:0031402,functional T cell assessment
HP:0031379,functional T cell assessment
HP:0031430,functional T cell assessment
HP:0030253,functional T cell assessment
HP:0005435,functional T cell assessment
HP:0005354,functional T cell assessment
HP:0030878,pulmonary function testing
HP:0002792,pulmonary function testing
HP:0002790,neonatologist evaluation
HP:0030917,neonatologist evaluation
HP:0033468,neonatologist evaluation
HP:0033469,neonatologist evaluation
HP:0030920,neonatologist evaluation
HP:0030923,neonatologist evaluation
HP:0030924,neonatologist evaluation
HP:0030925,neonatologist evaluation
HP:0030926,neonatologist evaluation
HP:0030927,neonatologist evaluation
HP:0030928,neonatologist evaluation
HP:0030922,neonatologist evaluation
HP:0030921,neonatologist evaluation
HP:0030929,neonatologist evaluation
HP:0033470,neonatologist evaluation
HP:0033471,neonatologist evaluation
HP:0033472,neonatologist evaluation
HP:0033473,neonatologist evaluation
HP:0030919,neonatologist evaluation
HP:0033474,neonatologist evaluation
HP:0030918,neonatologist evaluation
HP:0030930,neonatologist evaluation
HP:0030931,neonatologist evaluation
HP:0030932,neonatologist evaluation
HP:0030933,neonatologist evaluation
HP:0033467,neonatologist evaluation
HP:0011328,neonatologist evaluation
HP:0004491,neonatologist evaluation
HP:0005458,neonatologist evaluation
HP:0005486,neonatologist evaluation
HP:0005494,neonatologist evaluation
HP:0012367,neonatologist evaluation
HP:0005498,neonatologist evaluation
HP:0008491,neonatologist evaluation
HP:0000260,neonatologist evaluation
HP:0000236,neonatologist evaluation
HP:0000237,neonatologist evaluation
HP:0000239,neonatologist evaluation
HP:0000235,neonatologist evaluation
HP:0001520,neonatologist evaluation
HP:0001622,neonatologist evaluation
HP:0025666,neonatologist evaluation
HP:0025665,neonatologist evaluation
HP:0025664,neonatologist evaluation
HP:0005267,neonatologist evaluation
HP:0030886,apoptosis assay
HP:0002731,apoptosis assay
HP:0033278,apoptosis assay
HP:0030887,apoptosis assay
HP:0002715,allergy and immunology specialist evaluation
HP:0002721,allergy and immunology specialist evaluation
HP:0005374,allergy and immunology specialist evaluation
HP:0004430,allergy and immunology specialist evaluation
HP:0005387,allergy and immunology specialist evaluation
HP:0005352,allergy and immunology specialist evaluation
HP:0005363,allergy and immunology specialist evaluation
HP:0012647,allergy and immunology specialist evaluation
HP:0012648,allergy and immunology specialist evaluation
HP:0012649,allergy and immunology specialist evaluation
HP:0032255,allergy and immunology specialist evaluation
HP:0034286,allergy and immunology specialist evaluation
HP:0033351,allergy and immunology specialist evaluation
HP:0032249,allergy and immunology specialist evaluation
HP:0032258,allergy and immunology specialist evaluation
HP:0020102,allergy and immunology specialist evaluation
HP:0032257,allergy and immunology specialist evaluation
HP:0032256,allergy and immunology specialist evaluation
HP:0032169,allergy and immunology specialist evaluation
HP:0033141,allergy and immunology specialist evaluation
HP:0033508,allergy and immunology specialist evaluation
HP:0033431,allergy and immunology specialist evaluation
HP:0020093,allergy and immunology specialist evaluation
HP:0020095,allergy and immunology specialist evaluation
HP:0020099,allergy and immunology specialist evaluation
HP:0032170,allergy and immunology specialist evaluation
HP:0032247,allergy and immunology specialist evaluation
HP:0032248,allergy and immunology specialist evaluation
HP:0031691,allergy and immunology specialist evaluation
HP:0031692,allergy and immunology specialist evaluation
HP:0031693,allergy and immunology specialist evaluation
HP:0031694,allergy and immunology specialist evaluation
HP:0031695,allergy and immunology specialist evaluation
HP:0020114,allergy and immunology specialist evaluation
HP:0034249,allergy and immunology specialist evaluation
HP:0020072,allergy and immunology specialist evaluation
HP:0020085,allergy and immunology specialist evaluation
HP:0020086,allergy and immunology specialist evaluation
HP:0034310,allergy and immunology specialist evaluation
HP:0020088,allergy and immunology specialist evaluation
HP:0020087,allergy and immunology specialist evaluation
HP:0020089,allergy and immunology specialist evaluation
HP:0020090,allergy and immunology specialist evaluation
HP:0020091,allergy and immunology specialist evaluation
HP:0032101,allergy and immunology specialist evaluation
HP:0032260,allergy and immunology specialist evaluation
HP:0032261,allergy and immunology specialist evaluation
HP:0032262,allergy and immunology specialist evaluation
HP:0032157,allergy and immunology specialist evaluation
HP:0032158,allergy and immunology specialist evaluation
HP:0032271,allergy and immunology specialist evaluation
HP:0032275,allergy and immunology specialist evaluation
HP:0020097,allergy and immunology specialist evaluation
HP:0032162,allergy and immunology specialist evaluation
HP:0020100,allergy and immunology specialist evaluation
HP:0020101,allergy and immunology specialist evaluation
HP:0020103,allergy and immunology specialist evaluation
HP:0020104,allergy and immunology specialist evaluation
HP:0020105,allergy and immunology specialist evaluation
HP:0020106,allergy and immunology specialist evaluation
HP:0020107,allergy and immunology specialist evaluation
HP:0020108,allergy and immunology specialist evaluation
HP:0032163,allergy and immunology specialist evaluation
HP:0032515,allergy and immunology specialist evaluation
HP:0032516,allergy and immunology specialist evaluation
HP:0032517,allergy and immunology specialist evaluation
HP:0032518,allergy and immunology specialist evaluation
HP:0032283,allergy and immunology specialist evaluation
HP:0005353,allergy and immunology specialist evaluation
HP:0032185,allergy and immunology specialist evaluation
HP:0032204,allergy and immunology specialist evaluation
HP:0032326,allergy and immunology specialist evaluation
HP:0031690,allergy and immunology specialist evaluation
HP:0031696,allergy and immunology specialist evaluation
HP:0031697,allergy and immunology specialist evaluation
HP:0031699,allergy and immunology specialist evaluation
HP:0031700,allergy and immunology specialist evaluation
HP:0033432,allergy and immunology specialist evaluation
HP:0031035,allergy and immunology specialist evaluation
HP:0034317,allergy and immunology specialist evaluation
HP:0034318,allergy and immunology specialist evaluation
HP:0034319,allergy and immunology specialist evaluation
HP:0032130,allergy and immunology specialist evaluation
HP:0032250,allergy and immunology specialist evaluation
HP:0032259,allergy and immunology specialist evaluation
HP:0002959,allergy and immunology specialist evaluation
HP:0002958,allergy and immunology specialist evaluation
HP:0033581,allergy and immunology specialist evaluation
HP:0032251,allergy and immunology specialist evaluation
HP:0032252,allergy and immunology specialist evaluation
HP:0032253,allergy and immunology specialist evaluation
HP:0033805,allergy and immunology specialist evaluation
HP:0010987,allergy and immunology specialist evaluation
HP:0010978,allergy and immunology specialist evaluation
HP:0033796,allergy and immunology specialist evaluation
HP:0002015,barium swallow radiograph procedure
HP:0031162,barium swallow radiograph procedure
HP:0200136,barium swallow radiograph procedure
HP:0002068,barium swallow radiograph procedure
HP:0031146,barium swallow radiograph procedure
HP:0010450,barium swallow radiograph procedure
HP:0002043,barium swallow radiograph procedure
HP:0012850,barium swallow radiograph procedure
HP:0005999,CT urogram
HP:0005973,fructose tolerance test
HP:0004632,cervical spine radiography
HP:0100545,arterial ultrasonograpy
HP:0001920,arterial ultrasonograpy
HP:0005297,arterial ultrasonograpy
HP:0004950,arterial ultrasonograpy
HP:0003378,biopsy of peripheral nerve
HP:0003130,biopsy of peripheral nerve
HP:0007262,biopsy of peripheral nerve
HP:0003383,biopsy of peripheral nerve
HP:0003380,biopsy of peripheral nerve
HP:0007208,biopsy of peripheral nerve
HP:0007249,biopsy of peripheral nerve
HP:0030172,biopsy of peripheral nerve
HP:0030175,biopsy of peripheral nerve
HP:0030176,biopsy of peripheral nerve
HP:0003481,biopsy of peripheral nerve
HP:0030174,biopsy of peripheral nerve
HP:0030173,biopsy of peripheral nerve
HP:0006873,biopsy of peripheral nerve
HP:0004336,biopsy of peripheral nerve
HP:0003469,biopsy of peripheral nerve
HP:0007182,biopsy of peripheral nerve
HP:0006881,biopsy of peripheral nerve
HP:0011096,biopsy of peripheral nerve
HP:0011401,biopsy of peripheral nerve
HP:0003400,biopsy of peripheral nerve
HP:0003387,biopsy of peripheral nerve
HP:0007107,biopsy of peripheral nerve
HP:0000764,biopsy of peripheral nerve
HP:0007233,biopsy of peripheral nerve
HP:0003447,biopsy of peripheral nerve
HP:0003450,biopsy of peripheral nerve
HP:0040078,biopsy of peripheral nerve
HP:0003384,biopsy of peripheral nerve
HP:0003382,biopsy of peripheral nerve
HP:0003443,biopsy of peripheral nerve
HP:0003405,biopsy of peripheral nerve
HP:0002366,biopsy of peripheral nerve
HP:0033035,biopsy of peripheral nerve
HP:0031001,biopsy of peripheral nerve
HP:0031002,biopsy of peripheral nerve
HP:0030965,magnetic resonance angiography procedure
HP:0100659,magnetic resonance angiography procedure
HP:0011834,magnetic resonance angiography procedure
HP:0012482,magnetic resonance angiography procedure
HP:0012481,magnetic resonance angiography procedure
HP:0012480,magnetic resonance angiography procedure
HP:0033724,magnetic resonance angiography procedure
HP:0033723,magnetic resonance angiography procedure
HP:0004944,magnetic resonance angiography procedure
HP:0031774,magnetic resonance angiography procedure
HP:0031773,magnetic resonance angiography procedure
HP:0031772,magnetic resonance angiography procedure
HP:0009145,magnetic resonance angiography procedure
HP:0004938,magnetic resonance angiography procedure
HP:0012520,magnetic resonance angiography procedure
HP:0031056,magnetic resonance angiography procedure
HP:0012495,magnetic resonance angiography procedure
HP:0012494,magnetic resonance angiography procedure
HP:0012493,magnetic resonance angiography procedure
HP:0012492,magnetic resonance angiography procedure
HP:0030713,magnetic resonance angiography procedure
HP:0012519,magnetic resonance angiography procedure
HP:0012518,magnetic resonance angiography procedure
HP:0007029,magnetic resonance angiography procedure
HP:0005318,magnetic resonance angiography procedure
HP:0004955,magnetic resonance angiography procedure
HP:0034179,magnetic resonance angiography procedure
HP:0100582,nasal endoscopy
HP:3000033,nasal endoscopy
HP:0040261,nasal endoscopy
HP:0040260,nasal endoscopy
HP:0031458,nasal endoscopy
HP:0040259,nasal endoscopy
HP:0040258,nasal endoscopy
HP:0040257,nasal endoscopy
HP:0040256,nasal endoscopy
HP:0025011,nasal endoscopy
HP:0000415,nasal endoscopy
HP:0200138,nasal endoscopy
HP:0004502,nasal endoscopy
HP:0000452,nasal endoscopy
HP:0000453,nasal endoscopy
HP:0011820,nasal endoscopy
HP:0005912,hepatobiliary iminodiacetic acid scan
HP:0005242,hepatobiliary iminodiacetic acid scan
HP:0003398,electromyography procedure
HP:0003402,electromyography procedure
HP:0003436,electromyography procedure
HP:0011036,fractional excretion assessment
HP:0012590,fractional excretion assessment
HP:0005572,fractional excretion assessment
HP:0004732,fractional excretion assessment
HP:0004727,fractional excretion assessment
HP:0003529,fractional excretion assessment
HP:0025021,erythrocyte sedimentation rate measurement
HP:0003565,erythrocyte sedimentation rate measurement
HP:0025022,erythrocyte sedimentation rate measurement
HP:0030402,platelet aggregation assay
HP:0030403,platelet aggregation assay
HP:0031130,platelet aggregation assay
HP:0004866,platelet aggregation assay
HP:0011894,platelet aggregation assay
HP:0008148,platelet aggregation assay
HP:0011872,platelet aggregation assay
HP:0011870,platelet aggregation assay
HP:0031129,platelet aggregation assay
HP:0031128,platelet aggregation assay
HP:0031127,platelet aggregation assay
HP:0008320,platelet aggregation assay
HP:0003540,platelet aggregation assay
HP:0040241,platelet aggregation assay
HP:0008352,platelet aggregation assay
HP:0002625,venography procedure
HP:0004850,venography procedure
HP:0004936,venography procedure
HP:0030242,venography procedure
HP:0004418,venography procedure
HP:0004419,venography procedure
HP:0005305,venography procedure
HP:0030248,venography procedure
HP:0030247,venography procedure
HP:0030243,venography procedure
HP:0012721,venography procedure
HP:0004919,breath hydrogen test
HP:0033163,breath hydrogen test
HP:0000649,visual evoked potential procedure
HP:0030463,visual evoked potential procedure
HP:0030462,visual evoked potential procedure
HP:0030461,visual evoked potential procedure
HP:0030460,visual evoked potential procedure
HP:0000650,visual evoked potential procedure
HP:0007965,visual evoked potential procedure
HP:0007928,visual evoked potential procedure
HP:0008045,visual evoked potential procedure
HP:0100289,visual evoked potential procedure
HP:0030464,visual evoked potential procedure
HP:0030458,visual evoked potential procedure
HP:0030457,visual evoked potential procedure
HP:0030456,visual evoked potential procedure
HP:0030455,visual evoked potential procedure
HP:0011353,biopsy of artery
HP:0003207,biopsy of artery
HP:0031301,biopsy of artery
HP:0031302,biopsy of artery
HP:0031303,biopsy of artery
HP:0031304,biopsy of artery
HP:0031305,biopsy of artery
HP:0031306,biopsy of artery
HP:0031307,biopsy of artery
HP:0031308,biopsy of artery
HP:0031309,biopsy of artery
HP:0012456,biopsy of artery
HP:0012457,biopsy of artery
HP:0012458,biopsy of artery
HP:0031310,biopsy of artery
HP:0031311,biopsy of artery
HP:0031314,biopsy of artery
HP:0031315,biopsy of artery
HP:0032200,biopsy of artery
HP:0031328,biopsy of artery
HP:0000512,electroretinogram procedure
HP:0000550,electroretinogram procedure
HP:0030480,electroretinogram procedure
HP:0030481,electroretinogram procedure
HP:0030482,electroretinogram procedure
HP:0030483,electroretinogram procedure
HP:0030484,electroretinogram procedure
HP:0030486,electroretinogram procedure
HP:0030487,electroretinogram procedure
HP:0030488,electroretinogram procedure
HP:0030489,electroretinogram procedure
HP:0030466,electroretinogram procedure
HP:0030467,electroretinogram procedure
HP:0030468,electroretinogram procedure
HP:0030469,electroretinogram procedure
HP:0030465,electroretinogram procedure
HP:0030485,electroretinogram procedure
HP:0008275,electroretinogram procedure
HP:0007984,electroretinogram procedure
HP:0030844,electroretinogram procedure
HP:0008323,electroretinogram procedure
HP:0030470,electroretinogram procedure
HP:0000654,electroretinogram procedure
HP:0030472,electroretinogram procedure
HP:0030473,electroretinogram procedure
HP:0030474,electroretinogram procedure
HP:0030475,electroretinogram procedure
HP:0030476,electroretinogram procedure
HP:0030477,electroretinogram procedure
HP:0030478,electroretinogram procedure
HP:0030479,electroretinogram procedure
HP:0007688,electroretinogram procedure
HP:0030471,electroretinogram procedure
HP:0012632,applanation tonometry
HP:0012633,applanation tonometry
HP:0007906,applanation tonometry
HP:0032547,applanation tonometry
HP:0009109,phrenic nerve stimulation test
HP:0000873,water deprivation test
HP:0009806,water deprivation test
HP:0000863,water deprivation test
HP:0000539,refraction test
HP:0500042,refraction test
HP:0012803,refraction test
HP:0031728,refraction test
HP:0031729,refraction test
HP:0000540,refraction test
HP:0031624,refraction test
HP:0011003,refraction test
HP:0000545,refraction test
HP:0500066,refraction test
HP:0025573,refraction test
HP:0031730,refraction test
HP:0008499,refraction test
HP:0012896,motor evoked potential evaluation
HP:0012897,motor evoked potential evaluation
HP:0012898,motor evoked potential evaluation
HP:0033013,salivary cortisol test
HP:0033015,salivary cortisol test
HP:0033014,salivary cortisol test
HP:0001541,paracentesis
HP:0025673,paracentesis
HP:0012281,paracentesis
HP:0031780,paracentesis
HP:0011854,paracentesis
HP:0012273,biopsy of carotid artery
HP:0040127,sweat electrolyte test
HP:0012236,sweat electrolyte test
HP:0040128,sweat electrolyte test
HP:0012224,immune complex assay
HP:0000223,gustatory testing
HP:0033847,gustatory testing
HP:0041051,gustatory testing
HP:0031249,gustatory testing
HP:0000224,gustatory testing
HP:0012396,hepatobiliary iminodiacetic acid scan
HP:0012442,hepatobiliary iminodiacetic acid scan
HP:0012441,hepatobiliary iminodiacetic acid scan
HP:0012345,protein glycosylation assay
HP:0012491,platelet transmission electron microscopy
HP:0012484,platelet transmission electron microscopy
HP:0012530,platelet transmission electron microscopy
HP:0033535,platelet transmission electron microscopy
HP:0033263,platelet transmission electron microscopy
HP:0033264,platelet transmission electron microscopy
HP:0030401,platelet transmission electron microscopy
HP:0012529,platelet transmission electron microscopy
HP:0012485,platelet transmission electron microscopy
HP:0011883,platelet transmission electron microscopy
HP:0033536,platelet transmission electron microscopy
HP:0012525,platelet transmission electron microscopy
HP:0012526,platelet transmission electron microscopy
HP:0012527,platelet transmission electron microscopy
HP:0012528,platelet transmission electron microscopy
HP:0012483,platelet transmission electron microscopy
HP:0012524,platelet transmission electron microscopy
HP:0011875,platelet transmission electron microscopy
HP:0010977,immune cell function assay
HP:0033798,immune cell function assay
HP:0033797,immune cell function assay
HP:0032615,diffusion weighted cerebral MRI
HP:0002664,medical oncologist evaluation
HP:4000154,medical oncologist evaluation
HP:4000106,medical oncologist evaluation
HP:0500036,medical oncologist evaluation
HP:0500035,medical oncologist evaluation
HP:0011752,medical oncologist evaluation
HP:0011754,medical oncologist evaluation
HP:0500018,cardiac exercise stress test
HP:0500017,cardiac catheterization
HP:0031251,duplex ultrasound with color flow imaging
HP:0031633,duplex ultrasound with color flow imaging
HP:0031632,duplex ultrasound with color flow imaging
HP:0031253,duplex ultrasound with color flow imaging
HP:0031252,duplex ultrasound with color flow imaging
HP:0031657,cardiac auscultation
HP:0033114,cardiac auscultation
HP:0033113,cardiac auscultation
HP:0031659,cardiac auscultation
HP:0031658,cardiac auscultation
HP:0034421,cardiac auscultation
HP:0031668,cardiac auscultation
HP:0031669,cardiac auscultation
HP:0031667,cardiac auscultation
HP:0031666,cardiac auscultation
HP:0030148,cardiac auscultation
HP:0031665,cardiac auscultation
HP:0031664,cardiac auscultation
HP:0031663,cardiac auscultation
HP:0031662,cardiac auscultation
HP:0031661,cardiac auscultation
HP:0031660,cardiac auscultation
HP:0031670,cardiac auscultation
HP:0031687,cardiac auscultation
HP:0030454,electrooculogram procedure
HP:0008179,electrooculogram procedure
HP:0011017,cell function assay
HP:0031382,cell function assay
HP:0031381,cell function assay
HP:0031380,cell function assay
HP:0008322,cell function assay
HP:0031378,cell function assay
HP:0031377,cell function assay
HP:0004371,cell function assay
HP:0041078,cell function assay
HP:0041077,cell function assay
HP:0041076,cell function assay
HP:0034692,cell function assay
HP:0004356,cell function assay
HP:0032639,cell function assay
HP:0034687,cell function assay
HP:0006916,cell function assay
HP:0003264,cell function assay
HP:0004433,cell function assay
HP:0003148,cell function assay
HP:0034528,cell function assay
HP:0031409,cell function assay
HP:4000057,cell function assay
HP:4000056,cell function assay
HP:0003226,cell function assay
HP:0003224,cell function assay
HP:0005384,cell function assay
HP:0003214,cell function assay
HP:0005372,cell function assay
HP:0005357,cell function assay
HP:0033353,medical action
HP:0034684,enzyme activity assessment
HP:0010653,MRI of the brain
HP:0010654,MRI of the brain
HP:0010652,medical action
HP:0010651,MRI of the brain
HP:0032070,MRI of the brain
HP:0032934,MRI of the brain
HP:0032029,ophthalmologist evaluation
HP:0031880,ophthalmologist evaluation
HP:0032034,ophthalmologist evaluation
HP:0032035,ophthalmologist evaluation
HP:0032030,ophthalmologist evaluation
HP:0032031,ophthalmologist evaluation
HP:0032032,ophthalmologist evaluation
HP:0032033,ophthalmologist evaluation
HP:0033137,biopsy of lung
HP:0006514,biopsy of lung
HP:4000060,biopsy of lung
HP:0033376,biopsy of lung
HP:0033363,biopsy of lung
HP:0006824,neurologist evaluation
HP:0006897,neurologist evaluation
HP:0007011,neurologist evaluation
HP:0010643,nasal endoscopy
HP:0010641,nasal endoscopy
HP:0010644,nasal endoscopy
HP:0010640,medical action
HP:0032039,ophthalmologist evaluation
HP:0007993,ophthalmologist evaluation
HP:3000066,ophthalmologist evaluation
HP:0007734,ophthalmologist evaluation
HP:0032040,ophthalmologist evaluation
HP:0007900,ophthalmologist evaluation
HP:0007925,ophthalmologist evaluation
HP:0031879,ophthalmologist evaluation
HP:0030669,ophthalmologist evaluation
HP:0030671,ophthalmologist evaluation
HP:0030752,ophthalmologist evaluation
HP:0010646,neurological surgery specialist evaluation
HP:0032043,otolaryngologist evaluation
HP:0007006,neurologist evaluation
HP:0011970,biopsy of brain
HP:0430021,magnetic resonance angiography procedure
HP:0031634,magnetic resonance angiography procedure
HP:0031636,magnetic resonance angiography procedure
HP:0031635,magnetic resonance angiography procedure
HP:0010625,MRI of the brain
HP:0010626,MRI of the brain
HP:0010627,MRI of the brain
HP:0430024,clinical assessment
HP:0033389,bronchoscopy
HP:0011954,biopsy of liver
HP:0033388,medical action
HP:0011956,biopsy of intestine
HP:0033392,medical action
HP:0033391,medical action
HP:0032062,esophagoscopy
HP:0032064,medical action
HP:0430015,medical action
HP:0033390,medical action
HP:0011947,clinical assessment
HP:0004469,clinical assessment
HP:0011944,medical action
HP:0032075,MRI of the abdomen
HP:0020071,viral cell culture
HP:0020076,clinical assessment
HP:0034609,blood cell measurement
HP:0034601,complement assay
HP:0034600,hormone measurement
HP:0007097,neurologist evaluation
HP:0020047,medical action
HP:0034629,medical action
HP:0034628,biopsy of lymph node
HP:0034621,biopsy of liver
HP:0034623,biopsy of spleen
HP:0034622,biopsy of adrenal gland
HP:0034625,biopsy of brain
HP:0034624,medical action
HP:0034627,biopsy of bone marrow
HP:0034626,biopsy of lung
HP:0020038,medical action
HP:0012130,biopsy of bone marrow
HP:0034636,biopsy of bone marrow
HP:4000108,biopsy of bone marrow
HP:0034638,medical action
HP:0034637,biopsy of lung
HP:0034641,biopsy of skin
HP:0034640,dermatology specialist evaluation
HP:0034643,biopsy of skin
HP:0034642,biopsy of skin
HP:0034645,biopsy of liver
HP:0034644,biopsy of liver
HP:0034647,medical action
HP:0034646,medical action
HP:0200021,clinical assessment
HP:0010835,neurologist evaluation
HP:0010827,neurologist evaluation
HP:3000075,neurologist evaluation
HP:0010826,neurologist evaluation
HP:0010825,neurologist evaluation
HP:0010824,neurologist evaluation
HP:3000061,neurologist evaluation
HP:0200000,radiologist evaluation
HP:0005289,dysmorphology assessment
HP:0005272,dysmorphology assessment
HP:0010801,dysmorphology assessment
HP:0009810,orthopedic surgeon evaluation
HP:0009811,orthopedic surgeon evaluation
HP:0033448,clinical assessment
HP:0033449,clinical assessment
HP:0004439,dysmorphology assessment
HP:0008497,dysmorphology assessment
HP:0005321,dysmorphology assessment
HP:0020127,clinical assessment
HP:0020128,MRI of the brain
HP:0003319,spine radiography
HP:0008483,spine radiography
HP:0008440,spine radiography
HP:0005878,spine radiography
HP:0020118,angiography
HP:0020110,orthopedic surgeon evaluation
HP:0041081,orthopedic surgeon evaluation
HP:0041084,orthopedic surgeon evaluation
HP:0041085,orthopedic surgeon evaluation
HP:0004277,orthopedic surgeon evaluation
HP:0041217,orthopedic surgeon evaluation
HP:0041162,orthopedic surgeon evaluation
HP:0041166,orthopedic surgeon evaluation
HP:0041224,orthopedic surgeon evaluation
HP:0041172,orthopedic surgeon evaluation
HP:0041235,orthopedic surgeon evaluation
HP:0041119,orthopedic surgeon evaluation
HP:0041245,orthopedic surgeon evaluation
HP:0041073,orthopedic surgeon evaluation
HP:0032143,neurologist evaluation
HP:0100292,neurologist evaluation
HP:3000047,neurologist evaluation
HP:3000055,neurologist evaluation
HP:0032145,neurologist evaluation
HP:0010778,tracheobronchoscopy
HP:0008462,orthopedic surgeon evaluation
HP:0032153,orthopedic surgeon evaluation
HP:0005739,orthopedic surgeon evaluation
HP:0003048,orthopedic surgeon evaluation
HP:0009795,clinical assessment
HP:0009794,medical action
HP:0009796,clinical assessment
HP:0010769,clinical assessment
HP:0010767,medical action
HP:0010766,radiograph imaging procedure
HP:0010770,clinical assessment
HP:0032165,medical action
HP:0032166,infectious disease internist evaluation
HP:0032167,infectious disease internist evaluation
HP:0032168,infectious disease internist evaluation
HP:0008455,pelvis MRI
HP:0032172,chest CT
HP:0031983,chest CT
HP:0032968,chest CT
HP:0032173,chest CT
HP:0032174,chest CT
HP:0032175,chest CT
HP:0032176,chest CT
HP:0008442,spine radiography
HP:0008441,MRI of the spinal cord
HP:0008443,medical action
HP:0010742,clinical assessment
HP:0032181,angiography
HP:0008433,spine radiography
HP:0008419,MRI of the spinal cord
HP:0010736,medical action
HP:0010735,medical action
HP:0010734,medical action
HP:0032192,obstetrics and gynecology specialist evaluation
HP:0008420,spine radiography
HP:0008423,MRI of the spinal cord
HP:0020186,abdominal CT
HP:0020170,blood chemistry measurement
HP:0020172,clinical assessment
HP:0020171,blood chemistry measurement
HP:0020174,clinical assessment
HP:0020173,clinical assessment
HP:0033402,clinical assessment
HP:0033401,clinical assessment
HP:0033404,medical action
HP:0033403,medical action
HP:0020169,clinical assessment
HP:0033415,echocardiography
HP:0007190,biopsy of brain
HP:0033420,biopsy of lung
HP:0020156,reproductive endocrinologist assessment
HP:0020157,reproductive endocrinologist assessment
HP:0020155,reproductive endocrinologist assessment
HP:0033429,medical action
HP:0033422,medical action
HP:0033421,medical action
HP:0033428,medical action
HP:0033427,biopsy of lung
HP:0033430,medical action
HP:0020143,tracheostomy
HP:0031820,clinical assessment
HP:0031838,blood chemistry measurement
HP:0031858,esophagoscopy
HP:0005521,D-dimer assessment
HP:0005520,D-dimer assessment
HP:0031853,medical action
HP:0031854,medical action
HP:0031855,medical action
HP:0031564,medical action
HP:0006825,medical action
HP:0031863,blood culture procedure
HP:0031865,medical action
HP:4000005,MRI of the chest
HP:4000006,medical action
HP:4000003,medical action
HP:4000004,MRI of the chest
HP:4000001,MRI of the chest
HP:0031878,dysmorphology assessment
HP:0006849,fetal MRI
HP:0012675,fetal MRI
HP:0010664,fetal MRI
HP:0100251,fetal MRI
HP:0100307,fetal MRI
HP:0006951,fetal MRI
HP:0011816,fetal MRI
HP:0002341,fetal MRI
HP:0007109,fetal MRI
HP:0002444,fetal MRI
HP:0010994,fetal MRI
HP:0002416,fetal MRI
HP:0006821,fetal MRI
HP:0006882,fetal MRI
HP:0030060,fetal MRI
HP:0012705,fetal MRI
HP:0002951,fetal MRI
HP:0002085,fetal MRI
HP:0012104,fetal MRI
HP:0007095,fetal MRI
HP:0012704,fetal MRI
HP:0030065,fetal MRI
HP:0012650,fetal MRI
HP:0006872,fetal MRI
HP:0007370,fetal MRI
HP:0006994,fetal MRI
HP:0200011,fetal MRI
HP:0007103,fetal MRI
HP:0007007,fetal MRI
HP:0002679,fetal MRI
HP:0006808,fetal MRI
HP:0012721,fetal MRI
HP:0007313,fetal MRI
HP:0025100,fetal MRI
HP:0002134,fetal MRI
HP:0002059,fetal MRI
HP:0007375,fetal MRI
HP:0006850,fetal MRI
HP:0006893,fetal MRI
HP:0100309,fetal MRI
HP:0002339,fetal MRI
HP:0002363,fetal MRI
HP:0012679,fetal MRI
HP:0007204,fetal MRI
HP:0012501,fetal MRI
HP:0001322,fetal MRI
HP:0025170,fetal MRI
HP:0002120,fetal MRI
HP:0025041,fetal MRI
HP:0001339,fetal MRI
HP:0007372,fetal MRI
HP:0025192,fetal MRI
HP:0001273,fetal MRI
HP:0100009,fetal MRI
HP:0001317,fetal MRI
HP:0002340,fetal MRI
HP:0100961,fetal MRI
HP:0001272,fetal MRI
HP:0002350,fetal MRI
HP:0007362,fetal MRI
HP:0007047,fetal MRI
HP:0007115,fetal MRI
HP:0025098,fetal MRI
HP:0007129,fetal MRI
HP:0031422,fetal MRI
HP:0007074,fetal MRI
HP:0010873,fetal MRI
HP:0100562,fetal MRI
HP:0002283,fetal MRI
HP:0006980,fetal MRI
HP:0007146,fetal MRI
HP:0012765,fetal MRI
HP:0012503,fetal MRI
HP:0001305,fetal MRI
HP:0012642,fetal MRI
HP:0006988,fetal MRI
HP:0012683,fetal MRI
HP:0007367,fetal MRI
HP:0006989,fetal MRI
HP:0007291,fetal MRI
HP:0002190,fetal MRI
HP:0007371,fetal MRI
HP:0007227,fetal MRI
HP:0012703,fetal MRI
HP:0010576,fetal MRI
HP:0012495,fetal MRI
HP:0006992,fetal MRI
HP:0007260,fetal MRI
HP:0010950,fetal MRI
HP:0002132,fetal MRI
HP:0030067,fetal MRI
HP:0012706,fetal MRI
HP:0012692,fetal MRI
HP:0007352,fetal MRI
HP:0011283,fetal MRI
HP:0002514,fetal MRI
HP:0007268,fetal MRI
HP:0012697,fetal MRI
HP:0006870,fetal MRI
HP:0012502,fetal MRI
HP:0007271,fetal MRI
HP:0012750,fetal MRI
HP:0012505,fetal MRI
HP:0006978,fetal MRI
HP:0001360,fetal MRI
HP:0006899,fetal MRI
HP:0045005,fetal MRI
HP:0001355,fetal MRI
HP:0030730,fetal MRI
HP:0007305,fetal MRI
HP:0012794,fetal MRI
HP:0007023,fetal MRI
HP:0007341,fetal MRI
HP:0010663,fetal MRI
HP:0007187,fetal MRI
HP:0002060,fetal MRI
HP:0002681,fetal MRI
HP:0100842,fetal MRI
HP:0100311,fetal MRI
HP:0007035,fetal MRI
HP:0010662,fetal MRI
HP:0025102,fetal MRI
HP:0007361,fetal MRI
HP:0012443,fetal MRI
HP:0007183,fetal MRI
HP:0012430,fetal MRI
HP:0006976,fetal MRI
HP:0030062,fetal MRI
HP:0030725,fetal MRI
HP:0001338,fetal MRI
HP:0007363,fetal MRI
HP:0007330,fetal MRI
HP:0012753,fetal MRI
HP:0100275,fetal MRI
HP:0007365,fetal MRI
HP:0012105,fetal MRI
HP:0012693,fetal MRI
HP:0002542,fetal MRI
HP:0030724,fetal MRI
HP:0007042,fetal MRI
HP:0001320,fetal MRI
HP:0100010,fetal MRI
HP:0007033,fetal MRI
HP:0007229,fetal MRI
HP:0500016,fetal MRI
HP:0002139,fetal MRI
HP:0012694,fetal MRI
HP:0007206,fetal MRI
HP:0002084,fetal MRI
HP:0006859,fetal MRI
HP:0100313,fetal MRI
HP:0002365,fetal MRI
HP:0012751,fetal MRI
HP:0025064,fetal MRI
HP:0011427,fetal MRI
HP:0007052,fetal MRI
HP:0011395,fetal MRI
HP:0030063,fetal MRI
HP:0012709,fetal MRI
HP:0100564,fetal MRI
HP:0001342,fetal MRI
HP:0006931,fetal MRI
HP:0007369,fetal MRI
HP:0002977,fetal MRI
HP:0031627,fetal MRI
HP:0007376,fetal MRI
HP:0030892,fetal MRI
HP:0100314,fetal MRI
HP:0002198,fetal MRI
HP:0002335,fetal MRI
HP:0030891,fetal MRI
HP:0006817,fetal MRI
HP:0002454,fetal MRI
HP:0010993,fetal MRI
HP:0002536,fetal MRI
HP:0012677,fetal MRI
HP:0030716,fetal MRI
HP:0040272,fetal MRI
HP:0007048,fetal MRI
HP:0007346,fetal MRI
HP:0100561,fetal MRI
HP:0012691,fetal MRI
HP:0002438,fetal MRI
HP:0002538,fetal MRI
HP:0012492,fetal MRI
HP:0007333,fetal MRI
HP:0100250,fetal MRI
HP:0200017,fetal MRI
HP:0002324,fetal MRI
HP:0007099,fetal MRI
HP:0011282,fetal MRI
HP:0007058,fetal MRI
HP:0011695,fetal MRI
HP:0012766,fetal MRI
HP:0012128,fetal MRI
HP:0002188,fetal MRI
HP:0007065,fetal MRI
HP:0010661,fetal MRI
HP:0200147,fetal MRI
HP:0002508,fetal MRI
HP:0030070,fetal MRI
HP:0012110,fetal MRI
HP:0002418,fetal MRI
HP:0006855,fetal MRI
HP:0007063,fetal MRI
HP:0011381,fetal MRI
HP:0007082,fetal MRI
HP:0012081,fetal MRI
HP:0002500,fetal MRI
HP:0012696,fetal MRI
HP:0002143,fetal MRI
HP:0002507,fetal MRI
HP:0011818,fetal MRI
HP:0008278,fetal MRI
HP:0001302,fetal MRI
HP:0012510,fetal MRI
HP:0006879,fetal MRI
HP:0007364,fetal MRI
HP:0012493,fetal MRI
HP:0002119,fetal MRI
HP:0030726,fetal MRI
HP:0030729,fetal MRI
HP:0030069,fetal MRI
HP:0007374,fetal MRI
HP:0002389,fetal MRI
HP:0030408,fetal MRI
HP:0012708,fetal MRI
HP:0002415,fetal MRI
HP:0007112,fetal MRI
HP:0012707,fetal MRI
HP:0200012,fetal MRI
HP:0001321,fetal MRI
HP:0030071,fetal MRI
HP:0002680,fetal MRI
HP:0010636,fetal MRI
HP:0012429,fetal MRI
HP:0002079,fetal MRI
HP:0002472,fetal MRI
HP:0010951,fetal MRI
HP:0012754,fetal MRI
HP:0006956,fetal MRI
HP:0012793,fetal MRI
HP:0100308,fetal MRI
HP:0002512,fetal MRI
HP:0012676,fetal MRI
HP:0002118,fetal MRI
HP:0002435,fetal MRI
HP:0002539,fetal MRI
HP:0010952,fetal MRI
HP:0002126,fetal MRI
HP:0100563,fetal MRI
HP:0002323,fetal MRI
HP:0010795,fetal MRI
HP:0030890,fetal MRI
HP:0012755,fetal MRI
HP:0012678,fetal MRI
HP:0002334,fetal MRI
HP:0002144,fetal MRI
HP:0012504,fetal MRI
HP:0006930,fetal MRI
HP:0011815,fetal MRI
HP:0001334,fetal MRI
HP:0012494,fetal MRI
HP:0002308,fetal MRI
HP:0025101,fetal MRI
HP:0002690,fetal MRI
HP:0002135,fetal MRI
HP:0010953,fetal MRI
HP:0012747,fetal MRI
HP:0012749,fetal MRI
HP:0012762,fetal MRI
HP:0012444,fetal MRI
HP:0010797,fetal MRI
HP:0001274,fetal MRI
HP:0012448,fetal MRI
HP:0006955,fetal MRI
HP:0045007,fetal MRI
HP:0031423,fetal MRI
HP:0012748,fetal MRI
HP:0012690,fetal MRI
HP:0002506,fetal MRI
HP:0007068,fetal MRI
HP:0006891,fetal MRI
HP:0012286,fetal MRI
HP:0002419,fetal MRI
HP:0025099,fetal MRI
HP:0012460,fetal MRI
HP:0007096,fetal MRI
HP:0100312,fetal MRI
HP:0100565,fetal MRI
HP:0100566,fetal MRI
HP:0006970,fetal MRI
HP:0002414,fetal MRI
HP:0007132,fetal MRI
HP:0031421,fetal MRI
HP:0010796,fetal MRI
HP:0007360,fetal MRI
HP:0002475,fetal MRI
HP:0007366,fetal MRI
HP:0006913,fetal MRI
HP:0002453,fetal MRI
HP:0002138,fetal MRI
HP:0012506,fetal MRI
HP:0002436,fetal MRI
HP:0006880,fetal MRI
HP:0007100,fetal MRI
HP:0007045,fetal MRI
HP:0030064,fetal MRI
HP:0012687,fetal MRI
HP:0045028,fetal MRI
HP:0030727,fetal MRI
HP:0006892,fetal MRI
HP:0011817,fetal MRI
HP:0012752,fetal MRI
HP:0012695,fetal MRI
HP:0006818,fetal MRI
HP:0030277,fetal ultrasonography
HP:0004437,fetal ultrasonography
HP:0003901,fetal ultrasonography
HP:0002655,fetal ultrasonography
HP:0006493,fetal ultrasonography
HP:0011578,fetal ultrasonography
HP:0012664,fetal ultrasonography
HP:0002648,fetal ultrasonography
HP:0011707,fetal ultrasonography
HP:0012408,fetal ultrasonography
HP:0003422,fetal ultrasonography
HP:0031644,fetal ultrasonography
HP:0011994,fetal ultrasonography
HP:0000768,fetal ultrasonography
HP:0001748,fetal ultrasonography
HP:0000347,fetal ultrasonography
HP:0002689,fetal ultrasonography
HP:0011686,fetal ultrasonography
HP:0031315,fetal ultrasonography
HP:0000278,fetal ultrasonography
HP:0040072,fetal ultrasonography
HP:0006494,fetal ultrasonography
HP:0011219,fetal ultrasonography
HP:0002691,fetal ultrasonography
HP:0011627,fetal ultrasonography
HP:0003027,fetal ultrasonography
HP:0010461,fetal ultrasonography
HP:0012386,fetal ultrasonography
HP:0000042,fetal ultrasonography
HP:0031310,fetal ultrasonography
HP:0012818,fetal ultrasonography
HP:0011711,fetal ultrasonography
HP:0001552,fetal ultrasonography
HP:0006462,fetal ultrasonography
HP:0000074,fetal ultrasonography
HP:0000468,fetal ultrasonography
HP:0001322,fetal ultrasonography
HP:0005922,fetal ultrasonography
HP:0005848,fetal ultrasonography
HP:0001684,fetal ultrasonography
HP:0003057,fetal ultrasonography
HP:0001698,fetal ultrasonography
HP:0000917,fetal ultrasonography
HP:0002340,fetal ultrasonography
HP:0001367,fetal ultrasonography
HP:0000795,fetal ultrasonography
HP:0001706,fetal ultrasonography
HP:0008071,fetal ultrasonography
HP:0000787,fetal ultrasonography
HP:0007115,fetal ultrasonography
HP:0001216,fetal ultrasonography
HP:0011659,fetal ultrasonography
HP:0011663,fetal ultrasonography
HP:0005183,fetal ultrasonography
HP:0010714,fetal ultrasonography
HP:0003508,fetal ultrasonography
HP:0031653,fetal ultrasonography
HP:0031422,fetal ultrasonography
HP:0000808,fetal ultrasonography
HP:0002639,fetal ultrasonography
HP:0005214,fetal ultrasonography
HP:0007074,fetal ultrasonography
HP:0002577,fetal ultrasonography
HP:0009099,fetal ultrasonography
HP:0010711,fetal ultrasonography
HP:0012765,fetal ultrasonography
HP:0012772,fetal ultrasonography
HP:0003978,fetal ultrasonography
HP:0030682,fetal ultrasonography
HP:0040062,fetal ultrasonography
HP:0000098,fetal ultrasonography
HP:0006376,fetal ultrasonography
HP:0006503,fetal ultrasonography
HP:0001433,fetal ultrasonography
HP:0000336,fetal ultrasonography
HP:0000455,fetal ultrasonography
HP:0011266,fetal ultrasonography
HP:0031443,fetal ultrasonography
HP:0040010,fetal ultrasonography
HP:0000076,fetal ultrasonography
HP:0007371,fetal ultrasonography
HP:0004323,fetal ultrasonography
HP:0011590,fetal ultrasonography
HP:0002665,fetal ultrasonography
HP:0011635,fetal ultrasonography
HP:0002034,fetal ultrasonography
HP:0010950,fetal ultrasonography
HP:0002132,fetal ultrasonography
HP:0010741,fetal ultrasonography
HP:0000914,fetal ultrasonography
HP:0006210,fetal ultrasonography
HP:0010860,fetal ultrasonography
HP:0011646,fetal ultrasonography
HP:0031302,fetal ultrasonography
HP:0000324,fetal ultrasonography
HP:0000567,fetal ultrasonography
HP:0006870,fetal ultrasonography
HP:0001561,fetal ultrasonography
HP:0010494,fetal ultrasonography
HP:0011721,fetal ultrasonography
HP:0001707,fetal ultrasonography
HP:0004488,fetal ultrasonography
HP:0001557,fetal ultrasonography
HP:0011669,fetal ultrasonography
HP:0010219,fetal ultrasonography
HP:0000308,fetal ultrasonography
HP:0011706,fetal ultrasonography
HP:0001790,fetal ultrasonography
HP:0100841,fetal ultrasonography
HP:0010706,fetal ultrasonography
HP:0000897,fetal ultrasonography
HP:0045005,fetal ultrasonography
HP:0011632,fetal ultrasonography
HP:0030736,fetal ultrasonography
HP:0010445,fetal ultrasonography
HP:0005144,fetal ultrasonography
HP:0000907,fetal ultrasonography
HP:0010484,fetal ultrasonography
HP:0005853,fetal ultrasonography
HP:0004719,fetal ultrasonography
HP:0000411,fetal ultrasonography
HP:0030281,fetal ultrasonography
HP:0001760,fetal ultrasonography
HP:0007035,fetal ultrasonography
HP:0031563,fetal ultrasonography
HP:0040047,fetal ultrasonography
HP:0011665,fetal ultrasonography
HP:0011542,fetal ultrasonography
HP:0001215,fetal ultrasonography
HP:0011552,fetal ultrasonography
HP:0001850,fetal ultrasonography
HP:0000383,fetal ultrasonography
HP:0000162,fetal ultrasonography
HP:0000969,fetal ultrasonography
HP:0007330,fetal ultrasonography
HP:0410003,fetal ultrasonography
HP:0001250,fetal ultrasonography
HP:0012409,fetal ultrasonography
HP:0011218,fetal ultrasonography
HP:0000273,fetal ultrasonography
HP:0005129,fetal ultrasonography
HP:0000520,fetal ultrasonography
HP:0000457,fetal ultrasonography
HP:0000528,fetal ultrasonography
HP:0011554,fetal ultrasonography
HP:0003022,fetal ultrasonography
HP:0006230,fetal ultrasonography
HP:0002997,fetal ultrasonography
HP:0002542,fetal ultrasonography
HP:0000456,fetal ultrasonography
HP:0031569,fetal ultrasonography
HP:0000021,fetal ultrasonography
HP:0002810,fetal ultrasonography
HP:0000263,fetal ultrasonography
HP:0031637,fetal ultrasonography
HP:0001443,fetal ultrasonography
HP:0009817,fetal ultrasonography
HP:0004490,fetal ultrasonography
HP:0002650,fetal ultrasonography
HP:0011664,fetal ultrasonography
HP:0031120,fetal ultrasonography
HP:0011600,fetal ultrasonography
HP:0011608,fetal ultrasonography
HP:0000204,fetal ultrasonography
HP:0030304,fetal ultrasonography
HP:0031305,fetal ultrasonography
HP:0030720,fetal ultrasonography
HP:0100358,fetal ultrasonography
HP:0010710,fetal ultrasonography
HP:0031583,fetal ultrasonography
HP:0000465,fetal ultrasonography
HP:0008417,fetal ultrasonography
HP:0004485,fetal ultrasonography
HP:0000086,fetal ultrasonography
HP:0005164,fetal ultrasonography
HP:0011575,fetal ultrasonography
HP:0001829,fetal ultrasonography
HP:0000275,fetal ultrasonography
HP:0011413,fetal ultrasonography
HP:0002977,fetal ultrasonography
HP:0001460,fetal ultrasonography
HP:0010708,fetal ultrasonography
HP:0000943,fetal ultrasonography
HP:0002766,fetal ultrasonography
HP:0011430,fetal ultrasonography
HP:0010954,fetal ultrasonography
HP:0000061,fetal ultrasonography
HP:0011621,fetal ultrasonography
HP:0011553,fetal ultrasonography
HP:0001639,fetal ultrasonography
HP:0011640,fetal ultrasonography
HP:0002198,fetal ultrasonography
HP:0000490,fetal ultrasonography
HP:0011562,fetal ultrasonography
HP:0030660,fetal ultrasonography
HP:0031568,fetal ultrasonography
HP:0011713,fetal ultrasonography
HP:0004570,fetal ultrasonography
HP:0012581,fetal ultrasonography
HP:0001544,fetal ultrasonography
HP:0005781,fetal ultrasonography
HP:0005623,fetal ultrasonography
HP:0001435,fetal ultrasonography
HP:0011586,fetal ultrasonography
HP:0003799,fetal ultrasonography
HP:0005115,fetal ultrasonography
HP:0005184,fetal ultrasonography
HP:0011694,fetal ultrasonography
HP:0003063,fetal ultrasonography
HP:0031304,fetal ultrasonography
HP:0000103,fetal ultrasonography
HP:0000879,fetal ultrasonography
HP:0002948,fetal ultrasonography
HP:0008454,fetal ultrasonography
HP:0011704,fetal ultrasonography
HP:0030740,fetal ultrasonography
HP:0001646,fetal ultrasonography
HP:0001591,fetal ultrasonography
HP:0030656,fetal ultrasonography
HP:0000767,fetal ultrasonography
HP:0000306,fetal ultrasonography
HP:0011580,fetal ultrasonography
HP:0008138,fetal ultrasonography
HP:0031560,fetal ultrasonography
HP:0008517,fetal ultrasonography
HP:0100554,fetal ultrasonography
HP:0031295,fetal ultrasonography
HP:0040020,fetal ultrasonography
HP:0002651,fetal ultrasonography
HP:0002677,fetal ultrasonography
HP:0031480,fetal ultrasonography
HP:0001563,fetal ultrasonography
HP:0011633,fetal ultrasonography
HP:0010957,fetal ultrasonography
HP:0030039,fetal ultrasonography
HP:0000368,fetal ultrasonography
HP:0003031,fetal ultrasonography
HP:0000933,fetal ultrasonography
HP:0002629,fetal ultrasonography
HP:0006559,fetal ultrasonography
HP:0031298,fetal ultrasonography
HP:0003023,fetal ultrasonography
HP:0012771,fetal ultrasonography
HP:0040068,fetal ultrasonography
HP:0004977,fetal ultrasonography
HP:0005148,fetal ultrasonography
HP:0002025,fetal ultrasonography
HP:0031483,fetal ultrasonography
HP:0004415,fetal ultrasonography
HP:0011556,fetal ultrasonography
HP:0001697,fetal ultrasonography
HP:0002418,fetal ultrasonography
HP:0100333,fetal ultrasonography
HP:0008772,fetal ultrasonography
HP:0011638,fetal ultrasonography
HP:0000934,fetal ultrasonography
HP:0031586,fetal ultrasonography
HP:0005768,fetal ultrasonography
HP:0011593,fetal ultrasonography
HP:0001197,fetal ultrasonography
HP:0000154,fetal ultrasonography
HP:0002500,fetal ultrasonography
HP:0030718,fetal ultrasonography
HP:0011594,fetal ultrasonography
HP:0011726,fetal ultrasonography
HP:0002507,fetal ultrasonography
HP:0000194,fetal ultrasonography
HP:0011842,fetal ultrasonography
HP:0045017,fetal ultrasonography
HP:0004330,fetal ultrasonography
HP:0100859,fetal ultrasonography
HP:0001716,fetal ultrasonography
HP:0040163,fetal ultrasonography
HP:0004935,fetal ultrasonography
HP:0030729,fetal ultrasonography
HP:0031935,fetal ultrasonography
HP:0031632,fetal ultrasonography
HP:0000176,fetal ultrasonography
HP:0000451,fetal ultrasonography
HP:0200053,fetal ultrasonography
HP:0001321,fetal ultrasonography
HP:0011569,fetal ultrasonography
HP:0001884,fetal ultrasonography
HP:0011548,fetal ultrasonography
HP:0000915,fetal ultrasonography
HP:0009800,fetal ultrasonography
HP:0005684,fetal ultrasonography
HP:0001176,fetal ultrasonography
HP:0004060,fetal ultrasonography
HP:0005162,fetal ultrasonography
HP:0000900,fetal ultrasonography
HP:0005656,fetal ultrasonography
HP:0000925,fetal ultrasonography
HP:0031647,fetal ultrasonography
HP:0001655,fetal ultrasonography
HP:0000913,fetal ultrasonography
HP:0001533,fetal ultrasonography
HP:0010951,fetal ultrasonography
HP:0002983,fetal ultrasonography
HP:0008082,fetal ultrasonography
HP:0025578,fetal ultrasonography
HP:0001709,fetal ultrasonography
HP:0008477,fetal ultrasonography
HP:0030732,fetal ultrasonography
HP:0100862,fetal ultrasonography
HP:0011662,fetal ultrasonography
HP:0006496,fetal ultrasonography
HP:0002012,fetal ultrasonography
HP:0001500,fetal ultrasonography
HP:0002949,fetal ultrasonography
HP:0002281,fetal ultrasonography
HP:0011616,fetal ultrasonography
HP:0011631,fetal ultrasonography
HP:0005240,fetal ultrasonography
HP:0002240,fetal ultrasonography
HP:0011712,fetal ultrasonography
HP:0006548,fetal ultrasonography
HP:0003084,fetal ultrasonography
HP:0000303,fetal ultrasonography
HP:0011605,fetal ultrasonography
HP:0001827,fetal ultrasonography
HP:0000178,fetal ultrasonography
HP:0001471,fetal ultrasonography
HP:0005736,fetal ultrasonography
HP:0004629,fetal ultrasonography
HP:0002334,fetal ultrasonography
HP:0002808,fetal ultrasonography
HP:0000796,fetal ultrasonography
HP:0006266,fetal ultrasonography
HP:0001334,fetal ultrasonography
HP:0008421,fetal ultrasonography
HP:0008676,fetal ultrasonography
HP:0001761,fetal ultrasonography
HP:0100571,fetal ultrasonography
HP:0000158,fetal ultrasonography
HP:0000320,fetal ultrasonography
HP:0011629,fetal ultrasonography
HP:0011536,fetal ultrasonography
HP:0030957,fetal ultrasonography
HP:0030310,fetal ultrasonography
HP:0005773,fetal ultrasonography
HP:0002594,fetal ultrasonography
HP:0031582,fetal ultrasonography
HP:0002533,fetal ultrasonography
HP:0000073,fetal ultrasonography
HP:0011611,fetal ultrasonography
HP:0031478,fetal ultrasonography
HP:0011601,fetal ultrasonography
HP:0006495,fetal ultrasonography
HP:0001780,fetal ultrasonography
HP:0000809,fetal ultrasonography
HP:0012305,fetal ultrasonography
HP:0011628,fetal ultrasonography
HP:0011658,fetal ultrasonography
HP:0002984,fetal ultrasonography
HP:0005944,fetal ultrasonography
HP:0011710,fetal ultrasonography
HP:0031573,fetal ultrasonography
HP:0000250,fetal ultrasonography
HP:0011568,fetal ultrasonography
HP:0002021,fetal ultrasonography
HP:0000311,fetal ultrasonography
HP:0011647,fetal ultrasonography
HP:0001643,fetal ultrasonography
HP:0031421,fetal ultrasonography
HP:0003244,fetal ultrasonography
HP:0000234,fetal ultrasonography
HP:0011668,fetal ultrasonography
HP:0002475,fetal ultrasonography
HP:0005248,fetal ultrasonography
HP:0011698,fetal ultrasonography
HP:0000002,fetal ultrasonography
HP:0001789,fetal ultrasonography
HP:0006471,fetal ultrasonography
HP:0031306,fetal ultrasonography
HP:0040059,fetal ultrasonography
HP:0000327,fetal ultrasonography
HP:0100041,fetal ultrasonography
HP:0002814,fetal ultrasonography
HP:0002006,fetal ultrasonography
HP:0002138,fetal ultrasonography
HP:0007293,fetal ultrasonography
HP:0002436,fetal ultrasonography
HP:0011671,fetal ultrasonography
HP:0008857,fetal ultrasonography
HP:0000924,fetal ultrasonography
HP:0031942,fetal ultrasonography
HP:0030032,fetal ultrasonography
HP:0001238,fetal ultrasonography
HP:0030680,fetal ultrasonography
HP:0001172,fetal ultrasonography
HP:0001520,fetal ultrasonography
HP:0003026,fetal ultrasonography
HP:0100521,fetal ultrasonography
HP:0011687,fetal ultrasonography
HP:0010617,fetal ultrasonography
HP:0006265,fetal ultrasonography
HP:0100856,fetal ultrasonography
HP:0045028,fetal ultrasonography
HP:0001765,fetal ultrasonography
HP:0030958,fetal ultrasonography
HP:0001852,fetal ultrasonography
HP:0006615,fetal ultrasonography
HP:0006466,fetal ultrasonography
HP:0001377,fetal ultrasonography
HP:0100337,fetal ultrasonography
HP:0010962,fetal ultrasonography
HP:0004392,fetal ultrasonography
HP:0006706,fetal ultrasonography
HP:0001671,fetal ultrasonography
HP:0009103,fetal ultrasonography
HP:0011035,fetal ultrasonography
HP:0002692,fetal ultrasonography
HP:0001449,fetal ultrasonography
HP:0040064,fetal ultrasonography
HP:0011684,fetal ultrasonography
HP:0007430,fetal ultrasonography
HP:0031479,fetal ultrasonography
HP:0001090,fetal ultrasonography
HP:0000891,fetal ultrasonography
HP:0025023,fetal ultrasonography
HP:0001371,fetal ultrasonography
HP:0011560,fetal ultrasonography
HP:0001714,fetal ultrasonography
HP:0000478,fetal ultrasonography
HP:0002605,fetal ultrasonography
HP:0008845,fetal ultrasonography
HP:0001204,fetal ultrasonography
HP:0001040,fetal ultrasonography
HP:0005235,fetal ultrasonography
HP:0007370,fetal ultrasonography
HP:0001507,fetal ultrasonography
HP:0006994,fetal ultrasonography
HP:0003423,fetal ultrasonography
HP:0200083,fetal ultrasonography
HP:0012721,fetal ultrasonography
HP:0002916,fetal ultrasonography
HP:0100858,fetal ultrasonography
HP:0012817,fetal ultrasonography
HP:0002059,fetal ultrasonography
HP:0000472,fetal ultrasonography
HP:0001989,fetal ultrasonography
HP:0008439,fetal ultrasonography
HP:0002339,fetal ultrasonography
HP:0002973,fetal ultrasonography
HP:0008111,fetal ultrasonography
HP:0004411,fetal ultrasonography
HP:0011612,fetal ultrasonography
HP:0000325,fetal ultrasonography
HP:0025193,fetal ultrasonography
HP:0030021,fetal ultrasonography
HP:0002011,fetal ultrasonography
HP:0001857,fetal ultrasonography
HP:0002007,fetal ultrasonography
HP:0000282,fetal ultrasonography
HP:0008848,fetal ultrasonography
HP:0001273,fetal ultrasonography
HP:0001252,fetal ultrasonography
HP:0004942,fetal ultrasonography
HP:0010760,fetal ultrasonography
HP:0005210,fetal ultrasonography
HP:0030659,fetal ultrasonography
HP:0005696,fetal ultrasonography
HP:0000121,fetal ultrasonography
HP:0011634,fetal ultrasonography
HP:0000322,fetal ultrasonography
HP:0000108,fetal ultrasonography
HP:0000775,fetal ultrasonography
HP:0000237,fetal ultrasonography
HP:0000426,fetal ultrasonography
HP:0005852,fetal ultrasonography
HP:0002202,fetal ultrasonography
HP:0100352,fetal ultrasonography
HP:0003248,fetal ultrasonography
HP:0000557,fetal ultrasonography
HP:0001222,fetal ultrasonography
HP:0001644,fetal ultrasonography
HP:0000289,fetal ultrasonography
HP:0011595,fetal ultrasonography
HP:0001199,fetal ultrasonography
HP:0007146,fetal ultrasonography
HP:0031648,fetal ultrasonography
HP:0010305,fetal ultrasonography
HP:0011267,fetal ultrasonography
HP:0001155,fetal ultrasonography
HP:0011602,fetal ultrasonography
HP:0011709,fetal ultrasonography
HP:0002656,fetal ultrasonography
HP:0000452,fetal ultrasonography
HP:0004563,fetal ultrasonography
HP:0000878,fetal ultrasonography
HP:0008251,fetal ultrasonography
HP:0000238,fetal ultrasonography
HP:0002580,fetal ultrasonography
HP:0002595,fetal ultrasonography
HP:0100042,fetal ultrasonography
HP:0001712,fetal ultrasonography
HP:0004050,fetal ultrasonography
HP:0030959,fetal ultrasonography
HP:0002688,fetal ultrasonography
HP:0011551,fetal ultrasonography
HP:0003273,fetal ultrasonography
HP:0000918,fetal ultrasonography
HP:0000941,fetal ultrasonography
HP:0010476,fetal ultrasonography
HP:0006989,fetal ultrasonography
HP:0004993,fetal ultrasonography
HP:0000268,fetal ultrasonography
HP:0040070,fetal ultrasonography
HP:0002190,fetal ultrasonography
HP:0031643,fetal ultrasonography
HP:0002828,fetal ultrasonography
HP:0006409,fetal ultrasonography
HP:0012782,fetal ultrasonography
HP:0031636,fetal ultrasonography
HP:0031316,fetal ultrasonography
HP:0030260,fetal ultrasonography
HP:0006992,fetal ultrasonography
HP:0011692,fetal ultrasonography
HP:0030738,fetal ultrasonography
HP:0040194,fetal ultrasonography
HP:0000280,fetal ultrasonography
HP:0011648,fetal ultrasonography
HP:0002251,fetal ultrasonography
HP:0011619,fetal ultrasonography
HP:0006707,fetal ultrasonography
HP:0011429,fetal ultrasonography
HP:0031580,fetal ultrasonography
HP:0004565,fetal ultrasonography
HP:0001233,fetal ultrasonography
HP:0410005,fetal ultrasonography
HP:0005185,fetal ultrasonography
HP:0011417,fetal ultrasonography
HP:0001685,fetal ultrasonography
HP:0001647,fetal ultrasonography
HP:0011677,fetal ultrasonography
HP:0010943,fetal ultrasonography
HP:0000077,fetal ultrasonography
HP:0005807,fetal ultrasonography
HP:0000894,fetal ultrasonography
HP:0003502,fetal ultrasonography
HP:0001776,fetal ultrasonography
HP:0012773,fetal ultrasonography
HP:0000014,fetal ultrasonography
HP:0031561,fetal ultrasonography
HP:0100523,fetal ultrasonography
HP:0006267,fetal ultrasonography
HP:0006644,fetal ultrasonography
HP:0002060,fetal ultrasonography
HP:0001548,fetal ultrasonography
HP:0003015,fetal ultrasonography
HP:0000932,fetal ultrasonography
HP:0001839,fetal ultrasonography
HP:0000885,fetal ultrasonography
HP:0011841,fetal ultrasonography
HP:0008659,fetal ultrasonography
HP:0000023,fetal ultrasonography
HP:0011547,fetal ultrasonography
HP:0010775,fetal ultrasonography
HP:0012382,fetal ultrasonography
HP:0001196,fetal ultrasonography
HP:0009943,fetal ultrasonography
HP:0005150,fetal ultrasonography
HP:0005304,fetal ultrasonography
HP:0011681,fetal ultrasonography
HP:0001338,fetal ultrasonography
HP:0004099,fetal ultrasonography
HP:0010712,fetal ultrasonography
HP:0005750,fetal ultrasonography
HP:0009828,fetal ultrasonography
HP:0011563,fetal ultrasonography
HP:0001218,fetal ultrasonography
HP:0001622,fetal ultrasonography
HP:0001772,fetal ultrasonography
HP:0031308,fetal ultrasonography
HP:0001788,fetal ultrasonography
HP:0011630,fetal ultrasonography
HP:0000274,fetal ultrasonography
HP:0006647,fetal ultrasonography
HP:0001822,fetal ultrasonography
HP:0011724,fetal ultrasonography
HP:0001178,fetal ultrasonography
HP:0001762,fetal ultrasonography
HP:0000252,fetal ultrasonography
HP:0003086,fetal ultrasonography
HP:0030966,fetal ultrasonography
HP:0009112,fetal ultrasonography
HP:0002593,fetal ultrasonography
HP:0003517,fetal ultrasonography
HP:0001457,fetal ultrasonography
HP:0030292,fetal ultrasonography
HP:0000454,fetal ultrasonography
HP:0410004,fetal ultrasonography
HP:0010318,fetal ultrasonography
HP:0031571,fetal ultrasonography
HP:0000272,fetal ultrasonography
HP:0011703,fetal ultrasonography
HP:0002623,fetal ultrasonography
HP:0002031,fetal ultrasonography
HP:0000062,fetal ultrasonography
HP:0011609,fetal ultrasonography
HP:0009818,fetal ultrasonography
HP:0001363,fetal ultrasonography
HP:0005613,fetal ultrasonography
HP:0002699,fetal ultrasonography
HP:0001166,fetal ultrasonography
HP:0008453,fetal ultrasonography
HP:0000803,fetal ultrasonography
HP:0002753,fetal ultrasonography
HP:0045008,fetal ultrasonography
HP:0003870,fetal ultrasonography
HP:0011622,fetal ultrasonography
HP:0009820,fetal ultrasonography
HP:0000356,fetal ultrasonography
HP:0000110,fetal ultrasonography
HP:0000599,fetal ultrasonography
HP:0031575,fetal ultrasonography
HP:0030968,fetal ultrasonography
HP:0031645,fetal ultrasonography
HP:0012666,fetal ultrasonography
HP:0001722,fetal ultrasonography
HP:0010882,fetal ultrasonography
HP:0002812,fetal ultrasonography
HP:0008455,fetal ultrasonography
HP:0008572,fetal ultrasonography
HP:0100260,fetal ultrasonography
HP:0005792,fetal ultrasonography
HP:0008443,fetal ultrasonography
HP:0031144,fetal ultrasonography
HP:0002454,fetal ultrasonography
HP:0009115,fetal ultrasonography
HP:0100351,fetal ultrasonography
HP:0002942,fetal ultrasonography
HP:0100863,fetal ultrasonography
HP:0009777,fetal ultrasonography
HP:0011555,fetal ultrasonography
HP:0011573,fetal ultrasonography
HP:0010716,fetal ultrasonography
HP:0000269,fetal ultrasonography
HP:0001231,fetal ultrasonography
HP:0030307,fetal ultrasonography
HP:0011680,fetal ultrasonography
HP:0000113,fetal ultrasonography
HP:0000774,fetal ultrasonography
HP:0003498,fetal ultrasonography
HP:0001180,fetal ultrasonography
HP:0011572,fetal ultrasonography
HP:0002566,fetal ultrasonography
HP:0031307,fetal ultrasonography
HP:0000107,fetal ultrasonography
HP:0011844,fetal ultrasonography
HP:0011688,fetal ultrasonography
HP:0011645,fetal ultrasonography
HP:0002438,fetal ultrasonography
HP:0001702,fetal ultrasonography
HP:0004484,fetal ultrasonography
HP:0005948,fetal ultrasonography
HP:0002663,fetal ultrasonography
HP:0000896,fetal ultrasonography
HP:0001623,fetal ultrasonography
HP:0000300,fetal ultrasonography
HP:0011725,fetal ultrasonography
HP:0004097,fetal ultrasonography
HP:0001641,fetal ultrasonography
HP:0008717,fetal ultrasonography
HP:0000321,fetal ultrasonography
HP:0011539,fetal ultrasonography
HP:0000081,fetal ultrasonography
HP:0005176,fetal ultrasonography
HP:0030754,fetal ultrasonography
HP:0001440,fetal ultrasonography
HP:0003090,fetal ultrasonography
HP:0002087,fetal ultrasonography
HP:0003321,fetal ultrasonography
HP:0100348,fetal ultrasonography
HP:0000415,fetal ultrasonography
HP:0003066,fetal ultrasonography
HP:0008890,fetal ultrasonography
HP:0025489,fetal ultrasonography
HP:0011717,fetal ultrasonography
HP:0004963,fetal ultrasonography
HP:0002825,fetal ultrasonography
HP:0012303,fetal ultrasonography
HP:0001627,fetal ultrasonography
HP:0004482,fetal ultrasonography
HP:0002247,fetal ultrasonography
HP:0002813,fetal ultrasonography
HP:0001771,fetal ultrasonography
HP:0008436,fetal ultrasonography
HP:0011818,fetal ultrasonography
HP:0002613,fetal ultrasonography
HP:0011589,fetal ultrasonography
HP:0005622,fetal ultrasonography
HP:0002687,fetal ultrasonography
HP:0001695,fetal ultrasonography
HP:0031655,fetal ultrasonography
HP:0003577,fetal ultrasonography
HP:0002119,fetal ultrasonography
HP:0002946,fetal ultrasonography
HP:0002054,fetal ultrasonography
HP:0200138,fetal ultrasonography
HP:0030300,fetal ultrasonography
HP:0010861,fetal ultrasonography
HP:0002389,fetal ultrasonography
HP:0011217,fetal ultrasonography
HP:0030279,fetal ultrasonography
HP:0000445,fetal ultrasonography
HP:0003037,fetal ultrasonography
HP:0031584,fetal ultrasonography
HP:0100012,fetal ultrasonography
HP:0200054,fetal ultrasonography
HP:0000883,fetal ultrasonography
HP:0005113,fetal ultrasonography
HP:0031314,fetal ultrasonography
HP:0009827,fetal ultrasonography
HP:0000892,fetal ultrasonography
HP:0031941,fetal ultrasonography
HP:0002010,fetal ultrasonography
HP:0002823,fetal ultrasonography
HP:0004940,fetal ultrasonography
HP:0005765,fetal ultrasonography
HP:0001868,fetal ultrasonography
HP:0001696,fetal ultrasonography
HP:0008366,fetal ultrasonography
HP:0002472,fetal ultrasonography
HP:0011644,fetal ultrasonography
HP:0001538,fetal ultrasonography
HP:0008479,fetal ultrasonography
HP:0006956,fetal ultrasonography
HP:0008677,fetal ultrasonography
HP:0000236,fetal ultrasonography
HP:0012106,fetal ultrasonography
HP:0005752,fetal ultrasonography
HP:0009108,fetal ultrasonography
HP:0000039,fetal ultrasonography
HP:0010742,fetal ultrasonography
HP:0002668,fetal ultrasonography
HP:0011803,fetal ultrasonography
HP:0002118,fetal ultrasonography
HP:0031646,fetal ultrasonography
HP:0011543,fetal ultrasonography
HP:0025579,fetal ultrasonography
HP:0002126,fetal ultrasonography
HP:0011670,fetal ultrasonography
HP:0002947,fetal ultrasonography
HP:0003363,fetal ultrasonography
HP:0012584,fetal ultrasonography
HP:0000090,fetal ultrasonography
HP:0002737,fetal ultrasonography
HP:0012572,fetal ultrasonography
HP:0031579,fetal ultrasonography
HP:0200128,fetal ultrasonography
HP:0000267,fetal ultrasonography
HP:0001640,fetal ultrasonography
HP:0012755,fetal ultrasonography
HP:0005929,fetal ultrasonography
HP:0011139,fetal ultrasonography
HP:0003417,fetal ultrasonography
HP:0001195,fetal ultrasonography
HP:0001711,fetal ultrasonography
HP:0011815,fetal ultrasonography
HP:0000601,fetal ultrasonography
HP:0031309,fetal ultrasonography
HP:0011691,fetal ultrasonography
HP:0031044,fetal ultrasonography
HP:0030293,fetal ultrasonography
HP:0002308,fetal ultrasonography
HP:0030030,fetal ultrasonography
HP:0100257,fetal ultrasonography
HP:0006711,fetal ultrasonography
HP:0011588,fetal ultrasonography
HP:0011675,fetal ultrasonography
HP:0002690,fetal ultrasonography
HP:0003105,fetal ultrasonography
HP:0002107,fetal ultrasonography
HP:0002750,fetal ultrasonography
HP:0011540,fetal ultrasonography
HP:0002265,fetal ultrasonography
HP:0030306,fetal ultrasonography
HP:0001667,fetal ultrasonography
HP:0031572,fetal ultrasonography
HP:0003085,fetal ultrasonography
HP:0001467,fetal ultrasonography
HP:0040073,fetal ultrasonography
HP:0011649,fetal ultrasonography
HP:0002703,fetal ultrasonography
HP:0006101,fetal ultrasonography
HP:0031423,fetal ultrasonography
HP:0001234,fetal ultrasonography
HP:0010960,fetal ultrasonography
HP:0011614,fetal ultrasonography
HP:0011545,fetal ultrasonography
HP:0002506,fetal ultrasonography
HP:0000357,fetal ultrasonography
HP:0012744,fetal ultrasonography
HP:0001670,fetal ultrasonography
HP:0002419,fetal ultrasonography
HP:0011428,fetal ultrasonography
HP:0030722,fetal ultrasonography
HP:0031633,fetal ultrasonography
HP:0010713,fetal ultrasonography
HP:0000387,fetal ultrasonography
HP:0001438,fetal ultrasonography
HP:0010309,fetal ultrasonography
HP:0031577,fetal ultrasonography
HP:0000126,fetal ultrasonography
HP:0011666,fetal ultrasonography
HP:0031481,fetal ultrasonography
HP:0005895,fetal ultrasonography
HP:0100500,fetal ultrasonography
HP:0001863,fetal ultrasonography
HP:0011549,fetal ultrasonography
HP:0001357,fetal ultrasonography
HP:0002414,fetal ultrasonography
HP:0002839,fetal ultrasonography
HP:0001421,fetal ultrasonography
HP:0000437,fetal ultrasonography
HP:0000476,fetal ultrasonography
HP:0030309,fetal ultrasonography
HP:0003871,fetal ultrasonography
HP:0005562,fetal ultrasonography
HP:0002589,fetal ultrasonography
HP:0001683,fetal ultrasonography
HP:0011708,fetal ultrasonography
HP:0011028,fetal ultrasonography
HP:0000177,fetal ultrasonography
HP:0031587,fetal ultrasonography
HP:0011642,fetal ultrasonography
HP:0007633,fetal ultrasonography
HP:0006159,fetal ultrasonography
HP:0000889,fetal ultrasonography
HP:0005180,fetal ultrasonography
HP:0003241,fetal ultrasonography
HP:0000346,fetal ultrasonography
HP:0002673,fetal ultrasonography
HP:0000315,fetal ultrasonography
HP:0031145,fetal ultrasonography
HP:0005857,fetal ultrasonography
HP:0001212,fetal ultrasonography
HP:0011571,fetal ultrasonography
HP:0000377,fetal ultrasonography
HP:0001662,fetal ultrasonography
HP:0002678,fetal ultrasonography
HP:0002003,fetal ultrasonography
HP:0007100,fetal ultrasonography
HP:0005160,fetal ultrasonography
HP:0001783,fetal ultrasonography
HP:0000460,fetal ultrasonography
HP:0007045,fetal ultrasonography
HP:0001407,fetal ultrasonography
HP:0100839,fetal ultrasonography
HP:0002652,fetal ultrasonography
HP:0003070,fetal ultrasonography
HP:0011587,fetal ultrasonography
HP:0010690,fetal ultrasonography
HP:0025580,fetal ultrasonography
HP:0010707,fetal ultrasonography
HP:0005632,fetal ultrasonography
HP:0200055,fetal ultrasonography
HP:0004493,fetal ultrasonography
HP:0004440,fetal ultrasonography
HP:0000884,fetal ultrasonography
HP:0000422,fetal ultrasonography
HP:0031566,fetal ultrasonography
HP:0001518,fetal ultrasonography
HP:0005912,fetal ultrasonography
HP:0030305,fetal ultrasonography
HP:0007109,fetal ultrasonography
HP:0003097,fetal ultrasonography
HP:0001163,fetal ultrasonography
HP:0011636,fetal ultrasonography
HP:0002444,fetal ultrasonography
HP:0011409,fetal ultrasonography
HP:0011581,fetal ultrasonography
HP:0040046,fetal ultrasonography
HP:0100252,fetal ultrasonography
HP:0006882,fetal ultrasonography
HP:0002085,fetal ultrasonography
HP:0005112,fetal ultrasonography
HP:0003029,fetal ultrasonography
HP:0009821,fetal ultrasonography
HP:0012704,fetal ultrasonography
HP:0003121,fetal ultrasonography
HP:0006698,fetal ultrasonography
HP:0025487,fetal ultrasonography
HP:0031106,fetal ultrasonography
HP:0011617,fetal ultrasonography
HP:0100498,fetal ultrasonography
HP:0001853,fetal ultrasonography
HP:0006872,fetal ultrasonography
HP:0031105,fetal ultrasonography
HP:0009914,fetal ultrasonography
HP:0001476,fetal ultrasonography
HP:0011425,fetal ultrasonography
HP:0010709,fetal ultrasonography
HP:0002866,fetal ultrasonography
HP:0011693,fetal ultrasonography
HP:0031303,fetal ultrasonography
HP:0011410,fetal ultrasonography
HP:0031500,fetal ultrasonography
HP:0100040,fetal ultrasonography
HP:0002134,fetal ultrasonography
HP:0000417,fetal ultrasonography
HP:0031649,fetal ultrasonography
HP:0010443,fetal ultrasonography
HP:0005110,fetal ultrasonography
HP:0000341,fetal ultrasonography
HP:0100309,fetal ultrasonography
HP:0000239,fetal ultrasonography
HP:0100353,fetal ultrasonography
HP:0011655,fetal ultrasonography
HP:0002716,fetal ultrasonography
HP:0006209,fetal ultrasonography
HP:0005619,fetal ultrasonography
HP:0011697,fetal ultrasonography
HP:0005716,fetal ultrasonography
HP:0002363,fetal ultrasonography
HP:0004324,fetal ultrasonography
HP:0012861,fetal ultrasonography
HP:0011585,fetal ultrasonography
HP:0012682,fetal ultrasonography
HP:0000089,fetal ultrasonography
HP:0002120,fetal ultrasonography
HP:0025041,fetal ultrasonography
HP:0001339,fetal ultrasonography
HP:0001691,fetal ultrasonography
HP:0008467,fetal ultrasonography
HP:0001317,fetal ultrasonography
HP:0011672,fetal ultrasonography
HP:0100259,fetal ultrasonography
HP:0031651,fetal ultrasonography
HP:0012769,fetal ultrasonography
HP:0000598,fetal ultrasonography
HP:0012789,fetal ultrasonography
HP:0009117,fetal ultrasonography
HP:0006557,fetal ultrasonography
HP:0000448,fetal ultrasonography
HP:0008460,fetal ultrasonography
HP:0031444,fetal ultrasonography
HP:0010306,fetal ultrasonography
HP:0031294,fetal ultrasonography
HP:0012165,fetal ultrasonography
HP:0005267,fetal ultrasonography
HP:0100357,fetal ultrasonography
HP:0031482,fetal ultrasonography
HP:0011705,fetal ultrasonography
HP:0005245,fetal ultrasonography
HP:0030739,fetal ultrasonography
HP:0002616,fetal ultrasonography
HP:0005157,fetal ultrasonography
HP:0100355,fetal ultrasonography
HP:0006488,fetal ultrasonography
HP:0000256,fetal ultrasonography
HP:0001651,fetal ultrasonography
HP:0012783,fetal ultrasonography
HP:0008450,fetal ultrasonography
HP:0003016,fetal ultrasonography
HP:0000882,fetal ultrasonography
HP:0010715,fetal ultrasonography
HP:0000122,fetal ultrasonography
HP:0000159,fetal ultrasonography
HP:0004987,fetal ultrasonography
HP:0006988,fetal ultrasonography
HP:0000394,fetal ultrasonography
HP:0005026,fetal ultrasonography
HP:0031933,fetal ultrasonography
HP:0031934,fetal ultrasonography
HP:0000400,fetal ultrasonography
HP:0002256,fetal ultrasonography
HP:0001362,fetal ultrasonography
HP:0011667,fetal ultrasonography
HP:0001999,fetal ultrasonography
HP:0001649,fetal ultrasonography
HP:0010866,fetal ultrasonography
HP:0000922,fetal ultrasonography
HP:0002974,fetal ultrasonography
HP:0040019,fetal ultrasonography
HP:0008703,fetal ultrasonography
HP:0002869,fetal ultrasonography
HP:0000350,fetal ultrasonography
HP:0030289,fetal ultrasonography
HP:0001501,fetal ultrasonography
HP:0001693,fetal ultrasonography
HP:0009819,fetal ultrasonography
HP:0000307,fetal ultrasonography
HP:0000812,fetal ultrasonography
HP:0004278,fetal ultrasonography
HP:0011661,fetal ultrasonography
HP:0031576,fetal ultrasonography
HP:0008702,fetal ultrasonography
HP:0000309,fetal ultrasonography
HP:0002514,fetal ultrasonography
HP:0005146,fetal ultrasonography
HP:0000887,fetal ultrasonography
HP:0012383,fetal ultrasonography
HP:0040033,fetal ultrasonography
HP:0011411,fetal ultrasonography
HP:0000369,fetal ultrasonography
HP:0002700,fetal ultrasonography
HP:0025169,fetal ultrasonography
HP:0008519,fetal ultrasonography
HP:0008718,fetal ultrasonography
HP:0001360,fetal ultrasonography
HP:0003561,fetal ultrasonography
HP:0009113,fetal ultrasonography
HP:0001355,fetal ultrasonography
HP:0011673,fetal ultrasonography
HP:0000125,fetal ultrasonography
HP:0001841,fetal ultrasonography
HP:0001169,fetal ultrasonography
HP:0011418,fetal ultrasonography
HP:0031141,fetal ultrasonography
HP:0011624,fetal ultrasonography
HP:0001844,fetal ultrasonography
HP:0005247,fetal ultrasonography
HP:0001635,fetal ultrasonography
HP:0005767,fetal ultrasonography
HP:0010956,fetal ultrasonography
HP:0011564,fetal ultrasonography
HP:0001654,fetal ultrasonography
HP:0040024,fetal ultrasonography
HP:0000283,fetal ultrasonography
HP:0001642,fetal ultrasonography
HP:0012443,fetal ultrasonography
HP:0009826,fetal ultrasonography
HP:0002664,fetal ultrasonography
HP:0001744,fetal ultrasonography
HP:0011407,fetal ultrasonography
HP:0030040,fetal ultrasonography
HP:0001775,fetal ultrasonography
HP:0031564,fetal ultrasonography
HP:0030278,fetal ultrasonography
HP:0012022,fetal ultrasonography
HP:0001441,fetal ultrasonography
HP:0001528,fetal ultrasonography
HP:0030728,fetal ultrasonography
HP:0031585,fetal ultrasonography
HP:0006705,fetal ultrasonography
HP:0040071,fetal ultrasonography
HP:0002032,fetal ultrasonography
HP:0045009,fetal ultrasonography
HP:0011419,fetal ultrasonography
HP:0003043,fetal ultrasonography
HP:0008518,fetal ultrasonography
HP:0000075,fetal ultrasonography
HP:0010315,fetal ultrasonography
HP:0012516,fetal ultrasonography
HP:0010496,fetal ultrasonography
HP:0011626,fetal ultrasonography
HP:0002980,fetal ultrasonography
HP:0030724,fetal ultrasonography
HP:0000003,fetal ultrasonography
HP:0001156,fetal ultrasonography
HP:0011702,fetal ultrasonography
HP:0030028,fetal ultrasonography
HP:0001510,fetal ultrasonography
HP:0005156,fetal ultrasonography
HP:0031634,fetal ultrasonography
HP:0000926,fetal ultrasonography
HP:0001227,fetal ultrasonography
HP:0001692,fetal ultrasonography
HP:0008738,fetal ultrasonography
HP:0007229,fetal ultrasonography
HP:0001669,fetal ultrasonography
HP:0010497,fetal ultrasonography
HP:0011557,fetal ultrasonography
HP:0002139,fetal ultrasonography
HP:0010717,fetal ultrasonography
HP:0002654,fetal ultrasonography
HP:0002002,fetal ultrasonography
HP:0005321,fetal ultrasonography
HP:0100555,fetal ultrasonography
HP:0007206,fetal ultrasonography
HP:0011535,fetal ultrasonography
HP:0010880,fetal ultrasonography
HP:0011615,fetal ultrasonography
HP:0001732,fetal ultrasonography
HP:0010316,fetal ultrasonography
HP:0001437,fetal ultrasonography
HP:0005253,fetal ultrasonography
HP:0001519,fetal ultrasonography
HP:0006487,fetal ultrasonography
HP:0000340,fetal ultrasonography
HP:0000201,fetal ultrasonography
HP:0011565,fetal ultrasonography
HP:0007376,fetal ultrasonography
HP:0000782,fetal ultrasonography
HP:0001747,fetal ultrasonography
HP:0031654,fetal ultrasonography
HP:0004331,fetal ultrasonography
HP:0000910,fetal ultrasonography
HP:0001626,fetal ultrasonography
HP:0002982,fetal ultrasonography
HP:0002937,fetal ultrasonography
HP:0001191,fetal ultrasonography
HP:0030755,fetal ultrasonography
HP:0000104,fetal ultrasonography
HP:0100335,fetal ultrasonography
HP:0000276,fetal ultrasonography
HP:0001832,fetal ultrasonography
HP:0000606,fetal ultrasonography
HP:0005616,fetal ultrasonography
HP:0011660,fetal ultrasonography
HP:0002762,fetal ultrasonography
HP:0010859,fetal ultrasonography
HP:0000385,fetal ultrasonography
HP:0001718,fetal ultrasonography
HP:0011561,fetal ultrasonography
HP:0011537,fetal ultrasonography
HP:0000938,fetal ultrasonography
HP:0000047,fetal ultrasonography
HP:0011651,fetal ultrasonography
HP:0005855,fetal ultrasonography
HP:0000890,fetal ultrasonography
HP:0100559,fetal ultrasonography
HP:0001773,fetal ultrasonography
HP:0001708,fetal ultrasonography
HP:0002752,fetal ultrasonography
HP:0005787,fetal ultrasonography
HP:0002818,fetal ultrasonography
HP:0000463,fetal ultrasonography
HP:0001750,fetal ultrasonography
HP:0002538,fetal ultrasonography
HP:0030655,fetal ultrasonography
HP:0009110,fetal ultrasonography
HP:0001187,fetal ultrasonography
HP:0001663,fetal ultrasonography
HP:0025575,fetal ultrasonography
HP:0000916,fetal ultrasonography
HP:0003521,fetal ultrasonography
HP:0040061,fetal ultrasonography
HP:0002981,fetal ultrasonography
HP:0007058,fetal ultrasonography
HP:0005168,fetal ultrasonography
HP:0000033,fetal ultrasonography
HP:0003826,fetal ultrasonography
HP:0009811,fetal ultrasonography
HP:0002508,fetal ultrasonography
HP:0001223,fetal ultrasonography
HP:0011654,fetal ultrasonography
HP:0200133,fetal ultrasonography
HP:0011570,fetal ultrasonography
HP:0011700,fetal ultrasonography
HP:0040034,fetal ultrasonography
HP:0002009,fetal ultrasonography
HP:0011641,fetal ultrasonography
HP:0011620,fetal ultrasonography
HP:0004934,fetal ultrasonography
HP:0030261,fetal ultrasonography
HP:0000260,fetal ultrasonography
HP:0007082,fetal ultrasonography
HP:0011584,fetal ultrasonography
HP:0011301,fetal ultrasonography
HP:0001539,fetal ultrasonography
HP:0010753,fetal ultrasonography
HP:0001302,fetal ultrasonography
HP:0000363,fetal ultrasonography
HP:0030654,fetal ultrasonography
HP:0000446,fetal ultrasonography
HP:0001161,fetal ultrasonography
HP:0000464,fetal ultrasonography
HP:0003051,fetal ultrasonography
HP:0003019,fetal ultrasonography
HP:0002943,fetal ultrasonography
HP:0000395,fetal ultrasonography
HP:0001842,fetal ultrasonography
HP:0001162,fetal ultrasonography
HP:0002304,fetal ultrasonography
HP:0000904,fetal ultrasonography
HP:0000161,fetal ultrasonography
HP:0001436,fetal ultrasonography
HP:0011603,fetal ultrasonography
HP:0011567,fetal ultrasonography
HP:0000886,fetal ultrasonography
HP:0001171,fetal ultrasonography
HP:0001713,fetal ultrasonography
HP:0100255,fetal ultrasonography
HP:0001245,fetal ultrasonography
HP:0001446,fetal ultrasonography
HP:0001211,fetal ultrasonography
HP:0002079,fetal ultrasonography
HP:0030308,fetal ultrasonography
HP:0004384,fetal ultrasonography
HP:0100499,fetal ultrasonography
HP:0012806,fetal ultrasonography
HP:0000152,fetal ultrasonography
HP:0011559,fetal ultrasonography
HP:0000807,fetal ultrasonography
HP:0000079,fetal ultrasonography
HP:0000474,fetal ultrasonography
HP:0005211,fetal ultrasonography
HP:0009829,fetal ultrasonography
HP:0002512,fetal ultrasonography
HP:0000326,fetal ultrasonography
HP:0011583,fetal ultrasonography
HP:0012021,fetal ultrasonography
HP:0031311,fetal ultrasonography
HP:0002435,fetal ultrasonography
HP:0100558,fetal ultrasonography
HP:0004975,fetal ultrasonography
HP:0012854,fetal ultrasonography
HP:0010884,fetal ultrasonography
HP:0000773,fetal ultrasonography
HP:0002686,fetal ultrasonography
HP:0002803,fetal ultrasonography
HP:0005462,fetal ultrasonography
HP:0002834,fetal ultrasonography
HP:0004930,fetal ultrasonography
HP:0006385,fetal ultrasonography
HP:0100840,fetal ultrasonography
HP:0000072,fetal ultrasonography
HP:0031313,fetal ultrasonography
HP:0000119,fetal ultrasonography
HP:0012732,fetal ultrasonography
HP:0002323,fetal ultrasonography
HP:0005464,fetal ultrasonography
HP:0100359,fetal ultrasonography
HP:0011637,fetal ultrasonography
HP:0001459,fetal ultrasonography
HP:0100569,fetal ultrasonography
HP:0004325,fetal ultrasonography
HP:0000149,fetal ultrasonography
HP:0011716,fetal ultrasonography
HP:0001705,fetal ultrasonography
HP:0000133,fetal ultrasonography
HP:0000927,fetal ultrasonography
HP:0002659,fetal ultrasonography
HP:0001182,fetal ultrasonography
HP:0011592,fetal ultrasonography
HP:0100599,fetal ultrasonography
HP:0001787,fetal ultrasonography
HP:0002933,fetal ultrasonography
HP:0010959,fetal ultrasonography
HP:0008458,fetal ultrasonography
HP:0001704,fetal ultrasonography
HP:0001504,fetal ultrasonography
HP:0012767,fetal ultrasonography
HP:0001653,fetal ultrasonography
HP:0006640,fetal ultrasonography
HP:0004414,fetal ultrasonography
HP:0030311,fetal ultrasonography
HP:0100524,fetal ultrasonography
HP:0011596,fetal ultrasonography
HP:0000262,fetal ultrasonography
HP:0001746,fetal ultrasonography
HP:0002636,fetal ultrasonography
HP:0010477,fetal ultrasonography
HP:0031562,fetal ultrasonography
HP:0001274,fetal ultrasonography
HP:0003013,fetal ultrasonography
HP:0003034,fetal ultrasonography
HP:0011414,fetal ultrasonography
HP:0005850,fetal ultrasonography
HP:0100544,fetal ultrasonography
HP:0031639,fetal ultrasonography
HP:0003305,fetal ultrasonography
HP:0001847,fetal ultrasonography
HP:0010883,fetal ultrasonography
HP:0000150,fetal ultrasonography
HP:0011404,fetal ultrasonography
HP:0012727,fetal ultrasonography
HP:0030290,fetal ultrasonography
HP:0012816,fetal ultrasonography
HP:0025576,fetal ultrasonography
HP:0003049,fetal ultrasonography
HP:0040035,fetal ultrasonography
HP:0012020,fetal ultrasonography
HP:0009813,fetal ultrasonography
HP:0001786,fetal ultrasonography
HP:0001870,fetal ultrasonography
HP:0030719,fetal ultrasonography
HP:0002597,fetal ultrasonography
HP:0000085,fetal ultrasonography
HP:0000248,fetal ultrasonography
HP:0002836,fetal ultrasonography
HP:0100557,fetal ultrasonography
HP:0001495,fetal ultrasonography
HP:0000473,fetal ultrasonography
HP:0011690,fetal ultrasonography
HP:0000931,fetal ultrasonography
HP:0002453,fetal ultrasonography
HP:0100350,fetal ultrasonography
HP:0000301,fetal ultrasonography
HP:0001454,fetal ultrasonography
HP:0004646,fetal ultrasonography
HP:0012711,fetal ultrasonography
HP:0010692,fetal ultrasonography
HP:0002617,fetal ultrasonography
HP:0012853,fetal ultrasonography
HP:0001883,fetal ultrasonography
HP:0001629,fetal ultrasonography
HP:0008873,fetal ultrasonography
HP:0010958,fetal ultrasonography
HP:0001833,fetal ultrasonography
HP:0000396,fetal ultrasonography
HP:0011714,fetal ultrasonography
HP:0030741,fetal ultrasonography
HP:0001763,fetal ultrasonography
HP:0000940,fetal ultrasonography
HP:0005766,fetal ultrasonography
HP:0011639,fetal ultrasonography
HP:0004481,fetal ultrasonography
HP:0002817,fetal ultrasonography
HP:0040048,fetal ultrasonography
HP:0011426,fetal ultrasonography
HP:0000277,fetal ultrasonography
HP:0031297,fetal ultrasonography
HP:0011408,fetal ultrasonography
HP:0011412,fetal ultrasonography
HP:0001650,fetal ultrasonography
HP:0012428,fetal ultrasonography
HP:0002657,fetal ultrasonography
HP:0004275,fetal ultrasonography
HP:0000968,fetal ultrasonography
HP:0010944,fetal ultrasonography
HP:0010308,fetal ultrasonography
HP:0001193,fetal ultrasonography
HP:0001679,fetal ultrasonography
HP:0005659,fetal ultrasonography
HP:0011657,fetal ultrasonography
HP:0001230,fetal ultrasonography
HP:0100307,fetal ultrasonography
HP:0011678,fetal ultrasonography
HP:0011816,fetal ultrasonography
HP:0000337,fetal ultrasonography
HP:0002341,fetal ultrasonography
HP:0040023,fetal ultrasonography
HP:0000078,fetal ultrasonography
HP:0011416,fetal ultrasonography
HP:0011699,fetal ultrasonography
HP:0008110,fetal ultrasonography
HP:0001680,fetal ultrasonography
HP:0011597,fetal ultrasonography
HP:0002416,fetal ultrasonography
HP:0001177,fetal ultrasonography
HP:0006055,fetal ultrasonography
HP:0000923,fetal ultrasonography
HP:0010438,fetal ultrasonography
HP:0002951,fetal ultrasonography
HP:0008589,fetal ultrasonography
HP:0005254,fetal ultrasonography
HP:0040022,fetal ultrasonography
HP:0001511,fetal ultrasonography
HP:0011683,fetal ultrasonography
HP:0001498,fetal ultrasonography
HP:0002666,fetal ultrasonography
HP:0008905,fetal ultrasonography
HP:0000202,fetal ultrasonography
HP:0011285,fetal ultrasonography
HP:0002679,fetal ultrasonography
HP:0100573,fetal ultrasonography
HP:0002996,fetal ultrasonography
HP:0001688,fetal ultrasonography
HP:0000421,fetal ultrasonography
HP:0100349,fetal ultrasonography
HP:0000093,fetal ultrasonography
HP:0005174,fetal ultrasonography
HP:0005984,fetal ultrasonography
HP:0000240,fetal ultrasonography
HP:0031635,fetal ultrasonography
HP:0002089,fetal ultrasonography
HP:0001723,fetal ultrasonography
HP:0000271,fetal ultrasonography
HP:0002035,fetal ultrasonography
HP:0008435,fetal ultrasonography
HP:0008418,fetal ultrasonography
HP:0011574,fetal ultrasonography
HP:0012583,fetal ultrasonography
HP:0010482,fetal ultrasonography
HP:0031640,fetal ultrasonography
HP:0009116,fetal ultrasonography
HP:0040021,fetal ultrasonography
HP:0000586,fetal ultrasonography
HP:0100360,fetal ultrasonography
HP:0002697,fetal ultrasonography
HP:0002627,fetal ultrasonography
HP:0001272,fetal ultrasonography
HP:0012304,fetal ultrasonography
HP:0002350,fetal ultrasonography
HP:0031442,fetal ultrasonography
HP:0000160,fetal ultrasonography
HP:0008081,fetal ultrasonography
HP:0000175,fetal ultrasonography
HP:0011656,fetal ultrasonography
HP:0100354,fetal ultrasonography
HP:0012585,fetal ultrasonography
HP:0000813,fetal ultrasonography
HP:0011718,fetal ultrasonography
HP:0001194,fetal ultrasonography
HP:0002283,fetal ultrasonography
HP:0030280,fetal ultrasonography
HP:0009822,fetal ultrasonography
HP:0001167,fetal ultrasonography
HP:0001305,fetal ultrasonography
HP:0012667,fetal ultrasonography
HP:0002280,fetal ultrasonography
HP:0005178,fetal ultrasonography
HP:0001770,fetal ultrasonography
HP:0001637,fetal ultrasonography
HP:0040025,fetal ultrasonography
HP:0012586,fetal ultrasonography
HP:0001634,fetal ultrasonography
HP:0002986,fetal ultrasonography
HP:0100338,fetal ultrasonography
HP:0011604,fetal ultrasonography
HP:0012703,fetal ultrasonography
HP:0004383,fetal ultrasonography
HP:0000778,fetal ultrasonography
HP:0002669,fetal ultrasonography
HP:0011689,fetal ultrasonography
HP:0008452,fetal ultrasonography
HP:0001991,fetal ultrasonography
HP:0002647,fetal ultrasonography
HP:0100258,fetal ultrasonography
HP:0011995,fetal ultrasonography
HP:0100553,fetal ultrasonography
HP:0000902,fetal ultrasonography
HP:0001848,fetal ultrasonography
HP:0006712,fetal ultrasonography
HP:0000105,fetal ultrasonography
HP:0001885,fetal ultrasonography
HP:0012791,fetal ultrasonography
HP:0007271,fetal ultrasonography
HP:0011613,fetal ultrasonography
HP:0001239,fetal ultrasonography
HP:0011715,fetal ultrasonography
HP:0010460,fetal ultrasonography
HP:0006228,fetal ultrasonography
HP:0001710,fetal ultrasonography
HP:0001547,fetal ultrasonography
HP:0001220,fetal ultrasonography
HP:0011679,fetal ultrasonography
HP:0000235,fetal ultrasonography
HP:0030723,fetal ultrasonography
HP:0030730,fetal ultrasonography
HP:0006703,fetal ultrasonography
HP:0005580,fetal ultrasonography
HP:0100522,fetal ultrasonography
HP:0000772,fetal ultrasonography
HP:0000153,fetal ultrasonography
HP:0000348,fetal ultrasonography
HP:0000946,fetal ultrasonography
HP:0000947,fetal ultrasonography
HP:0100842,fetal ultrasonography
HP:0031296,fetal ultrasonography
HP:0011625,fetal ultrasonography
HP:0031652,fetal ultrasonography
HP:0004890,fetal ultrasonography
HP:0001537,fetal ultrasonography
HP:0001678,fetal ultrasonography
HP:0001551,fetal ultrasonography
HP:0001845,fetal ultrasonography
HP:0001694,fetal ultrasonography
HP:0025168,fetal ultrasonography
HP:0040195,fetal ultrasonography
HP:0005817,fetal ultrasonography
HP:0031441,fetal ultrasonography
HP:0031567,fetal ultrasonography
HP:0004307,fetal ultrasonography
HP:0005612,fetal ultrasonography
HP:0010704,fetal ultrasonography
HP:0012785,fetal ultrasonography
HP:0011286,fetal ultrasonography
HP:0011534,fetal ultrasonography
HP:0031134,fetal ultrasonography
HP:0006690,fetal ultrasonography
HP:0005775,fetal ultrasonography
HP:0001638,fetal ultrasonography
HP:0003247,fetal ultrasonography
HP:0001469,fetal ultrasonography
HP:0011723,fetal ultrasonography
HP:0001543,fetal ultrasonography
HP:0011701,fetal ultrasonography
HP:0001320,fetal ultrasonography
HP:0000929,fetal ultrasonography
HP:0001831,fetal ultrasonography
HP:0000470,fetal ultrasonography
HP:0011550,fetal ultrasonography
HP:0009118,fetal ultrasonography
HP:0000973,fetal ultrasonography
HP:0001717,fetal ultrasonography
HP:0002246,fetal ultrasonography
HP:0001555,fetal ultrasonography
HP:0004487,fetal ultrasonography
HP:0000391,fetal ultrasonography
HP:0009812,fetal ultrasonography
HP:0000290,fetal ultrasonography
HP:0011722,fetal ultrasonography
HP:0011544,fetal ultrasonography
HP:0001181,fetal ultrasonography
HP:0002084,fetal ultrasonography
HP:0011618,fetal ultrasonography
HP:0002365,fetal ultrasonography
HP:0031932,fetal ultrasonography
HP:0200127,fetal ultrasonography
HP:0011541,fetal ultrasonography
HP:0005134,fetal ultrasonography
HP:0010691,fetal ultrasonography
HP:0011546,fetal ultrasonography
HP:0001342,fetal ultrasonography
HP:0001445,fetal ultrasonography
HP:0001562,fetal ultrasonography
HP:0011915,fetal ultrasonography
HP:0003020,fetal ultrasonography
HP:0002938,fetal ultrasonography
HP:0011415,fetal ultrasonography
HP:0004057,fetal ultrasonography
HP:0011582,fetal ultrasonography
HP:0000447,fetal ultrasonography
HP:0004962,fetal ultrasonography
HP:0011643,fetal ultrasonography
HP:0010495,fetal ultrasonography
HP:0030962,fetal ultrasonography
HP:0031574,fetal ultrasonography
HP:0001319,fetal ultrasonography
HP:0031121,fetal ultrasonography
HP:0002335,fetal ultrasonography
HP:0100542,fetal ultrasonography
HP:0002614,fetal ultrasonography
HP:0100560,fetal ultrasonography
HP:0000358,fetal ultrasonography
HP:0000811,fetal ultrasonography
HP:0001719,fetal ultrasonography
HP:0001659,fetal ultrasonography
HP:0001769,fetal ultrasonography
HP:0010446,fetal ultrasonography
HP:0002536,fetal ultrasonography
HP:0010442,fetal ultrasonography
HP:0001737,fetal ultrasonography
HP:0030716,fetal ultrasonography
HP:0031570,fetal ultrasonography
HP:0011719,fetal ultrasonography
HP:0000800,fetal ultrasonography
HP:0003510,fetal ultrasonography
HP:0011650,fetal ultrasonography
HP:0000050,fetal ultrasonography
HP:0004059,fetal ultrasonography
HP:0001840,fetal ultrasonography
HP:0005213,fetal ultrasonography
HP:0008551,fetal ultrasonography
HP:0100336,fetal ultrasonography
HP:0031301,fetal ultrasonography
HP:0002244,fetal ultrasonography
HP:0011843,fetal ultrasonography
HP:0001682,fetal ultrasonography
HP:0200017,fetal ultrasonography
HP:0002324,fetal ultrasonography
HP:0011676,fetal ultrasonography
HP:0030282,fetal ultrasonography
HP:0011674,fetal ultrasonography
HP:0000378,fetal ultrasonography
HP:0031650,fetal ultrasonography
HP:0007099,fetal ultrasonography
HP:0005772,fetal ultrasonography
HP:0001849,fetal ultrasonography
HP:0002023,fetal ultrasonography
HP:0011653,fetal ultrasonography
HP:0001464,fetal ultrasonography
HP:0005182,fetal ultrasonography
HP:0100356,fetal ultrasonography
HP:0000331,fetal ultrasonography
HP:0002751,fetal ultrasonography
HP:0009823,fetal ultrasonography
HP:0010483,fetal ultrasonography
HP:0031119,fetal ultrasonography
HP:0030735,fetal ultrasonography
HP:0012766,fetal ultrasonography
HP:0001636,fetal ultrasonography
HP:0006888,fetal ultrasonography
HP:0008434,fetal ultrasonography
HP:0010961,fetal ultrasonography
HP:0006596,fetal ultrasonography
HP:0002188,fetal ultrasonography
HP:0000037,fetal ultrasonography
HP:0031656,fetal ultrasonography
HP:0031142,fetal ultrasonography
HP:0000444,fetal ultrasonography
HP:0031565,fetal ultrasonography
HP:0000939,fetal ultrasonography
HP:0004797,fetal ultrasonography
HP:0011623,fetal ultrasonography
HP:0002945,fetal ultrasonography
HP:0000343,fetal ultrasonography
HP:0002804,fetal ultrasonography
HP:0006367,fetal ultrasonography
HP:0004558,fetal ultrasonography
HP:0100556,fetal ultrasonography
HP:0006597,fetal ultrasonography
HP:0012663,fetal ultrasonography
HP:0011538,fetal ultrasonography
HP:0011577,fetal ultrasonography
HP:0003300,fetal ultrasonography
HP:0012665,fetal ultrasonography
HP:0040196,fetal ultrasonography
HP:0004058,fetal ultrasonography
HP:0002143,fetal ultrasonography
HP:0012739,fetal ultrasonography
HP:0008771,fetal ultrasonography
HP:0011599,fetal ultrasonography
HP:0005170,fetal ultrasonography
HP:0100572,fetal ultrasonography
HP:0000935,fetal ultrasonography
HP:0002269,fetal ultrasonography
HP:0006603,fetal ultrasonography
HP:0002979,fetal ultrasonography
HP:0009556,fetal ultrasonography
HP:0010689,fetal ultrasonography
HP:0100334,fetal ultrasonography
HP:0031140,fetal ultrasonography
HP:0000316,fetal ultrasonography
HP:0000475,fetal ultrasonography
HP:0002415,fetal ultrasonography
HP:0011566,fetal ultrasonography
HP:0030733,fetal ultrasonography
HP:0001838,fetal ultrasonography
HP:0006695,fetal ultrasonography
HP:0000036,fetal ultrasonography
HP:0001558,fetal ultrasonography
HP:0009972,fetal ultrasonography
HP:0001395,fetal ultrasonography
HP:0011130,fetal ultrasonography
HP:0011480,fetal ultrasonography
HP:0001225,fetal ultrasonography
HP:0000944,fetal ultrasonography
HP:0000414,fetal ultrasonography
HP:0430021,fetal ultrasonography
HP:0008501,fetal ultrasonography
HP:0010942,fetal ultrasonography
HP:0010774,fetal ultrasonography
HP:0012793,fetal ultrasonography
HP:0012770,fetal ultrasonography
HP:0002612,fetal ultrasonography
HP:0005165,fetal ultrasonography
HP:0001633,fetal ultrasonography
HP:0040045,fetal ultrasonography
HP:0011591,fetal ultrasonography
HP:0001631,fetal ultrasonography
HP:0002539,fetal ultrasonography
HP:0000366,fetal ultrasonography
HP:0012151,fetal ultrasonography
HP:0040069,fetal ultrasonography
HP:0005815,fetal ultrasonography
HP:0000384,fetal ultrasonography
HP:0001836,fetal ultrasonography
HP:0000253,fetal ultrasonography
HP:0011576,fetal ultrasonography
HP:0011284,fetal ultrasonography
HP:0002944,fetal ultrasonography
HP:0008459,fetal ultrasonography
HP:0001734,fetal ultrasonography
HP:0012582,fetal ultrasonography
HP:0000888,fetal ultrasonography
HP:0006402,fetal ultrasonography
HP:0031143,fetal ultrasonography
HP:0002144,fetal ultrasonography
HP:0002250,fetal ultrasonography
HP:0004442,fetal ultrasonography
HP:0004592,fetal ultrasonography
HP:0010963,fetal ultrasonography
HP:0040044,fetal ultrasonography
HP:0031578,fetal ultrasonography
HP:0040008,fetal ultrasonography
HP:0002676,fetal ultrasonography
HP:0000568,fetal ultrasonography
HP:0001785,fetal ultrasonography
HP:0008437,fetal ultrasonography
HP:0000112,fetal ultrasonography
HP:0004322,fetal ultrasonography
HP:0010705,fetal ultrasonography
HP:0100860,fetal ultrasonography
HP:0002135,fetal ultrasonography
HP:0002642,fetal ultrasonography
HP:0001468,fetal ultrasonography
HP:0009824,fetal ultrasonography
HP:0100043,fetal ultrasonography
HP:0001837,fetal ultrasonography
HP:0012444,fetal ultrasonography
HP:0004991,fetal ultrasonography
HP:0000766,fetal ultrasonography
HP:0010878,fetal ultrasonography
HP:0005099,fetal ultrasonography
HP:0001886,fetal ultrasonography
HP:0010752,fetal ultrasonography
HP:0011696,fetal ultrasonography
HP:0011403,fetal ultrasonography
HP:0011610,fetal ultrasonography
HP:0006507,fetal ultrasonography
HP:0001859,fetal ultrasonography
HP:0012774,fetal ultrasonography
HP:0031638,fetal ultrasonography
HP:0000244,fetal ultrasonography
HP:0003053,fetal ultrasonography
HP:0004557,fetal ultrasonography
HP:0001248,fetal ultrasonography
HP:0008438,fetal ultrasonography
HP:0001830,fetal ultrasonography
HP:0002282,fetal ultrasonography
HP:0009971,fetal ultrasonography
HP:0002000,fetal ultrasonography
HP:0030658,fetal ultrasonography
HP:0001782,fetal ultrasonography
HP:0000776,fetal ultrasonography
HP:0001541,fetal ultrasonography
HP:0011558,fetal ultrasonography
HP:0004974,fetal ultrasonography
HP:0002092,fetal ultrasonography
HP:0008451,fetal ultrasonography
HP:0011579,fetal ultrasonography
HP:0011720,fetal ultrasonography
HP:0025024,fetal ultrasonography
HP:0011685,fetal ultrasonography
HP:0031043,fetal ultrasonography
HP:0001188,fetal ultrasonography
HP:0002644,fetal ultrasonography
HP:0001791,fetal ultrasonography
HP:0006383,fetal ultrasonography
HP:0003025,fetal ultrasonography
HP:0001660,fetal ultrasonography
HP:0002987,fetal ultrasonography
HP:0011598,fetal ultrasonography
HP:0001373,fetal ultrasonography
HP:0000243,fetal ultrasonography
HP:0011652,fetal ultrasonography
HP:0003987,fetal ultrasonography
HP:0011682,fetal ultrasonography
HP:0003028,fetal ultrasonography
HP:0031122,fetal ultrasonography
HP:0008465,fetal ultrasonography
HP:0009942,fetal ultrasonography
HP:0002667,fetal ultrasonography
HP:0000951,fetal ultrasonography
HP:0030737,fetal ultrasonography
HP:0001560,fetal ultrasonography
HP:0031299,fetal ultrasonography
HP:0005172,fetal ultrasonography
HP:0004619,fetal ultrasonography
HP:0031581,fetal ultrasonography
HP:0025194,fetal ultrasonography
HP:0025195,fetal ultrasonography
